/* Insert values to asana table */
INSERT INTO `asana`
(`id`,`created_time`,`image`,`last_modified_time`,`name`,`created_by`,`last_modified_by`)
VALUES (1,NULL,'Uttanasana-II.PNG',NULL,'Uttanasana-II',NULL,NULL),
(2,NULL,'Padapasha Parshvottanasana.PNG',NULL,'Padapasha Parshvottanasana',NULL,NULL),
(3,NULL,'Adhomukh Tittibhasana.PNG',NULL,'Adhomukh Tittibhasana',NULL,NULL),
(4,NULL,'Kardalikasana-I.PNG',NULL,'Kardalikasana-I',NULL,NULL),
(5,NULL,'Urdhvamukha Tittibhasana.PNG',NULL,'Urdhvamukha Tittibhasana',NULL,NULL),
(6,NULL,'Malayasana.PNG',NULL,'Malayasana',NULL,NULL),
(7,NULL,'Prasarit-pash padottanasana.PNG',NULL,'Prasarit-pash padottanasana',NULL,NULL),
(8,NULL,'Skandha-Pada Adhomukh-Shwanasana.PNG',NULL,'Skandha-Pada Adhomukh-Shwanasana',NULL,NULL),
(9,NULL,'Kardalikasana-II.PNG',NULL,'Kardalikasana-II',NULL,NULL),
(10,NULL,'Sheersha-Kurmasana.PNG',NULL,'Sheersha-Kurmasana',NULL,NULL),
(11,NULL,'Parshvottanasana.PNG',NULL,'Parshvottanasana',NULL,NULL),
(12,NULL,'Put-Pada Shwanasana.PNG',NULL,'Put-Pada Shwanasana',NULL,NULL),
(13,NULL,'Paripurna-Tittibhasana.PNG',NULL,'Paripurna-Tittibhasana',NULL,NULL),
(14,NULL,'Panavasana.PNG',NULL,'Panavasana',NULL,NULL),
(15,NULL,'Adhomukh-Skandhapadasana.PNG',NULL,'Adhomukh-Skandhapadasana',NULL,NULL),
(16,NULL,'Prasarit Padottanasana-1.PNG',NULL,'Prasarit Padottanasana-1',NULL,NULL),
(17,NULL,'Prapada-Uttana Prushthasana.PNG',NULL,'Prapada-Uttana Prushthasana',NULL,NULL),
(18,NULL,'Suptakonasana.PNG',NULL,'Suptakonasana',NULL,NULL),
(19,NULL,'Ardha Baddha Padmottanasana.PNG',NULL,'Ardha Baddha Padmottanasana',NULL,NULL),
(20,NULL,'Utthit-Padamula Tittibhasana.PNG',NULL,'Utthit-Padamula Tittibhasana',NULL,NULL),
(21,NULL,'Prasarit Padottanasana-2.PNG',NULL,'Prasarit Padottanasana-2',NULL,NULL),
(22,NULL,'Padahastottanasana.PNG',NULL,'Padahastottanasana',NULL,NULL),
(23,NULL,'Samatvasana.PNG',NULL,'Samatvasana',NULL,NULL),
(24,NULL,'Skandha-Pada Dandasan.PNG',NULL,'Skandha-Pada Dandasan',NULL,NULL),
(25,NULL,'Shatapadyasana.PNG',NULL,'Shatapadyasana',NULL,NULL),
(26,NULL,'Paschimottanasana.png',NULL,'Paschimottanasana',NULL,NULL),
(27,NULL,'Upavishta- Konasana.PNG',NULL,'Upavishta- Konasana',NULL,NULL),
(28,NULL,'Saralahasta-Pinda-Padmasana.PNG',NULL,'Saralahasta-Pinda-Padmasana',NULL,NULL),
(29,NULL,'Urdhvamukha-Paschimottanasana-1.PNG',NULL,'Urdhvamukha-Paschimottanasana-1',NULL,NULL),
(30,NULL,'Supta Tittibhasana.PNG',NULL,'Supta Tittibhasana',NULL,NULL),
(31,NULL,'Halasana.png',NULL,'Halasana',NULL,NULL),
(32,NULL,'Krounchasana.PNG',NULL,'Krounchasana',NULL,NULL),
(33,NULL,'Karna-Peedasana.PNG',NULL,'Karna-Peedasana',NULL,NULL),
(34,NULL,'Timayasana.PNG',NULL,'Timayasana',NULL,NULL),
(35,NULL,'Utthit-Ekpada-Hasta-Prushtasana.PNG',NULL,'Utthit-Ekpada-Hasta-Prushtasana',NULL,NULL),
(36,NULL,'Ardha-baddha-Padma-Paschimottanasan.png',NULL,'Ardha-baddha-Padma-Paschimottanasan',NULL,NULL),
(37,NULL,'Salamb Sarvangasana-1.PNG',NULL,'Salamb Sarvangasana-1',NULL,NULL),
(38,NULL,'Baddha-Viparit Kurmasana.PNG',NULL,'Baddha-Viparit Kurmasana',NULL,NULL),
(39,NULL,'Parshva-Pindasana-Yukta-Sarvangasana.PNG',NULL,'Parshva-Pindasana-Yukta-Sarvangasana',NULL,NULL),
(40,NULL,'Yoga-Nidrasana.PNG',NULL,'Yoga-Nidrasana',NULL,NULL),
(41,NULL,'Maricchyasana-1.png',NULL,'Maricchyasana-1',NULL,NULL),
(42,NULL,'Marichyasana-2.PNG',NULL,'Marichyasana-2',NULL,NULL),
(43,NULL,'Pindasanayukta-Sarvangasana.PNG',NULL,'Pindasanayukta-Sarvangasana',NULL,NULL),
(44,NULL,'Urdhva-Padapadma-Sarvangasan.PNG',NULL,'Urdhva-Padapadma-Sarvangasan',NULL,NULL),
(45,NULL,'Saraghasana.PNG',NULL,'Saraghasana',NULL,NULL),
(46,NULL,'Skandasan-I.PNG',NULL,'Skandasan-I',NULL,NULL),
(47,NULL,'Urdhavamukha-Paschimottanasana-2.PNG',NULL,'Urdhavamukha-Paschimottanasana-2',NULL,NULL),
(48,NULL,'Bhrunasana.PNG',NULL,'Bhrunasana',NULL,NULL),
(49,NULL,'Ramadootasana.PNG',NULL,'Ramadootasana',NULL,NULL),
(50,NULL,'Pingalasana.PNG',NULL,'Pingalasana',NULL,NULL),
(51,NULL,'Ardha-Chandrasana.PNG',NULL,'Ardha-Chandrasana',NULL,NULL),
(52,NULL,'Nandighoshasana.PNG',NULL,'Nandighoshasana',NULL,NULL),
(53,NULL,'Tryanga-Mukhotanasana.PNG',NULL,'Tryanga-Mukhotanasana',NULL,NULL),
(54,NULL,'Eka-Pada-Urdhva-Dand-Dhanurasana.PNG',NULL,'Eka-Pada-Urdhva-Dand-Dhanurasana',NULL,NULL),
(55,NULL,'Urabhrasana.PNG',NULL,'Urabhrasana',NULL,NULL),
(56,NULL,'Bheemasana.png',NULL,'Bheemasana',NULL,NULL),
(57,NULL,'Veernilasana.PNG',NULL,'Veernilasana',NULL,NULL),
(58,NULL,'Sooryanamaskarasana.PNG',NULL,'Sooryanamaskarasana',NULL,NULL),
(59,NULL,'Mahakarnasana.PNG',NULL,'Mahakarnasana',NULL,NULL),
(60,NULL,'Mahaneelasana.PNG',NULL,'Mahaneelasana',NULL,NULL),
(61,NULL,'Chamatkarasana.png',NULL,'Chamatkarasana',NULL,NULL),
(62,NULL,'Darukasana.PNG',NULL,'Darukasana',NULL,NULL),
(63,NULL,'Poorna-Chakrasana.PNG',NULL,'Poorna-Chakrasana',NULL,NULL),
(64,NULL,'Konarkasana.PNG',NULL,'Konarkasana',NULL,NULL),
(65,NULL,'Dimbasana.PNG',NULL,'Dimbasana',NULL,NULL),
(66,NULL,'Chitroshtakasana.PNG',NULL,'Chitroshtakasana',NULL,NULL),
(67,NULL,'Gajananasana.PNG',NULL,'Gajananasana',NULL,NULL),
(68,NULL,'Chakra-Garudasana.PNG',NULL,'Chakra-Garudasana',NULL,NULL),
(69,NULL,'Eka-Pada-Lambakona-Chakrasana.PNG',NULL,'Eka-Pada-Lambakona-Chakrasana',NULL,NULL),
(70,NULL,'Dhwaja Dwarasana.PNG',NULL,'Dhwaja Dwarasana',NULL,NULL),
(71,NULL,'Eka-Pada-Setubandha-chakrasana.png',NULL,'Eka-Pada-Setubandha-chakrasana',NULL,NULL),
(72,NULL,'Girijasana.PNG',NULL,'Girijasana',NULL,NULL),
(73,NULL,'Chakravyuvhasana.PNG',NULL,'Chakravyuvhasana',NULL,NULL),
(74,NULL,'Kambalasana.PNG',NULL,'Kambalasana',NULL,NULL),
(75,NULL,'Kosha Krumikasana.PNG',NULL,'Kosha Krumikasana',NULL,NULL),
(76,NULL,'Ushtrasana.PNG',NULL,'Ushtrasana',NULL,NULL),
(77,NULL,'Laghu-Vajrasana.PNG',NULL,'Laghu-Vajrasana',NULL,NULL),
(78,NULL,'Purna-Chakrabandhasana.PNG',NULL,'Purna-Chakrabandhasana',NULL,NULL),
(79,NULL,'Shankhapalasana.PNG',NULL,'Shankhapalasana',NULL,NULL),
(80,NULL,'Chitrapatangasana.PNG',NULL,'Chitrapatangasana',NULL,NULL),
(81,NULL,'Ekapada-Rajakapotanasan-3.PNG',NULL,'Ekapada-Rajakapotanasan-3',NULL,NULL),
(82,NULL,'Govardhanasana.PNG',NULL,'Govardhanasana',NULL,NULL),
(83,NULL,'Ardha-Kapota-Vamadevasana.PNG',NULL,'Ardha-Kapota-Vamadevasana',NULL,NULL),
(84,NULL,'Ekapada-Viparit-Shalbasana.PNG',NULL,'Ekapada-Viparit-Shalbasana',NULL,NULL),
(85,NULL,'Mriga-Mukhasana.PNG',NULL,'Mriga-Mukhasana',NULL,NULL),
(86,NULL,'Sharangasana.PNG',NULL,'Sharangasana',NULL,NULL),
(87,NULL,'Mahaveerasana.PNG',NULL,'Mahaveerasana',NULL,NULL),
(88,NULL,'Vayuputrasana.PNG',NULL,'Vayuputrasana',NULL,NULL),
(89,NULL,'Sugreevasana.PNG',NULL,'Sugreevasana',NULL,NULL),
(90,NULL,'Viparita-Valkhilyasana.PNG',NULL,'Viparita-Valkhilyasana',NULL,NULL),
(91,NULL,'Ekapada-Viparit-Dandasana-1.PNG',NULL,'Ekapada-Viparit-Dandasana-1 ',NULL,NULL),
(92,NULL,'Padmanabhasana.PNG',NULL,'Padmanabhasana',NULL,NULL),
(93,NULL,'Padangushtha-Dhanurasana.PNG',NULL,'Padangushtha-Dhanurasana',NULL,NULL),
(94,NULL,'Padma-Jhashasana.PNG',NULL,'Padma-Jhashasana',NULL,NULL),
(95,NULL,'Prajaktasana.PNG',NULL,'Prajaktasana',NULL,NULL),
(96,NULL,'Shivadhanushyasana.PNG',NULL,'Shivadhanushyasana',NULL,NULL),
(97,NULL,'Poorna-Matsyasana.PNG',NULL,'Poorna-Matsyasana',NULL,NULL),
(98,NULL,'Gandabherundasana.PNG',NULL,'Gandabherundasana',NULL,NULL),
(99,NULL,'Supta-Dimbasana.PNG',NULL,'Supta-Dimbasana',NULL,NULL),
(100,NULL,'Vibhakta-Viparita-Shalabhasana.PNG',NULL,'Vibhakta-Viparita-Shalabhasana',NULL,NULL),
(101,NULL,'Parivritta-Padmasana.PNG',NULL,'Parivritta-Padmasana',NULL,NULL),
(102,NULL,'Pariviritta-Janu-Shirshasana.PNG',NULL,'Pariviritta-Janu-Shirshasana',NULL,NULL),
(103,NULL,'Ardha-Matsyendrasana.PNG',NULL,'Ardha-Matsyendrasana',NULL,NULL),
(104,NULL,'Parivritta-Ramadootasana.PNG',NULL,'Parivritta-Ramadootasana',NULL,NULL),
(105,NULL,'Parivritta Upavishta-Konasana.PNG',NULL,'Parivritta Upavishta-Konasana',NULL,NULL),
(106,NULL,'Ardha-Matsyendrasana - IV.PNG',NULL,'Ardha-Matsyendrasana - IV',NULL,NULL),
(107,NULL,'Shoolpashasana.PNG',NULL,'Shoolpashasana',NULL,NULL),
(108,NULL,'Kesarisutasana.PNG',NULL,'Kesarisutasana',NULL,NULL),
(109,NULL,'Parivritta-Ushtrasana.PNG',NULL,'Parivritta-Ushtrasana',NULL,NULL),
(110,NULL,'Katipada-Matsyendrasana.PNG',NULL,'Katipada-Matsyendrasana',NULL,NULL),
(111,NULL,'Parighasana.PNG',NULL,'Parighasana',NULL,NULL),
(112,NULL,'Maricchyasana-III.PNG',NULL,'Maricchyasana-III',NULL,NULL),
(113,NULL,'Parivritta-Paschimottanasana.PNG',NULL,'Parivritta-Paschimottanasana',NULL,NULL),
(114,NULL,'Marichyasana - 4.PNG',NULL,'Marichyasana - 4',NULL,NULL),
(115,NULL,'Parivritta-Eka-Pada-Shirasana.PNG',NULL,'Parivritta-Eka-Pada-Shirasana',NULL,NULL),
(116,NULL,'Ranaveerasana.png',NULL,'Ranaveerasana',NULL,NULL),
(117,NULL,'Uddalakasana.PNG',NULL,'Uddalakasana',NULL,NULL),
(118,NULL,'Trishoolpashasana.PNG',NULL,'Trishoolpashasana',NULL,NULL),
(119,NULL,'Ardha-Padma-Shoolpashasana.PNG',NULL,'Ardha-Padma-Shoolpashasana',NULL,NULL),
(120,NULL,'Pushpadantasana.PNG',NULL,'Pushpadantasana',NULL,NULL),
(121,NULL,'Baddhapada-Matsendrasana.png',NULL,'Baddhapada-Matsendrasana',NULL,NULL),
(122,NULL,'Amit-Vikramasana.PNG',NULL,'Amit-Vikramasana',NULL,NULL),
(123,NULL,'Padaputa-Parivritta-Janu-Shirasana.PNG',NULL,'Padaputa-Parivritta-Janu-Shirasana',NULL,NULL),
(124,NULL,'Paripurna-Matsyendrasana.PNG',NULL,'Paripurna-Matsyendrasana',NULL,NULL),
(125,NULL,'Utthit-Pada-Parivritta-Janu-Shirasana.PNG',NULL,'Utthit-Pada-Parivritta-Janu-Shirasana',NULL,NULL),
(126,NULL,'Parivrutta-Namanasana.PNG',NULL,'Parivrutta-Namanasana',NULL,NULL),
(127,NULL,'Shrugalasana.PNG',NULL,'Shrugalasana',NULL,NULL),
(128,NULL,'Parivritta-Uttanasana.PNG',NULL,'Parivritta-Uttanasana',NULL,NULL),
(129,NULL,'Maroodasana-1.PNG',NULL,'Maroodasana-1',NULL,NULL),
(130,NULL,'Malayasana-I.PNG',NULL,'Malayasana-1',NULL,NULL),
(131,NULL,'Himavanasana.png',NULL,'Himavanasana',NULL,NULL),
(132,NULL,'Baddha-Parivritta-Parshva-Konasana.PNG',NULL,'Baddha-Parivritta-Parshva-Konasana',NULL,NULL),
(133,NULL,'Mahendrasana.PNG',NULL,'Mahendrasana',NULL,NULL),
(134,NULL,'Kanchangangasana.PNG',NULL,'Kanchangangasana',NULL,NULL),
(135,NULL,'Kailasasana.PNG',NULL,'Kailasasana',NULL,NULL),
(136,NULL,'Parivritta-Utkatasan.png',NULL,'Parivritta-Utkatasan',NULL,NULL),
(137,NULL,'Baddhapada-Parivrutta-Upveshasana.PNG',NULL,'Baddhapada-Parivrutta-Upveshasana',NULL,NULL),
(138,NULL,'Angushta-Padottanasana.PNG',NULL,'Angushta-Padottanasana',NULL,NULL),
(139,NULL,'Maheshwarasana.PNG',NULL,'Maheshwarasana',NULL,NULL),
(140,NULL,'Parivritta-Vishwamitrasana.PNG',NULL,'Parivritta-Vishwamitrasana',NULL,NULL),
(141,NULL,'Parivritta-Parshva-Konasana.png',NULL,'Parivritta-Parshva-Konasana',NULL,NULL),
(142,NULL,'Parivritta-Trikonasana.PNG',NULL,'Parivritta-Trikonasana',NULL,NULL),
(143,NULL,'Ardhapadma-Parivritta-Parighasana.PNG',NULL,'Ardhapadma-Parivritta-Parighasana',NULL,NULL),
(144,NULL,'Nishigandhasana.PNG',NULL,'Nishigandhasana',NULL,NULL),
(145,NULL,'Putpada-Vishwamitrasana.PNG',NULL,'Putpada-Vishwamitrasana',NULL,NULL),
(146,NULL,'Vindhyasana.png',NULL,'Vindhyasana',NULL,NULL),
(147,NULL,'Parivritta-Padottanasana.PNG',NULL,'Parivritta-Padottanasana',NULL,NULL),
(148,NULL,'Parivritta-Kallyasana.PNG',NULL,'Parivritta-Kallyasana',NULL,NULL),
(149,NULL,'Parshva-Kallyasana.PNG',NULL,'Parshva-Kallyasana',NULL,NULL),
(150,NULL,'Vetalasana.PNG',NULL,'Vetalasana',NULL,NULL),
(151,NULL,'Saral-Natrajasan.PNG',NULL,'Saral-Natrajasan',NULL,NULL),
(152,NULL,'Natarajasana.PNG',NULL,'Natarajasana',NULL,NULL),
(153,NULL,'Dwihastapada-Natarajasana.PNG',NULL,'Dwihastapada-Natarajasana',NULL,NULL),
(154,NULL,'Urdhvamukha-Veerabhadrasana.PNG',NULL,'Urdhvamukha-Veerabhadrasana',NULL,NULL),
(155,NULL,'Kunjarasana.PNG',NULL,'Kunjarasana',NULL,NULL),
(156,NULL,'Hastapada-Lasyasana.PNG',NULL,'Hastapada-Lasyasana',NULL,NULL),
(157,NULL,'Muktahast-Marutsakhasana.PNG',NULL,'Muktahast-Marutsakhasana',NULL,NULL),
(158,NULL,'Anta-Gulfa-Hasta-Natarajasana.PNG',NULL,'Anta-Gulfa-Hasta-Natarajasana',NULL,NULL),
(159,NULL,'Greevapada-Natarajasana.PNG',NULL,'Greevapada-Natarajasana',NULL,NULL),
(160,NULL,'Viparit-Dandayaman-Tripurasana.PNG',NULL,'Viparit-Dandayaman-Tripurasana',NULL,NULL),
(161,NULL,'Baddha-Natrajasana.PNG',NULL,'Baddha-Natrajasana',NULL,NULL),
(162,NULL,'Lasya-Natrajasana.PNG',NULL,'Lasya-Natrajasana',NULL,NULL),
(163,NULL,'Yoganandasana.PNG',NULL,'Yoganandasana',NULL,NULL),
(164,NULL,'Sundara-Vimanasana.PNG',NULL,'Sundara-Vimanasana',NULL,NULL),
(165,NULL,'Vamdeva-Tripurasana.PNG',NULL,'Vamdeva-Tripurasana',NULL,NULL),
(166,NULL,'Hastanka-Lasyasana.PNG',NULL,'Hastanka-Lasyasana',NULL,NULL),
(167,NULL,'Raj-Vimanasana.PNG',NULL,'Raj-Vimanasana',NULL,NULL),
(168,NULL,'Shikhapada-Natrajasana.PNG',NULL,'Shikhapada-Natrajasana',NULL,NULL),
(169,NULL,'Pratyanchyasana.PNG',NULL,'Pratyanchyasana',NULL,NULL),
(170,NULL,'Ekapada-Tryanga-Mukhottanasan.PNG',NULL,'Ekapada-Tryanga-Mukhottanasan',NULL,NULL),
(171,NULL,'Pratiruddhasana.PNG',NULL,'Pratiruddhasana',NULL,NULL),
(172,NULL,'Vayu-Rathasana.PNG',NULL,'Vayu-Rathasana',NULL,NULL),
(173,NULL,'Skandhapada-Natrajasana.PNG',NULL,'Skandhapada-Natrajasana',NULL,NULL),
(174,NULL,'Tandavasana.PNG',NULL,'Tandavasana',NULL,NULL),
(175,NULL,'Mohini-Astrasana.PNG',NULL,'Mohini-Astrasana',NULL,NULL),
(176,NULL,'Urdhva-Prasarita-Lambakonasana.PNG',NULL,'Urdhva-Prasarita-Lambakonasana',NULL,NULL),
(177,NULL,'Dandayamana-Janushirasana.PNG',NULL,'Dandayamana-Janushirasana',NULL,NULL),
(178,NULL,'Dhwajadandasana.PNG',NULL,'Dhwajadandasana',NULL,NULL),
(179,NULL,'Ruchikasana-2.PNG',NULL,'Ruchikasana-2',NULL,NULL),
(180,NULL,'Muktahasta-Trivikramasana.PNG',NULL,'Muktahasta-Trivikramasana',NULL,NULL),
(181,NULL,'Swarga-Dwijasana.PNG',NULL,'Swarga-Dwijasana',NULL,NULL),
(182,NULL,'Veerbhandrasana-III.PNG',NULL,'Veerbhandrasana-III',NULL,NULL),
(183,NULL,'Parivrutta-Baddha-Ardhachandrasana.PNG',NULL,'Parivrutta-Baddha-Ardhachandrasana',NULL,NULL),
(184,NULL,'Vamanasana.PNG',NULL,'Vamanasana',NULL,NULL),
(185,NULL,'Urdhva-Prasarit-Eipadasana - II.PNG',NULL,'Urdhva-Prasarit-Eipadasana-II',NULL,NULL),
(186,NULL,'Pasha-Lamba-Konasana.PNG',NULL,'Pasha-Lamba-Konasana',NULL,NULL),
(187,NULL,'Parivrutta-Swarga-Dwijasana.PNG',NULL,'Parivrutta-Swarga-Dwijasana',NULL,NULL),
(188,NULL,'Uttkata-Dandayamana-Janushirasana.PNG',NULL,'Uttkata-Dandayamana-Janushirasana',NULL,NULL),
(189,NULL,'Pakshikasana.PNG',NULL,'Pakshikasana',NULL,NULL),
(190,NULL,'Kanishasana.PNG',NULL,'Kanishasana',NULL,NULL),
(191,NULL,'Garudasana.PNG',NULL,'Garudasana',NULL,NULL),
(192,NULL,'Pashstrasana.PNG',NULL,'Pashstrasana',NULL,NULL),
(193,NULL,'Niralamba-Vatayanasana.PNG',NULL,'Niralamba-Vatayanasana',NULL,NULL),
(194,NULL,'Sankhyasana.PNG',NULL,'Sankhyasana',NULL,NULL),
(195,NULL,'Trishoolasana.PNG',NULL,'Trishoolasana',NULL,NULL),
(196,NULL,'Vrukshasana(Namaskara).PNG',NULL,'Vrukshasana(Namaskara)',NULL,NULL),
(197,NULL,'Pushpakasana.PNG',NULL,'Pushpakasana',NULL,NULL),
(198,NULL,'Garuda-Vimanasana.PNG',NULL,'Garuda-Vimanasana',NULL,NULL),
(199,NULL,'Bhingyasana.PNG',NULL,'Bhingyasana',NULL,NULL),
(200,NULL,'Sarasasana.PNG',NULL,'Sarasasana',NULL,NULL),
(201,NULL,'Brahmacharyasana.png',NULL,'Brahmacharyasana',NULL,NULL),
(202,NULL,'Urdhva-Kukkutasana.PNG',NULL,'Urdhva-Kukkutasana',NULL,NULL),
(203,NULL,'Adhomukh-Vrukshasana.PNG',NULL,'Adhomukh-Vrukshasana',NULL,NULL),
(204,NULL,'Dand-Tolan-Paschimottanasana.PNG',NULL,'Dand-Tolan-Paschimottanasana',NULL,NULL),
(205,NULL,'Urdhvamukha-Hasta-Padmasana.PNG',NULL,'Urdhvamukha-Hasta-Padmasana',NULL,NULL),
(206,NULL,'Kukkutasana.PNG',NULL,'Kukkutasana',NULL,NULL),
(207,NULL,'Mayoorasana.PNG',NULL,'Mayoorasana',NULL,NULL),
(208,NULL,'Ekapada-Vaksha-Mayoorasana.PNG',NULL,'Ekapada-Vaksha-Mayoorasana',NULL,NULL),
(209,NULL,'Chakorasana.PNG',NULL,'Chakorasana',NULL,NULL),
(210,NULL,'Adhomukha-Utthit-Koormasana.PNG',NULL,'Adhomukha-Utthit-Koormasana',NULL,NULL),
(211,NULL,'Bakasana.PNG',NULL,'Bakasana',NULL,NULL),
(212,NULL,'Ashtavakrasana.PNG',NULL,'Ashtavakrasana',NULL,NULL),
(213,NULL,'Koundinyasana.PNG',NULL,'Koundinyasana',NULL,NULL),
(214,NULL,'Parivrutta-Tittibhasana.PNG',NULL,'Parivrutta-Tittibhasana',NULL,NULL),
(215,NULL,'Bramhastrasana.PNG',NULL,'Bramhastrasana',NULL,NULL),
(216,NULL,'Dwipada-Koundinyasana.png',NULL,'Dwipada-Koundinyasana',NULL,NULL),
(217,NULL,'Padma-Mayoorasana.PNG',NULL,'Padma-Mayoorasana',NULL,NULL),
(218,NULL,'Tittibhasana.PNG',NULL,'Tittibhasana',NULL,NULL),
(219,NULL,'Fanindrasana.PNG',NULL,'Fanindrasana',NULL,NULL),
(220,NULL,'Ekahasta-Padma-Mayoorasana.PNG',NULL,'Ekahasta-Padma-Mayoorasana',NULL,NULL),
(221,NULL,'Bhallukasana.PNG',NULL,'Bhallukasana',NULL,NULL),
(222,NULL,'Makshikasana.PNG',NULL,'Makshikasana',NULL,NULL),
(223,NULL,'Ekapada-Prushtha-Tittibhasana.PNG',NULL,'Ekapada-Prushtha-Tittibhasana',NULL,NULL),
(224,NULL,'Utthit-Ekpada-Prushta-Sheershasana.PNG',NULL,'Utthit-Ekpada-Prushta-Sheershasana',NULL,NULL),
(225,NULL,'Parashupashasana.PNG',NULL,'Parashupashasana',NULL,NULL),
(226,NULL,'Pinch-Mayurasana.PNG',NULL,'Pinch-Mayurasana',NULL,NULL),
(227,NULL,'Padanka-Vrishikasana - II.PNG',NULL,'Padanka-Vrishikasana - II',NULL,NULL),
(228,NULL,'Ekpad-Vrushik-Shiva-Linkarasan.PNG',NULL,'Ekpad-Vrushik-Shiva-Linkarasan',NULL,NULL),
(229,NULL,'Nagastrasana.PNG',NULL,'Nagastrasana',NULL,NULL),
(230,NULL,'Parivrutta-Shiva-Lingakarasana.PNG',NULL,'Parivrutta-Shiva-Lingakarasana',NULL,NULL),
(231,NULL,'Eka-Pada-Pinch-Mayoorasana.PNG',NULL,'Eka-Pada-Pinch-Mayoorasana',NULL,NULL),
(232,NULL,'Vruschikasana - II.PNG',NULL,'Vruschikasana - II',NULL,NULL),
(233,NULL,'Karkotasana.PNG',NULL,'Karkotasana',NULL,NULL),
(234,NULL,'Padma-Vruschikasana.PNG',NULL,'Padma-Vruschikasana',NULL,NULL),
(235,NULL,'Kakmukta-Hastasana.PNG',NULL,'Kakmukta-Hastasana',NULL,NULL),
(236,NULL,'Vruchikasana - 1.PNG',NULL,'Vruchikasana - 1',NULL,NULL),
(237,NULL,'Adhomukh-Vrikshasana.PNG',NULL,'Adhomukh-Vrikshasana',NULL,NULL),
(238,NULL,'Paripurnasana.PNG',NULL,'Paripurnasana',NULL,NULL),
(239,NULL,'Ekpad-Kokilasana.PNG',NULL,'Ekpad-Kokilasana',NULL,NULL),
(240,NULL,'Dwipad-Kokilasana.PNG',NULL,'Dwipad-Kokilasana',NULL,NULL),
(241,NULL,'Jatukasana.PNG',NULL,'Jatukasana',NULL,NULL),
(242,NULL,'Padma-Pada-Vruschikasana - II.PNG',NULL,'Padma-Pada-Vruschikasana - II',NULL,NULL),
(243,NULL,'Shiv-Lingakarasana.PNG',NULL,'Shiv-Lingakarasana',NULL,NULL),
(244,NULL,'Putpada-Kokilasana.PNG',NULL,'Putpada-Kokilasana',NULL,NULL),
(245,NULL,'Hast-Samkonasana.PNG',NULL,'Hast-Samkonasana',NULL,NULL),
(246,NULL,'Ardha-Padma-Pincha-Mayoorasana.PNG',NULL,'Ardha-Padma-Pincha-Mayoorasana',NULL,NULL),
(247,NULL,'Ekapada-Skandha-Shiva-Lingakarasana.PNG',NULL,'Ekapada-Skandha-Shiva-Lingakarasana',NULL,NULL),
(248,NULL,'Ekapad-Kokila-Vruschiksana - 1.PNG',NULL,'Ekapad-Kokila-Vruschiksana - 1',NULL,NULL),
(249,NULL,'Utthit-Lamb-Konasana.PNG',NULL,'Utthit-Lamb-Konasana',NULL,NULL),
(250,NULL,'Vibhakt-Pada-Shiva-Lingakarasana.PNG',NULL,'Vibhakt-Pada-Shiva-Lingakarasana',NULL,NULL),
(251,NULL,'Baddha-Padmasana.PNG',NULL,'Baddha-Padmasana',NULL,NULL),
(252,NULL,'Urdhava-Mukha-Paschimottanasana- I.PNG',NULL,' Urdhava-Mukha-Paschimottanasana- I',NULL,NULL),
(253,NULL,'Urdhava-Kukkutasana.PNG',NULL,'Urdhava-Kukkutasana',NULL,NULL),
(254,NULL,'Parivrutta-Paschimottanasana.PNG',NULL,'Parivrutta-Paschimottanasana',NULL,NULL),
(255,NULL,'Eka-Pada-Raj-Kapotasana.PNG',NULL,'Eka-Pada-Raj-Kapotasana',NULL,NULL),
(256,NULL,'Markatasana - II.PNG',NULL,'Markatasana - II',NULL,NULL),
(257,NULL,'Raj-Kapotasana.PNG',NULL,'Raj-Kapotasana',NULL,NULL),
(258,NULL,'Vrushchikasana-II.PNG',NULL,'Vrushchikasana-II',NULL,NULL),
(259,NULL,'Viranchyasana - I.PNG',NULL,'Viranchyasana - I',NULL,NULL),
(260,NULL,'Poorna-Shalabhasana.PNG',NULL,'Poorna-Shalabhasana',NULL,NULL),
(261,NULL,'Vrushchikasana-I.PNG',NULL,'Vrushchikasana-I',NULL,NULL),
(262,NULL,'Chakrabandhasana.PNG',NULL,'Chakrabandhasana',NULL,NULL),
(263,NULL,'Trivikramasana.PNG',NULL,'Trivikramasana',NULL,NULL),
(264,NULL,'Vatayanasana.PNG',NULL,'Vatayanasana',NULL,NULL),
(265,NULL,'Viranchyasana.PNG',NULL,'Viranchyasana',NULL,NULL),
(266,NULL,'Urdhva-mukha-Paschimottanasana.PNG',NULL,'Urdhva-mukha-Paschimottanasana',NULL,NULL),
(267,NULL,'Padma-Shirshasana.PNG',NULL,'Padma-Shirshasana',NULL,NULL),
(268,NULL,'Kurmasana.PNG',NULL,'Kurmasana',NULL,NULL),
(269,NULL,'Parivritta-Parshva-Konasana-II.PNG',NULL,'Parivritta-Parshva-Konasana-II',NULL,NULL),
(270,NULL,'Shirshasana.PNG',NULL,'Shirshasana',NULL,NULL),
(271,NULL,'Eka-Pada-Skandhasana.PNG',NULL,'Eka-Pada-Skandhasana',NULL,NULL),
(272,NULL,'Tirianga Mukhottanasana.PNG',NULL,'Tirianga Mukhottanasana',NULL,NULL),
(273,NULL,'Utthitaa-Eka-Pada-Skandhasana.PNG',NULL,'Utthitaa-Eka-Pada-Skandhasana',NULL,NULL),
(274,NULL,'Parivritta-Janu-Shirasana.PNG',NULL,'Parivritta-Janu-Shirsasana',NULL,NULL),
(275,NULL,'Supta-Trivikramasana.PNG',NULL,'Supta-Trivikramasana',NULL,NULL),
(276,NULL,'Eka-Pada-Viparita-Dandasana.PNG',NULL,'Eka-Pada-Viparita-Dandasana',NULL,NULL),
(277,NULL,'Kapotasana.PNG',NULL,'Kapotasana',NULL,NULL),
(278,NULL,'Garbhapindasana.PNG',NULL,'Garbhapindasana',NULL,NULL),
(279,NULL,'Gherandasana-II.PNG',NULL,'Gherandasana-II',NULL,NULL),
(280,NULL,'Kurmasana.PNG',NULL,'Kurmasana',NULL,NULL),
(281,NULL,'Urdhva-Prasarit-Eipadasana.PNG',NULL,'Urdhva-Prasarit-Eipadasana',NULL,NULL),
(282,NULL,'no-image-icon-23494.png',NULL,'Poorna Dhanurasana',NULL,NULL),
(283,NULL,'no-image-icon-23494.png',NULL,'Surya Namaskar',NULL,NULL),
/* Asanas for artistic Group */
(289,'2022-06-03 07:18:28.407000','no-image-icon-23494.png',NULL,'Asana 1',1,NULL),
(290,'2022-06-03 07:18:55.465000','no-image-icon-23494.png',NULL,'Asana 2',1,NULL),
(291,'2022-06-03 07:19:15.846000','no-image-icon-23494.png',NULL,'Asana 3',1,NULL),
(292,'2022-06-03 07:19:34.476000','no-image-icon-23494.png',NULL,'Asana 4',1,NULL),
(293,'2022-06-03 07:19:54.688000','no-image-icon-23494.png',NULL,'Asana 5',1,NULL),
(294,'2022-06-03 07:20:18.464000','no-image-icon-23494.png',NULL,'Asana 6',1,NULL),
(295,'2022-06-03 07:20:39.391000','no-image-icon-23494.png',NULL,'Asana 7',1,NULL),
(296,'2022-06-03 07:22:15.983000','no-image-icon-23494.png',NULL,'Asana 8',1,NULL),
(297,'2022-06-03 07:22:35.370000','no-image-icon-23494.png',NULL,'Asana 9',1,NULL),
(298,'2022-06-03 07:22:53.583000','no-image-icon-23494.png',NULL,'Asana 10',1,NULL);


/* Insert values to asana_category table */
INSERT INTO `asana_category` (id,created_time,last_modified_time,name,created_by,last_modified_by,code) VALUES 
(1,NULL,NULL,'Traditional Yogasana',NULL,NULL,'TR'),
(2,NULL,NULL,'Artistic Yogasana Single',NULL,NULL,'AS'),
(3,NULL,NULL,'Artistic Yogasana Pair',NULL,NULL,'AP'),
(4,NULL,NULL,'Rhythmic Yogasana Pair',NULL,NULL,'RP'),
(5,NULL,NULL,'Artistic Yogasana Group',NULL,NULL,'AG');

/* Insert values to Execution_category table */
INSERT INTO `execution_category` (id,code,name,short_name) VALUES 
(1,'FB-1','Forward Bend Standings','FBS'),
(2,'FB-2','Forward Bend Floor','FBF'),
(3,'BB-1','Back Bend Standing','BBS'),
(4,'BB-2','Back Bend Floor','BBF'),
(5,'TB-1','Twisting Body Floor','TBF'),
(6,'TB-2','Twisting Body Balance','TBB'),
(7,'LB-1','Leg Balance Backward Bend','LBB'),
(8,'LB-2','Single Leg Balance Forward Bend','LBF'),
(9,'HB-1','Hand Balance Forward Bend','HBF'),
(10,'HB-2','Hand Balance Backward Bend','HBB'),
(11,'COMP','Compulsory','COMP');


/* Insert values to states table */
INSERT INTO `states` (id,name) VALUES (1,'ANDAMAN AND NICOBAR ISLANDS'),
(2,'ANDHRA PRADESH'),
(3,'ARUNACHAL PRADESH'),
(4,'ASSAM'),
(5,'BIHAR'),
(6,'CHANDIGARH'),
(7,'CHATTISGARH'),
(8,'DADRA AND NAGAR HAVELI  AND DAMAN AND DIU'),
(9,'DELHI'),
(10,'GOA'),
(11,'GUJARAT'),
(12,'HIMACHAL PRADESH'),
(13,'HARYANA'),
(14,'JAMMU AND KASHMIR'),
(15,'JHARKHAND'),
(16,'KARNATAKA'),
(17,'KERALA'),
(18,'LADAKH'),
(19,'LAKSHADWEEP'),
(20,'MADHYA PRADESH'),
(21,'MAHARASHTRA'),
(22,'MANIPUR'),
(23,'MEGHALAYA'),
(24,'MIZORAM'),
(25,'NAGALAND'),
(26,'ODISHA'),
(27,'PUDUCHERRY'),
(28,'PUNJAB'),
(29,'RAJASTHAN'),
(30,'SIKKIM'),
(31,'TAMIL NADU'),
(32,'TELANGANA'),
(33,'TRIPURA'),
(34,'UTTARAKHAND'),
(35,'UTTAR PRADESH'),
(36,'WEST BENGAL');

/* Insert values to club table */
INSERT INTO `club` (`id`,`address`,`external_club_id`,`name`, `state_id`) VALUES
(1,"ASSAM",NULL,"ASSAM",4),
(2	,"CHATTISGARH" ,NULL,	"CHATTISGARH" , 7 ),
(3	,"DELHI" ,NULL,	"DELHI" , 9 ),
(4	,"GOA" ,NULL,	"GOA" , 10 ),
(5	,"GUJARAT" ,NULL,	"GUJARAT" , 11 ),
(6      ,"HARYANA" ,NULL,	"HARYANA" , 13 ),
(7	,"JHARKHAND" ,NULL,	"JHARKHAND" , 15 ),
(8	,"KARNATAKA" ,NULL,	"KARNATAKA" , 16 ),
(9	,"MADHYA PRADESH" ,NULL,	"MADHYA PRADESH" , 20 ),
(10	,"MAHARASTRA" ,NULL,	"MAHARASTRA" , 21 ),
(11	,"MANIPUR" ,NULL,	"MANIPUR" , 22 ),
(12	,"ODISHA" ,NULL,	"ODISHA" , 26 ),
(13	,"PUDUCHERRY" ,NULL,	"PUDUCHERRY" , 27 ),
(14	,"RAJASTHAN" ,NULL,	"RAJASTHAN" , 29 ),
(15	,"TAMILNADU" ,NULL,	"TAMILNADU" , 31 ),
(16	,"TRIPURA" ,NULL,	"TRIPURA" , 33 ),
(17	,"UTTARAKHAND" ,NULL,	"UTTARAKHAND" , 34 ),
(18	,"WEST BENGAL" ,NULL,	"WEST BENGAL" , 36 );


/* Insert values to age_category table */
INSERT INTO `age_category` 
(id,age_above,age_below,code,created_time,enabled,last_modified_time,title,created_by,last_modified_by) VALUES
(1,12,18,'UE',NULL,_binary '',NULL,'Under 18',NULL,NULL);

/* Inser values for roles */
INSERT INTO `roles`
(id,created_time,description,enabled,judge,last_modified_time,name,created_by,last_modified_by) VALUES
(2,NULL,NULL,1, 1, NULL,'Chief Judge',NULL,NULL),
(3,NULL,NULL,1, 1, NULL,'D Judge',NULL,NULL),
(4,NULL,NULL,1, 1, NULL,'Artistic Judge',NULL,NULL),
(5,NULL,NULL,1, 1, NULL,'TimeKeeper',NULL,NULL),
(6,NULL,NULL,1, 1, NULL,'Evaluator',NULL,NULL),
(7,NULL,NULL,1, 1, NULL,'Scorer',NULL,NULL),
(8,NULL,NULL,1, 1, NULL,'Stage Manager',NULL,NULL),
(9,NULL,NULL,1, 1, NULL,'Co-ordinator',NULL,NULL);

/* Insert values into Users */
/*INSERT INTO `users`
(`id`,`address_line_1`,`address_line_2`,`city`,`created_time`,`designation`,`email`,`enabled`,`first_name`,`image`,`last_modified_time`,`last_name`,`last_updated_time`,`password`,`phone_number`,`postal_code`,`reset_password_token`,`verification_code`,`created_by`,`last_modified_by`,`state_id`) VALUES 
(2,NULL,NULL,NULL,'2022-05-25 13:06:10.170000',NULL,'chandraprakashpurohit@nysf.com',_binary '','Mr. Chandra Prakash',NULL,'2022-05-25 13:34:37.728000','Purohit',NULL,'$2a$10$HZnns1Ktn9Ya1kLjAvWvWuDim9FUVq6Ig3wMGrKHKd.ZDWa1b6aAG','9649660507',NULL,NULL,NULL,NULL,1,29),
(3,NULL,NULL,NULL,'2022-05-25 13:08:06.835000',NULL,'rakeshshastri@nysf.com',_binary '','Sh. Rakesh',NULL,'2022-05-25 13:34:59.204000','Shastri',NULL,'$2a$10$CL7LitOcJWXkRKy1KfeXeuzCojJ71W2bBdCXsKg2pTDG4yhJkdYee','7982243078',NULL,NULL,NULL,NULL,1,9),
(4,NULL,NULL,NULL,'2022-05-25 13:13:40.985000',NULL,'niranjanamurthy@nysf.com',_binary '','Dr. M. Niranjana',NULL,'2022-05-25 13:35:18.011000','Murthy',NULL,'$2a$10$S3F6OrQ6uoL5WVtYhVlBwe4bXtmwT1u734xZ6QR.wvQyIZ38RX3aO','9343583787',NULL,NULL,NULL,NULL,1,16),
(5,NULL,NULL,NULL,'2022-05-25 13:26:50.674000',NULL,'satishmohagonkar@nysf.com',_binary '','Mr. Satish',NULL,'2022-05-25 13:26:50.992000','Mohagonkar',NULL,'$2a$10$s7r2F3xmbL8s.A.XyQM.3ezrujGr05ZjI/wEuVp1NzGFVoV6WWwmG','9422972624',NULL,NULL,NULL,NULL,1,21),
(6,NULL,NULL,NULL,'2022-05-25 13:28:10.181000',NULL,'aartipal@nysf.com',_binary '','Dr. Aarti',NULL,'2022-05-25 13:28:10.674000','Pal',NULL,'$2a$10$V5oEajtSlS0FyH4ftFcvk.MRsKYiz/VYLtAT5ukAngQ8OUGVk6J9m','8349907365',NULL,NULL,NULL,NULL,1,20),
(7,NULL,NULL,NULL,'2022-05-25 13:29:39.171000',NULL,'chandrakantmishra@nysf.com',_binary '','Dr. Chandrakant',NULL,'2022-05-25 13:29:39.534000','Mishra',NULL,'$2a$10$MPYQd.3UdNHlUutTuPW0KeZ7200sU7rf9wjkiimV7dAHrYvyTNGt.','9814628178',NULL,NULL,NULL,NULL,1,28),
(8,NULL,NULL,NULL,'2022-05-25 13:37:39.139000',NULL,'naveenchandrakandpal@nysf.com',_binary '','Dr. Naveen Chandra',NULL,'2022-05-25 13:37:39.753000','Kandpal',NULL,'$2a$10$Mrp1w4luCpRvBB90R7s7Qur.10BIJoY7Tl4zGLSTTenj.qTTzs3DK','9416877144',NULL,NULL,NULL,NULL,1,9),
(9,NULL,NULL,NULL,'2022-05-25 13:40:01.536000',NULL,'utpalroy@nysf.com',_binary '','Mr. Utpal',NULL,'2022-05-25 13:42:30.546000','Roy',NULL,'$2a$10$JnsMouYyoImVZrBspQhV3exQLBSToyHwcz5vULd2mapi44g7P8bLe','9831977507',NULL,NULL,NULL,NULL,1,36),
(10,NULL,NULL,NULL,'2022-05-25 13:41:58.002000',NULL,'mahamayaroy@nysf.com',_binary '','Mrs. Mahamaya',NULL,'2022-05-25 13:41:58.518000','Roy',NULL,'$2a$10$Q3efDAHp8C0PUmzjI8nLf.zz5EB6Kl2yfiaoT2k5aW42VELmdCdyG','7006433667',NULL,NULL,NULL,NULL,1,36),
(11,NULL,NULL,NULL,'2022-05-25 13:44:38.873000',NULL,'nehachaudhary@nysf.com',_binary '','Dr. Neha',NULL,'2022-05-25 13:44:39.191000','Chaudhary',NULL,'$2a$10$tbQifHj10hH55VmjUBSbUuYw6Lb.qSLRUUGHh6FoJIc3/tkzmqmGm','8979866577',NULL,NULL,NULL,NULL,1,35),
(12,NULL,NULL,NULL,'2022-05-25 13:46:11.007000',NULL,'karangajjar@nysf.com',_binary '','Mr. Karan',NULL,'2022-05-25 13:46:11.670000','Gajjar',NULL,'$2a$10$/hAYiYG3uqLw0UouWeNXauC77x7Cq2Yki1MDjWrefGexRk.m7jx4u','9924100869',NULL,NULL,NULL,NULL,1,11),
(13,NULL,NULL,NULL,'2022-05-25 13:47:46.002000',NULL,'pukhrambambirpradash@nysf.com',_binary '','Mr. Pukhrumbam',NULL,'2022-05-25 13:47:46.602000','Birpradash',NULL,'$2a$10$1tq4RXFwWgL8/Dwax6JdQ.uG12P5lE8kBmoMtwdJMRKyhXGH735.m','8730025111',NULL,NULL,NULL,NULL,1,22),
(14,NULL,NULL,NULL,'2022-05-25 13:49:25.433000',NULL,'tejasvikumarsharma@nysf.com',_binary '','Mr. Tejasvi Kumar',NULL,'2022-05-25 13:49:25.934000','Sharma',NULL,'$2a$10$othOzkl15jqpiNhCCYH.2OtFqHHOjFBe5nfqTfEOFtFlFaEPBjyFK','9650728920',NULL,NULL,NULL,NULL,1,9),
(15,NULL,NULL,NULL,'2022-05-25 13:50:48.823000',NULL,'shreyasmarkandeya@nysf.com',_binary '','Mr. Shreyas ',NULL,'2022-05-25 13:50:49.298000','Markandeya',NULL,'$2a$10$qC3ETqusEEgi66qO/fcLq.IxLhZAyoMqN8m3G/okxcMTjQyhTtmb2','7972751045',NULL,NULL,NULL,NULL,1,9),
(16,NULL,NULL,NULL,'2022-05-25 13:52:40.137000',NULL,'nileshpatade@nysf.com',_binary '','Mr. Nilesh ',NULL,'2022-05-25 13:52:41.054000','Patade',NULL,'$2a$10$yI9DhCZCWoIJuqWINZbgxuhp5AJrzB.OzeCyE0mZQYsj/Ra4nhkrS','9595831356',NULL,NULL,NULL,NULL,1,21),
(17,NULL,NULL,NULL,'2022-05-25 13:54:15.041000',NULL,'mahendratiwari@nysf.com',_binary '','Mr. Mahendra',NULL,'2022-05-25 13:54:15.514000','Tiwari',NULL,'$2a$10$uQw5gzzyiM.ppMvlcmIvL.sBDF/j.mSr7NmJE33OAKVdNdgVpER92','9752591903',NULL,NULL,NULL,NULL,1,20),
(18,NULL,NULL,NULL,'2022-05-25 13:55:29.547000',NULL,'sunilsharma@nysf.com',_binary '','Mr. Sunil',NULL,'2022-05-25 13:55:29.904000','Sharma',NULL,'$2a$10$oj1tRv3v7S.90NloDiyzZuzrQcqN1ZWHHyVCnVptrYbSRIBNGoCIi','8930810363',NULL,NULL,NULL,NULL,1,13),
(19,NULL,NULL,NULL,'2022-05-25 13:56:55.564000',NULL,'rohit@nysf.com',_binary '','Mr. Rohit',NULL,'2022-05-25 13:56:56.140000','  ',NULL,'$2a$10$jFcyhHgKPuPL3yWvLlRACe1Plt/I73mA6I.M9irWFBuKaCpVlOT2O','7508078037',NULL,NULL,NULL,NULL,1,6),
(20,NULL,NULL,NULL,'2022-05-25 13:59:04.472000',NULL,'vijaykumari@nysf.com',_binary '','Mrs. Vijay',NULL,'2022-05-25 13:59:04.918000','Kumari',NULL,'$2a$10$7vTbdelx.mwArlg3tg2HteuEkD3lAD8Z9tmI9lX5B4/B5eIevVmCW','8778143439',NULL,NULL,NULL,NULL,1,27),
(21,NULL,NULL,NULL,'2022-05-25 14:00:36.894000',NULL,'snehalpendse@nysf.com',_binary '','Mrs. Snehal',NULL,'2022-05-25 14:00:37.349000','Pendse',NULL,'$2a$10$POQFWAAQl1Wybo1oDr4.Ku57fezW4rVcYQuONE6Ry5CY.aTS3RXeG','9403694530',NULL,NULL,NULL,NULL,1,21),
(22,NULL,NULL,NULL,'2022-05-25 14:02:26.317000',NULL,'faredaakhter@nysf.com',_binary '','Mrs. Fareda',NULL,'2022-05-25 14:02:26.850000','Akhter',NULL,'$2a$10$N0/otlA3zRpoaN7nlJ9B4erfLWHn9muINOrv3a66/1L0J/L9MnHLa','7006523845',NULL,NULL,NULL,NULL,1,14),
(23,NULL,NULL,NULL,'2022-05-25 14:04:08.897000',NULL,'namrataverma@nysf.com',_binary '','Mrs. Namrata',NULL,'2022-05-25 14:04:09.529000','Verma',NULL,'$2a$10$MGJT4GCRKjtkCJmNJQtIceOD6KeFH5Arhjq.eB4/Me.vxtl.xpmbW','9913198364',NULL,NULL,NULL,NULL,1,11),
(24,NULL,NULL,NULL,'2022-05-25 14:05:44.607000',NULL,'jayanthy@nysf.com',_binary '','Dr. C.V. Jayanthy',NULL,'2022-05-25 14:05:45.073000','  ',NULL,'$2a$10$nu8.wD4aWRuF6DCcItZEturK.XrDFYaDaBkSTmmE4sxWu5m8830Fy','9787344486',NULL,NULL,NULL,NULL,1,31),
(25,NULL,NULL,NULL,'2022-05-25 14:07:15.658000',NULL,'bhojendrakumarsahu@nysf.com',_binary '','Mr. Bhojendra Kumar',NULL,'2022-05-25 14:07:16.397000','Sahu',NULL,'$2a$10$tBRlZt.oTdIsFnKy3W/9jua0udjYgtUFk35PEf16.3YyYwbPmaKYO','7987372240',NULL,NULL,NULL,NULL,1,7),
(26,NULL,NULL,NULL,'2022-05-25 14:09:00.030000',NULL,'maloykumardey@nysf.com',_binary '','Mr. Maloy Kumar',NULL,'2022-05-25 14:09:00.525000','Dey',NULL,'$2a$10$t5yDFr0PD9Gsqawa/WaAxO.vJXiNGW/LmK4CvBgiPvn/BVTc32IGK','9835550587',NULL,NULL,NULL,NULL,1,15),
(27,NULL,NULL,NULL,'2022-05-25 14:10:25.448000',NULL,'vandanadhiman@nysf.com',_binary '','Mrs. Vandana',NULL,'2022-05-25 14:10:25.971000','Dhiman',NULL,'$2a$10$MZkTH9zjwA7XoB8KKQsMgueA3BvBPjfP4idHS34llzl7LSDzbsBpG','8360711950',NULL,NULL,NULL,NULL,1,13),
(28,NULL,NULL,NULL,'2022-05-25 14:12:02.723000',NULL,'abijitbose@nysf.com',_binary '','Mr. Abijit',NULL,'2022-05-25 14:12:03.132000','Bose',NULL,'$2a$10$7fMMP4Fv5TMHTW8YMrKXkOtw7Dw3m9GEfdmHNpMaERTSgv/vOszAy','9344502167',NULL,NULL,NULL,NULL,1,31),
(29,NULL,NULL,NULL,'2022-05-25 14:13:32.969000',NULL,'balashekar@nysf.com',_binary '','Mr. T Balashekar',NULL,'2022-05-25 14:13:33.551000','  ',NULL,'$2a$10$ZC30G7caDTBKAIJy5mTKCuycY82tdOkNl07RE9TpUqM.Q6uXgu6HS','9440031945',NULL,NULL,NULL,NULL,1,32),
(30,NULL,NULL,NULL,'2022-05-25 14:15:34.540000',NULL,'Ashimboruah@nysf.com',_binary '','Mr. Ashim',NULL,'2022-05-25 14:15:35.103000','Boruah',NULL,'$2a$10$Nfjz/TVN7t2WV3h2TNhuKud1vO35YZFK8K2PRu8Kdrl/1/dvu/1lu','9435685782',NULL,NULL,NULL,NULL,1,4);*/

/*INSERT INTO `users_roles`
(`user_id`,`role_id`) VALUES 
(2,2),
(3,3),
(4,3),
(5,3),
(6,3),
(7,3),
(8,4),
(9,4),
(10,5),
(11,5),
(12,6),
(13,6),
(14,7),
(15,8),
(16,3),
(17,3),
(18,3),
(19,3),
(20,3),
(21,3),
(22,3),
(23,3),
(24,3),
(25,3),
(26,3),
(27,3),
(28,3),
(29,3),
(30,3); */



/* Insert values to Championship Levels */
/*INSERT INTO `championship_levels` 
(id,created_time,enabled,last_modified_time,title,created_by,last_modified_by) values
(1,NULL,_binary '',NULL,'Khelo India Youth',NULL,NULL);*/

/* Insert values to Championship */
/*INSERT INTO `championship` 
(id,created_time,end_date,last_modified_time,location,name,start_date,created_by,last_modified_by,championship_levels_id) VALUES 
(1, NULL,'2022-06-06 10:56:42.751000','2022-04-14 15:34:45.776000','Panchkula','Khelo India Youth Games','2022-06-04 10:56:42.751000',NULL,1,1);*/

/* Insert values to Championship Category */
/*INSERT INTO `championship_category` 
(id,gender,no_of_rounds,asana_category_id,age_category_id,championship_id,no_of_participants) VALUES 
(1,'Male',2,1,1,1,1),
(2,'Male',1,2,1,1,1),
(3,'Male',1,3,1,1,2),
(4,'Male',1,4,1,1,2),
(5,'Male',1,5,1,1,5),
(6,'Female',2,1,1,1,1),
(7,'Female',1,2,1,1,1),
(8,'Female',1,3,1,1,2),
(9,'Female',1,4,1,1,2),
(10,'Female',1,5,1,1,5);*/

/* Insert values to Championship Rounds */
/*INSERT INTO `championship_rounds` 
(id, no_of_participant_teams, round, status, championship_id, championship_category_id) VALUES 
(1,NULL,1,'SCHEDULED',1,1),
(2,NULL,2,'SCHEDULED',1,1),
(3,NULL,1,'SCHEDULED',1,2),
(4,NULL,1,'SCHEDULED',1,3),
(5,NULL,1,'SCHEDULED',1,4),
(6,NULL,1,'SCHEDULED',1,5),
(7,NULL,1,'SCHEDULED',1,6),
(8,NULL,2,'SCHEDULED',1,6),
(9,NULL,1,'SCHEDULED',1,7),
(10,NULL,1,'SCHEDULED',1,8),
(11,NULL,1,'SCHEDULED',1,9),
(12,NULL,1,'SCHEDULED',1,10);*/


/* Insert values to compulsory_round_asanas */
/*INSERT INTO `compulsory_round_asanas`(`id`,`compulsory`,`created_time`,`gender`,`last_modified_time`,`round_number`,`sequence_number`,`asana_id`,`asana_category_id`,`age_category_id`,`championship_id`,`created_by`,`last_modified_by`) VALUES 
(1,_binary '','2022-05-27 17:21:33.594000','Male','2022-05-27 17:43:56.644000',1,1,256,1,1,1,1,1),
(2,_binary '','2022-05-27 17:22:19.378000','Male','2022-05-27 17:44:24.911000',1,2,98,1,1,1,1,1),
(3,_binary '','2022-05-27 17:23:43.745000','Male','2022-05-27 17:44:50.349000',1,3,141,1,1,1,1,1),
(4,_binary '','2022-05-27 17:24:29.035000','Male','2022-05-27 17:45:11.857000',1,4,261,1,1,1,1,1),
(5,_binary '','2022-05-27 17:25:33.641000','Female',NULL,1,1,259,1,1,1,1,NULL),
(6,_binary '','2022-05-27 17:26:07.611000','Female',NULL,1,2,257,1,1,1,1,NULL),
(7,_binary '','2022-05-27 17:26:44.440000','Female','2022-05-27 17:27:45.973000',1,3,252,1,1,1,1,1),
(8,_binary '','2022-05-27 17:27:30.913000','Female',NULL,1,4,267,1,1,1,1,NULL),
(9,_binary '','2022-05-27 17:29:13.290000','Male','2022-05-27 17:45:37.479000',2,1,78,1,1,1,1,1),
(10,_binary '','2022-05-27 17:29:54.607000','Male','2022-05-27 17:45:56.240000',2,2,263,1,1,1,1,1),
(11,_binary '','2022-05-27 17:31:05.073000','Female',NULL,2,1,98,1,1,1,1,NULL),
(12,_binary '','2022-05-27 17:32:35.390000','Female',NULL,2,2,281,1,1,1,1,NULL);*/


/* Insert values to asana_execution_scores */
INSERT INTO `asana_execution_scores` (`id`,`code`,`created_time`,`gender`,`last_modified_time`,`sub_group`,`weightage`,`asana_id`,`asana_category_id`,`age_category_id`,`created_by`,`execution_category_id`,`last_modified_by`)
VALUES(1,'FBS-A',NULL,'Male',NULL,1,0.6,1,1,1,NULL,1,NULL),
(2,'FBS-A',NULL,'Female',NULL,1,0.6,1,1,1,NULL,1,NULL),
(3,'FBS-B',NULL,'Male',NULL,1,0.7,2,1,1,NULL,1,NULL),
(4,'FBS-B',NULL,'Female',NULL,1,0.7,2,1,1,NULL,1,NULL),
(5,'FBS-C',NULL,'Male',NULL,1,0.8,3,1,1,NULL,1,NULL),
(6,'FBS-C',NULL,'Female',NULL,1,0.8,3,1,1,NULL,1,NULL),
(7,'FBS-D',NULL,'Male',NULL,1,0.9,4,1,1,NULL,1,NULL),
(8,'FBS-D',NULL,'Female',NULL,1,0.9,4,1,1,NULL,1,NULL),
(9,'FBS-E',NULL,'Male',NULL,1,1,5,1,1,NULL,1,NULL),
(10,'FBS-E',NULL,'Female',NULL,1,1,5,1,1,NULL,1,NULL),
(11,'FBS-A',NULL,'Male',NULL,2,0.6,6,1,1,NULL,1,NULL),
(12,'FBS-A',NULL,'Female',NULL,2,0.6,6,1,1,NULL,1,NULL),
(13,'FBS-B',NULL,'Male',NULL,2,0.7,7,1,1,NULL,1,NULL),
(14,'FBS-B',NULL,'Female',NULL,2,0.7,7,1,1,NULL,1,NULL),
(15,'FBS-C',NULL,'Male',NULL,2,0.8,8,1,1,NULL,1,NULL),
(16,'FBS-C',NULL,'Female',NULL,2,0.8,8,1,1,NULL,1,NULL),
(17,'FBS-D',NULL,'Male',NULL,2,0.9,9,1,1,NULL,1,NULL),
(18,'FBS-D',NULL,'Female',NULL,2,0.9,9,1,1,NULL,1,NULL),
(19,'FBS-E',NULL,'Male',NULL,2,1,10,1,1,NULL,1,NULL),
(20,'FBS-E',NULL,'Female',NULL,2,1,10,1,1,NULL,1,NULL),
(21,'FBS-A',NULL,'Male',NULL,3,0.6,11,1,1,NULL,1,NULL),
(22,'FBS-A',NULL,'Female',NULL,3,0.6,11,1,1,NULL,1,NULL),
(23,'FBS-B',NULL,'Male',NULL,3,0.7,12,1,1,NULL,1,NULL),
(24,'FBS-B',NULL,'Female',NULL,3,0.7,12,1,1,NULL,1,NULL),
(25,'FBS-C',NULL,'Male',NULL,3,0.8,13,1,1,NULL,1,NULL),
(26,'FBS-C',NULL,'Female',NULL,3,0.8,13,1,1,NULL,1,NULL),
(27,'FBS-D',NULL,'Male','2021-09-25 16:31:41.640000',3,0.9,14,1,1,NULL,1,1),
(28,'FBS-D',NULL,'Female',NULL,3,0.9,14,1,1,NULL,1,NULL),
(29,'FBS-E',NULL,'Male',NULL,3,1,15,1,1,NULL,1,NULL),
(30,'FBS-E',NULL,'Female',NULL,3,1,15,1,1,NULL,1,NULL),
(31,'FBS-A',NULL,'Male',NULL,4,0.6,16,1,1,NULL,1,NULL),
(32,'FBS-A',NULL,'Female',NULL,4,0.6,16,1,1,NULL,1,NULL),
(33,'FBS-B',NULL,'Male',NULL,4,0.7,17,1,1,NULL,1,NULL),
(34,'FBS-B',NULL,'Female',NULL,4,0.7,17,1,1,NULL,1,NULL),
(35,'FBS-C',NULL,'Male',NULL,4,0.8,18,1,1,NULL,1,NULL),
(36,'FBS-C',NULL,'Female',NULL,4,0.8,18,1,1,NULL,1,NULL),
(37,'FBS-D',NULL,'Male',NULL,4,0.9,19,1,1,NULL,1,NULL),
(38,'FBS-D',NULL,'Female',NULL,4,0.9,19,1,1,NULL,1,NULL),
(39,'FBS-E',NULL,'Male',NULL,4,1,20,1,1,NULL,1,NULL),
(40,'FBS-E',NULL,'Female',NULL,4,1,20,1,1,NULL,1,NULL),
(41,'FBS-A',NULL,'Male',NULL,5,0.6,21,1,1,NULL,1,NULL),
(42,'FBS-A',NULL,'Female',NULL,5,0.6,21,1,1,NULL,1,NULL),
(43,'FBS-B',NULL,'Male',NULL,5,0.7,22,1,1,NULL,1,NULL),
(44,'FBS-B',NULL,'Male',NULL,5,0.7,22,1,1,NULL,1,NULL),
(45,'FBS-C',NULL,'Male',NULL,5,0.8,23,1,1,NULL,1,NULL),
(46,'FBS-C',NULL,'Female',NULL,5,0.8,23,1,1,NULL,1,NULL),
(47,'FBS-D',NULL,'Male',NULL,5,0.9,24,1,1,NULL,1,NULL),
(48,'FBS-D',NULL,'Female',NULL,5,0.9,24,1,1,NULL,1,NULL),
(49,'FBS-E',NULL,'Male',NULL,5,1,25,1,1,NULL,1,NULL),
(50,'FBS-E',NULL,'Female',NULL,5,1,25,1,1,NULL,1,NULL),
(51,'FBF-A',NULL,'Male',NULL,1,0.6,26,1,1,NULL,2,NULL),
(52,'FBF-A',NULL,'Female',NULL,1,0.6,26,1,1,NULL,2,NULL),
(53,'FBF-B',NULL,'Male',NULL,1,0.7,27,1,1,NULL,2,NULL),
(54,'FBF-B',NULL,'Female',NULL,1,0.7,27,1,1,NULL,2,NULL),
(55,'FBF-C',NULL,'Male',NULL,1,0.8,28,1,1,NULL,2,NULL),
(56,'FBF-C',NULL,'Female',NULL,1,0.8,28,1,1,NULL,2,NULL),
(57,'FBF-D',NULL,'Male',NULL,1,0.9,29,1,1,NULL,2,NULL),
(58,'FBF-D',NULL,'Female',NULL,1,0.9,29,1,1,NULL,2,NULL),
(59,'FBF-E',NULL,'Male',NULL,1,1,30,1,1,NULL,2,NULL),
(60,'FBF-E',NULL,'Female',NULL,1,1,30,1,1,NULL,2,NULL),
(61,'FBF-A',NULL,'Male',NULL,2,0.6,31,1,1,NULL,2,NULL),
(62,'FBF-A',NULL,'Female',NULL,2,0.6,31,1,1,NULL,2,NULL),
(63,'FBF-B',NULL,'Male',NULL,2,0.7,32,1,1,NULL,2,NULL),
(64,'FBF-B',NULL,'Female',NULL,2,0.7,32,1,1,NULL,2,NULL),
(65,'FBF-C',NULL,'Male',NULL,2,0.8,33,1,1,NULL,2,NULL),
(66,'FBF-C',NULL,'Female',NULL,2,0.8,33,1,1,NULL,2,NULL),
(67,'FBF-D',NULL,'Male',NULL,2,0.9,34,1,1,NULL,2,NULL),
(68,'FBF-D',NULL,'Female',NULL,2,0.9,34,1,1,NULL,2,NULL),
(69,'FBF-E',NULL,'Male',NULL,2,1,35,1,1,NULL,2,NULL),
(70,'FBF-E',NULL,'Female',NULL,2,1,35,1,1,NULL,2,NULL),
(71,'FBF-A',NULL,'Male',NULL,3,0.6,36,1,1,NULL,2,NULL),
(72,'FBF-A',NULL,'Female',NULL,3,0.6,36,1,1,NULL,2,NULL),
(73,'FBF-B',NULL,'Male',NULL,3,0.7,37,1,1,NULL,2,NULL),
(74,'FBF-B',NULL,'Female',NULL,3,0.7,37,1,1,NULL,2,NULL),
(75,'FBF-C',NULL,'Male',NULL,3,0.8,38,1,1,NULL,2,NULL),
(76,'FBF-C',NULL,'Female',NULL,3,0.8,38,1,1,NULL,2,NULL),
(77,'FBF-D',NULL,'Male',NULL,3,0.9,39,1,1,NULL,2,NULL),
(78,'FBF-D',NULL,'Female',NULL,3,0.9,39,1,1,NULL,2,NULL),
(79,'FBF-E',NULL,'Male',NULL,3,1,40,1,1,NULL,2,NULL),
(80,'FBF-E',NULL,'Female',NULL,3,1,40,1,1,NULL,2,NULL),
(81,'FBF-A',NULL,'Male',NULL,4,0.6,41,1,1,NULL,2,NULL),
(82,'FBF-A',NULL,'Female',NULL,4,0.6,41,1,1,NULL,2,NULL),
(83,'FBF-B',NULL,'Male',NULL,4,0.7,42,1,1,NULL,2,NULL),
(84,'FBF-B',NULL,'Female',NULL,4,0.7,42,1,1,NULL,2,NULL),
(85,'FBF-C',NULL,'Male',NULL,4,0.8,43,1,1,NULL,2,NULL),
(86,'FBF-C',NULL,'Female',NULL,4,0.8,43,1,1,NULL,2,NULL),
(87,'FBF-D',NULL,'Male',NULL,4,0.9,44,1,1,NULL,2,NULL),
(88,'FBF-D',NULL,'Female',NULL,4,0.9,44,1,1,NULL,2,NULL),
(89,'FBF-E',NULL,'Male',NULL,4,1,45,1,1,NULL,2,NULL),
(90,'FBF-E',NULL,'Female',NULL,4,1,45,1,1,NULL,2,NULL),
(91,'FBF-A',NULL,'Male',NULL,5,0.6,46,1,1,NULL,2,NULL),
(92,'FBF-A',NULL,'Female',NULL,5,0.6,46,1,1,NULL,2,NULL),
(93,'FBF-B',NULL,'Male',NULL,5,0.7,47,1,1,NULL,2,NULL),
(94,'FBF-B',NULL,'Female',NULL,5,0.7,47,1,1,NULL,2,NULL),
(95,'FBF-C',NULL,'Male',NULL,5,0.8,48,1,1,NULL,2,NULL),
(96,'FBF-C',NULL,'Female',NULL,5,0.8,48,1,1,NULL,2,NULL),
(97,'FBF-D',NULL,'Male',NULL,5,0.9,49,1,1,NULL,2,NULL),
(98,'FBF-D',NULL,'Female',NULL,5,0.9,49,1,1,NULL,2,NULL),
(99,'FBF-E',NULL,'Male',NULL,5,1,50,1,1,NULL,2,NULL),
(100,'FBF-E',NULL,'Female',NULL,5,1,50,1,1,NULL,2,NULL),
(101,'BBS-A',NULL,'Male',NULL,1,0.6,51,1,1,NULL,3,NULL),
(102,'BBS-A',NULL,'Female',NULL,1,0.6,51,1,1,NULL,3,NULL),
(103,'BBS-B',NULL,'Male',NULL,1,0.7,52,1,1,NULL,3,NULL),
(104,'BBS-B',NULL,'Female',NULL,1,0.7,52,1,1,NULL,3,NULL),
(105,'BBS-C',NULL,'Male',NULL,1,0.8,53,1,1,NULL,3,NULL),
(106,'BBS-C',NULL,'Female',NULL,1,0.8,53,1,1,NULL,3,NULL),
(107,'BBS-D',NULL,'Male',NULL,1,0.9,54,1,1,NULL,3,NULL),
(108,'BBS-D',NULL,'Female',NULL,1,0.9,54,1,1,NULL,3,NULL),
(109,'BBS-E',NULL,'Male',NULL,1,1,55,1,1,NULL,3,NULL),
(110,'BBS-E',NULL,'Female',NULL,1,1,55,1,1,NULL,3,NULL),
(111,'BBS-A',NULL,'Male',NULL,2,0.6,56,1,1,NULL,3,NULL),
(112,'BBS-A',NULL,'Female',NULL,2,0.6,56,1,1,NULL,3,NULL),
(113,'BBS-B',NULL,'Male',NULL,2,0.7,57,1,1,NULL,3,NULL),
(114,'BBS-B',NULL,'Female',NULL,2,0.7,57,1,1,NULL,3,NULL),
(115,'BBS-C',NULL,'Male',NULL,2,0.8,58,1,1,NULL,3,NULL),
(116,'BBS-C',NULL,'Female',NULL,2,0.8,58,1,1,NULL,3,NULL),
(117,'BBS-D',NULL,'Male',NULL,2,0.9,59,1,1,NULL,3,NULL),
(118,'BBS-D',NULL,'Female',NULL,2,0.9,59,1,1,NULL,3,NULL),
(119,'BBS-E',NULL,'Male',NULL,2,1,60,1,1,NULL,3,NULL),
(120,'BBS-E',NULL,'Female',NULL,2,1,60,1,1,NULL,3,NULL),
(121,'BBS-A',NULL,'Male',NULL,3,0.6,61,1,1,NULL,3,NULL),
(122,'BBS-A',NULL,'Female',NULL,3,0.6,61,1,1,NULL,3,NULL),
(123,'BBS-B',NULL,'Male',NULL,3,0.7,62,1,1,NULL,3,NULL),
(124,'BBS-B',NULL,'Female',NULL,3,0.7,62,1,1,NULL,3,NULL),
(125,'BBS-C',NULL,'Male',NULL,3,0.8,63,1,1,NULL,3,NULL),
(126,'BBS-C',NULL,'Female',NULL,3,0.8,63,1,1,NULL,3,NULL),
(127,'BBS-D',NULL,'Male',NULL,3,0.9,64,1,1,NULL,3,NULL),
(128,'BBS-D',NULL,'Female',NULL,3,0.9,64,1,1,NULL,3,NULL),
(129,'BBS-E',NULL,'Male',NULL,3,1,65,1,1,NULL,3,NULL),
(130,'BBS-E',NULL,'Female',NULL,3,1,65,1,1,NULL,3,NULL),
(131,'BBS-A',NULL,'Male',NULL,4,0.6,66,1,1,NULL,3,NULL),
(132,'BBS-A',NULL,'Female',NULL,4,0.6,66,1,1,NULL,3,NULL),
(133,'BBS-B',NULL,'Male',NULL,4,0.7,67,1,1,NULL,3,NULL),
(134,'BBS-B',NULL,'Female',NULL,4,0.7,67,1,1,NULL,3,NULL),
(135,'BBS-C',NULL,'Male',NULL,4,0.8,68,1,1,NULL,3,NULL),
(136,'BBS-C',NULL,'Female',NULL,4,0.8,68,1,1,NULL,3,NULL),
(137,'BBS-D',NULL,'Male',NULL,4,0.9,69,1,1,NULL,3,NULL),
(138,'BBS-D',NULL,'Female',NULL,4,0.9,69,1,1,NULL,3,NULL),
(139,'BBS-E',NULL,'Male',NULL,4,1,70,1,1,NULL,3,NULL),
(140,'BBS-E',NULL,'Female',NULL,4,1,70,1,1,NULL,3,NULL),
(141,'BBS-A',NULL,'Male',NULL,5,0.6,71,1,1,NULL,3,NULL),
(142,'BBS-A',NULL,'Female',NULL,5,0.6,71,1,1,NULL,3,NULL),
(143,'BBS-B',NULL,'Male',NULL,5,0.7,72,1,1,NULL,3,NULL),
(144,'BBS-B',NULL,'Female',NULL,5,0.7,72,1,1,NULL,3,NULL),
(145,'BBS-C',NULL,'Male',NULL,5,0.8,73,1,1,NULL,3,NULL),
(146,'BBS-C',NULL,'Female',NULL,5,0.8,73,1,1,NULL,3,NULL),
(147,'BBS-D',NULL,'Male',NULL,5,0.9,74,1,1,NULL,3,NULL),
(148,'BBS-D',NULL,'Female',NULL,5,0.9,74,1,1,NULL,3,NULL),
(149,'BBS-E',NULL,'Male',NULL,5,1,75,1,1,NULL,3,NULL),
(150,'BBS-E',NULL,'Female',NULL,5,1,75,1,1,NULL,3,NULL),
(151,'BBF-A',NULL,'Male',NULL,1,0.6,76,1,1,NULL,4,NULL),
(152,'BBF-A',NULL,'Female',NULL,1,0.6,76,1,1,NULL,4,NULL),
(153,'BBF-B',NULL,'Male',NULL,1,0.7,77,1,1,NULL,4,NULL),
(154,'BBF-B',NULL,'Female',NULL,1,0.7,77,1,1,NULL,4,NULL),
(155,'BBF-C',NULL,'Male',NULL,1,0.8,78,1,1,NULL,4,NULL),
(156,'BBF-C',NULL,'Female',NULL,1,0.8,78,1,1,NULL,4,NULL),
(157,'BBF-D',NULL,'Male',NULL,1,0.9,79,1,1,NULL,4,NULL),
(158,'BBF-D',NULL,'Female',NULL,1,0.9,79,1,1,NULL,4,NULL),
(159,'BBF-E',NULL,'Male',NULL,1,1,80,1,1,NULL,4,NULL),
(160,'BBF-E',NULL,'Female',NULL,1,1,80,1,1,NULL,4,NULL),
(161,'BBF-A',NULL,'Male',NULL,2,0.6,81,1,1,NULL,4,NULL),
(162,'BBF-A',NULL,'Female',NULL,2,0.6,81,1,1,NULL,4,NULL),
(163,'BBF-B',NULL,'Male',NULL,2,0.7,82,1,1,NULL,4,NULL),
(164,'BBF-B',NULL,'Female',NULL,2,0.7,82,1,1,NULL,4,NULL),
(165,'BBF-C',NULL,'Male',NULL,2,0.8,83,1,1,NULL,4,NULL),
(166,'BBF-C',NULL,'Female',NULL,2,0.8,83,1,1,NULL,4,NULL),
(167,'BBF-D',NULL,'Male',NULL,2,0.9,84,1,1,NULL,4,NULL),
(168,'BBF-D',NULL,'Female',NULL,2,0.9,84,1,1,NULL,4,NULL),
(169,'BBF-E',NULL,'Male',NULL,2,1,85,1,1,NULL,4,NULL),
(170,'BBF-E',NULL,'Female',NULL,2,1,85,1,1,NULL,4,NULL),
(171,'BBF-A',NULL,'Male',NULL,3,0.6,86,1,1,NULL,4,NULL),
(172,'BBF-A',NULL,'Female',NULL,3,0.6,86,1,1,NULL,4,NULL),
(173,'BBF-B',NULL,'Male',NULL,3,0.7,87,1,1,NULL,4,NULL),
(174,'BBF-B',NULL,'Female',NULL,3,0.7,87,1,1,NULL,4,NULL),
(175,'BBF-C',NULL,'Male',NULL,3,0.8,88,1,1,NULL,4,NULL),
(176,'BBF-C',NULL,'Female',NULL,3,0.8,88,1,1,NULL,4,NULL),
(177,'BBF-D',NULL,'Male',NULL,3,0.9,89,1,1,NULL,4,NULL),
(178,'BBF-D',NULL,'Female',NULL,3,0.9,89,1,1,NULL,4,NULL),
(179,'BBF-E',NULL,'Male',NULL,3,1,90,1,1,NULL,4,NULL),
(180,'BBF-E',NULL,'Female',NULL,3,1,90,1,1,NULL,4,NULL),
(181,'BBF-A',NULL,'Male',NULL,4,0.6,91,1,1,NULL,4,NULL),
(182,'BBF-A',NULL,'Female',NULL,4,0.6,91,1,1,NULL,4,NULL),
(183,'BBF-B',NULL,'Male',NULL,4,0.7,92,1,1,NULL,4,NULL),
(184,'BBF-B',NULL,'Female',NULL,4,0.7,92,1,1,NULL,4,NULL),
(185,'BBF-C',NULL,'Male',NULL,4,0.8,93,1,1,NULL,4,NULL),
(186,'BBF-C',NULL,'Female',NULL,4,0.8,93,1,1,NULL,4,NULL),
(187,'BBF-D',NULL,'Male',NULL,4,0.9,94,1,1,NULL,4,NULL),
(188,'BBF-D',NULL,'Female',NULL,4,0.9,94,1,1,NULL,4,NULL),
(189,'BBF-E',NULL,'Male',NULL,4,1,95,1,1,NULL,4,NULL),
(190,'BBF-E',NULL,'Female',NULL,4,1,95,1,1,NULL,4,NULL),
(191,'BBF-A',NULL,'Male',NULL,5,0.6,96,1,1,NULL,4,NULL),
(192,'BBF-A',NULL,'Female',NULL,5,0.6,96,1,1,NULL,4,NULL),
(193,'BBF-B',NULL,'Male',NULL,5,0.7,97,1,1,NULL,4,NULL),
(194,'BBF-B',NULL,'Female',NULL,5,0.7,97,1,1,NULL,4,NULL),
(195,'BBF-C',NULL,'Male',NULL,5,0.8,98,1,1,NULL,4,NULL),
(196,'BBF-C',NULL,'Female',NULL,5,0.8,98,1,1,NULL,4,NULL),
(197,'BBF-D',NULL,'Male',NULL,5,0.9,99,1,1,NULL,4,NULL),
(198,'BBF-D',NULL,'Female',NULL,5,0.9,99,1,1,NULL,4,NULL),
(199,'BBF-E',NULL,'Male',NULL,5,1,100,1,1,NULL,4,NULL),
(200,'BBF-E',NULL,'Female',NULL,5,1,100,1,1,NULL,4,NULL),
(201,'TBF-A',NULL,'Male',NULL,1,0.6,101,1,1,NULL,5,NULL),
(202,'TBF-A',NULL,'Female',NULL,1,0.6,101,1,1,NULL,5,NULL),
(203,'TBF-B',NULL,'Male','2021-09-25 16:25:35.709000',1,0.7,102,1,1,NULL,5,1),
(204,'TBF-B',NULL,'Female',NULL,1,0.7,102,1,1,NULL,5,NULL),
(205,'TBF-C',NULL,'Male',NULL,1,0.8,103,1,1,NULL,5,NULL),
(206,'TBF-C',NULL,'Female',NULL,1,0.8,103,1,1,NULL,5,NULL),
(207,'TBF-D',NULL,'Male',NULL,1,0.9,104,1,1,NULL,5,NULL),
(208,'TBF-D',NULL,'Female',NULL,1,0.9,104,1,1,NULL,5,NULL),
(209,'TBF-E',NULL,'Male',NULL,1,1,105,1,1,NULL,5,NULL),
(210,'TBF-E',NULL,'Female',NULL,1,1,105,1,1,NULL,5,NULL),
(211,'TBF-A',NULL,'Male',NULL,2,0.6,106,1,1,NULL,5,NULL),
(212,'TBF-A',NULL,'Female',NULL,2,0.6,106,1,1,NULL,5,NULL),
(213,'TBF-B',NULL,'Male',NULL,2,0.7,107,1,1,NULL,5,NULL),
(214,'TBF-B',NULL,'Female',NULL,2,0.7,107,1,1,NULL,5,NULL),
(215,'TBF-C',NULL,'Male',NULL,2,0.8,108,1,1,NULL,5,NULL),
(216,'TBF-C',NULL,'Female',NULL,2,0.8,108,1,1,NULL,5,NULL),
(217,'TBF-D',NULL,'Male',NULL,2,0.9,109,1,1,NULL,5,NULL),
(218,'TBF-D',NULL,'Female',NULL,2,0.9,109,1,1,NULL,5,NULL),
(219,'TBF-E',NULL,'Male',NULL,2,1,110,1,1,NULL,5,NULL),
(220,'TBF-E',NULL,'Female',NULL,2,1,110,1,1,NULL,5,NULL),
(221,'TBF-A',NULL,'Male',NULL,3,0.6,111,1,1,NULL,5,NULL),
(222,'TBF-A',NULL,'Female',NULL,3,0.6,111,1,1,NULL,5,NULL),
(223,'TBF-B',NULL,'Male',NULL,3,0.7,112,1,1,NULL,5,NULL),
(224,'TBF-B',NULL,'Female',NULL,3,0.7,112,1,1,NULL,5,NULL),
(225,'TBF-C',NULL,'Male',NULL,3,0.8,113,1,1,NULL,5,NULL),
(226,'TBF-C',NULL,'Female',NULL,3,0.8,113,1,1,NULL,5,NULL),
(227,'TBF-D',NULL,'Male',NULL,3,0.9,114,1,1,NULL,5,NULL),
(228,'TBF-D',NULL,'Female',NULL,3,0.9,114,1,1,NULL,5,NULL),
(229,'TBF-E',NULL,'Male',NULL,3,1,115,1,1,NULL,5,NULL),
(230,'TBF-E',NULL,'Female',NULL,3,1,115,1,1,NULL,5,NULL),
(231,'TBF-A',NULL,'Male',NULL,4,0.6,116,1,1,NULL,5,NULL),
(232,'TBF-A',NULL,'Female',NULL,4,0.6,116,1,1,NULL,5,NULL),
(233,'TBF-B',NULL,'Male',NULL,4,0.7,117,1,1,NULL,5,NULL),
(234,'TBF-B',NULL,'Female',NULL,4,0.7,117,1,1,NULL,5,NULL),
(235,'TBF-C',NULL,'Male',NULL,4,0.8,118,1,1,NULL,5,NULL),
(236,'TBF-C',NULL,'Female',NULL,4,0.8,118,1,1,NULL,5,NULL),
(237,'TBF-D',NULL,'Male',NULL,4,0.9,119,1,1,NULL,5,NULL),
(238,'TBF-D',NULL,'Female',NULL,4,0.9,119,1,1,NULL,5,NULL),
(239,'TBF-E',NULL,'Male',NULL,4,1,120,1,1,NULL,5,NULL),
(240,'TBF-E',NULL,'Female',NULL,4,1,120,1,1,NULL,5,NULL),
(241,'TBF-A',NULL,'Male',NULL,5,0.6,121,1,1,NULL,5,NULL),
(242,'TBF-A',NULL,'Female',NULL,5,0.6,121,1,1,NULL,5,NULL),
(243,'TBF-B',NULL,'Male',NULL,5,0.7,122,1,1,NULL,5,NULL),
(244,'TBF-B',NULL,'Female',NULL,5,0.7,122,1,1,NULL,5,NULL),
(245,'TBF-C',NULL,'Male',NULL,5,0.8,123,1,1,NULL,5,NULL),
(246,'TBF-C',NULL,'Female',NULL,5,0.8,123,1,1,NULL,5,NULL),
(247,'TBF-D',NULL,'Male',NULL,5,0.9,124,1,1,NULL,5,NULL),
(248,'TBF-D',NULL,'Female',NULL,5,0.9,124,1,1,NULL,5,NULL),
(249,'TBF-E',NULL,'Male',NULL,5,1,125,1,1,NULL,5,NULL),
(250,'TBF-E',NULL,'Female',NULL,5,1,125,1,1,NULL,5,NULL),
(251,'TBB-A',NULL,'Male',NULL,1,0.6,126,1,1,NULL,6,NULL),
(252,'TBB-A',NULL,'Female',NULL,1,0.6,126,1,1,NULL,6,NULL),
(253,'TBB-B',NULL,'Male',NULL,1,0.7,127,1,1,NULL,6,NULL),
(254,'TBB-B',NULL,'Female',NULL,1,0.7,127,1,1,NULL,6,NULL),
(255,'TBB-C',NULL,'Male',NULL,1,0.8,128,1,1,NULL,6,NULL),
(256,'TBB-C',NULL,'Female',NULL,1,0.8,128,1,1,NULL,6,NULL),
(257,'TBB-D',NULL,'Male',NULL,1,0.9,129,1,1,NULL,6,NULL),
(258,'TBB-D',NULL,'Female',NULL,1,0.9,129,1,1,NULL,6,NULL),
(259,'TBB-E',NULL,'Male','2021-09-25 16:01:00.177000',1,1,130,1,1,NULL,6,1),
(260,'TBB-E',NULL,'Female','2021-09-25 16:01:23.466000',1,1,130,1,1,NULL,6,1),
(261,'TBB-A',NULL,'Male',NULL,2,0.6,131,1,1,NULL,6,NULL),
(262,'TBB-A',NULL,'Female',NULL,2,0.6,131,1,1,NULL,6,NULL),
(263,'TBB-B',NULL,'Male',NULL,2,0.7,132,1,1,NULL,6,NULL),
(264,'TBB-B',NULL,'Female',NULL,2,0.7,132,1,1,NULL,6,NULL),
(265,'TBB-C',NULL,'Male',NULL,2,0.8,133,1,1,NULL,6,NULL),
(266,'TBB-C',NULL,'Female',NULL,2,0.8,133,1,1,NULL,6,NULL),
(267,'TBB-D',NULL,'Male',NULL,2,0.9,134,1,1,NULL,6,NULL),
(268,'TBB-D',NULL,'Female',NULL,2,0.9,134,1,1,NULL,6,NULL),
(269,'TBB-E',NULL,'Male',NULL,2,1,135,1,1,NULL,6,NULL),
(270,'TBB-E',NULL,'Female',NULL,2,1,135,1,1,NULL,6,NULL),
(271,'TBB-A',NULL,'Male',NULL,3,0.6,136,1,1,NULL,6,NULL),
(272,'TBB-A',NULL,'Female',NULL,3,0.6,136,1,1,NULL,6,NULL),
(273,'TBB-B',NULL,'Male',NULL,3,0.7,137,1,1,NULL,6,NULL),
(274,'TBB-B',NULL,'Female',NULL,3,0.7,137,1,1,NULL,6,NULL),
(275,'TBB-C',NULL,'Male',NULL,3,0.8,138,1,1,NULL,6,NULL),
(276,'TBB-C',NULL,'Female',NULL,3,0.8,138,1,1,NULL,6,NULL),
(277,'TBB-D',NULL,'Male',NULL,3,0.9,139,1,1,NULL,6,NULL),
(278,'TBB-D',NULL,'Female',NULL,3,0.9,139,1,1,NULL,6,NULL),
(279,'TBB-E',NULL,'Male',NULL,3,1,140,1,1,NULL,6,NULL),
(280,'TBB-E',NULL,'Female',NULL,3,1,140,1,1,NULL,6,NULL),
(281,'TBB-A',NULL,'Male',NULL,4,0.6,141,1,1,NULL,6,NULL),
(282,'TBB-A',NULL,'Female',NULL,4,0.6,141,1,1,NULL,6,NULL),
(283,'TBB-B',NULL,'Male',NULL,4,0.7,142,1,1,NULL,6,NULL),
(284,'TBB-B',NULL,'Female',NULL,4,0.7,142,1,1,NULL,6,NULL),
(285,'TBB-C',NULL,'Male',NULL,4,0.8,143,1,1,NULL,6,NULL),
(286,'TBB-C',NULL,'Female',NULL,4,0.8,143,1,1,NULL,6,NULL),
(287,'TBB-D',NULL,'Male',NULL,4,0.9,144,1,1,NULL,6,NULL),
(288,'TBB-D',NULL,'Female',NULL,4,0.9,144,1,1,NULL,6,NULL),
(289,'TBB-E',NULL,'Male',NULL,4,1,145,1,1,NULL,6,NULL),
(290,'TBB-E',NULL,'Female',NULL,4,1,145,1,1,NULL,6,NULL),
(291,'TBB-A',NULL,'Male',NULL,5,0.6,146,1,1,NULL,6,NULL),
(292,'TBB-A',NULL,'Female',NULL,5,0.6,146,1,1,NULL,6,NULL),
(293,'TBB-B',NULL,'Male',NULL,5,0.7,147,1,1,NULL,6,NULL),
(294,'TBB-B',NULL,'Female',NULL,5,0.7,147,1,1,NULL,6,NULL),
(295,'TBB-C',NULL,'Male',NULL,5,0.8,148,1,1,NULL,6,NULL),
(296,'TBB-C',NULL,'Female',NULL,5,0.8,148,1,1,NULL,6,NULL),
(297,'TBB-D',NULL,'Male',NULL,5,0.9,149,1,1,NULL,6,NULL),
(298,'TBB-D',NULL,'Female',NULL,5,0.9,149,1,1,NULL,6,NULL),
(299,'TBB-E',NULL,'Male',NULL,5,1,150,1,1,NULL,6,NULL),
(300,'TBB-E',NULL,'Male',NULL,5,1,150,1,1,NULL,6,NULL),
(301,'LBB-A',NULL,'Male',NULL,1,0.6,151,1,1,NULL,7,NULL),
(302,'LBB-A',NULL,'Female',NULL,1,0.6,151,1,1,NULL,7,NULL),
(303,'LBB-B',NULL,'Male',NULL,1,0.7,152,1,1,NULL,7,NULL),
(304,'LBB-B',NULL,'Female',NULL,1,0.7,152,1,1,NULL,7,NULL),
(305,'LBB-C',NULL,'Male',NULL,1,0.8,153,1,1,NULL,7,NULL),
(306,'LBB-C',NULL,'Female',NULL,1,0.8,153,1,1,NULL,7,NULL),
(307,'LBB-D',NULL,'Male',NULL,1,0.9,154,1,1,NULL,7,NULL),
(308,'LBB-D',NULL,'Female',NULL,1,0.9,154,1,1,NULL,7,NULL),
(309,'LBB-E',NULL,'Male',NULL,1,1,155,1,1,NULL,7,NULL),
(310,'LBB-E',NULL,'Female',NULL,1,1,155,1,1,NULL,7,NULL),
(311,'LBB-A',NULL,'Male',NULL,2,0.6,156,1,1,NULL,7,NULL),
(312,'LBB-A',NULL,'Female',NULL,2,0.6,156,1,1,NULL,7,NULL),
(313,'LBB-B',NULL,'Male',NULL,2,0.7,157,1,1,NULL,7,NULL),
(314,'LBB-B',NULL,'Female',NULL,2,0.7,157,1,1,NULL,7,NULL),
(315,'LBB-C',NULL,'Male',NULL,2,0.8,158,1,1,NULL,7,NULL),
(316,'LBB-C',NULL,'Female',NULL,2,0.8,158,1,1,NULL,7,NULL),
(317,'LBB-D',NULL,'Male',NULL,2,0.9,159,1,1,NULL,7,NULL),
(318,'LBB-D',NULL,'Female',NULL,2,0.9,159,1,1,NULL,7,NULL),
(319,'LBB-E',NULL,'Male',NULL,2,1,160,1,1,NULL,7,NULL),
(320,'LBB-E',NULL,'Female',NULL,2,1,160,1,1,NULL,7,NULL),
(321,'LBB-A',NULL,'Male',NULL,3,0.6,161,1,1,NULL,7,NULL),
(322,'LBB-A',NULL,'Female',NULL,3,0.6,161,1,1,NULL,7,NULL),
(323,'LBB-B',NULL,'Male',NULL,3,0.7,162,1,1,NULL,7,NULL),
(324,'LBB-B',NULL,'Female',NULL,3,0.7,162,1,1,NULL,7,NULL),
(325,'LBB-C',NULL,'Male',NULL,3,0.8,163,1,1,NULL,7,NULL),
(326,'LBB-C',NULL,'Female',NULL,3,0.8,163,1,1,NULL,7,NULL),
(327,'LBB-D',NULL,'Male',NULL,3,0.9,164,1,1,NULL,7,NULL),
(328,'LBB-D',NULL,'Female',NULL,3,0.9,164,1,1,NULL,7,NULL),
(329,'LBB-E',NULL,'Male',NULL,3,1,165,1,1,NULL,7,NULL),
(330,'LBB-E',NULL,'Female',NULL,3,1,165,1,1,NULL,7,NULL),
(331,'LBB-A',NULL,'Male',NULL,4,0.6,166,1,1,NULL,7,NULL),
(332,'LBB-A',NULL,'Female',NULL,4,0.6,166,1,1,NULL,7,NULL),
(333,'LBB-B',NULL,'Male',NULL,4,0.7,167,1,1,NULL,7,NULL),
(334,'LBB-B',NULL,'Female',NULL,4,0.7,167,1,1,NULL,7,NULL),
(335,'LBB-C',NULL,'Male',NULL,4,0.8,168,1,1,NULL,7,NULL),
(336,'LBB-C',NULL,'Female',NULL,4,0.8,168,1,1,NULL,7,NULL),
(337,'LBB-D',NULL,'Male',NULL,4,0.9,169,1,1,NULL,7,NULL),
(338,'LBB-D',NULL,'Female',NULL,4,0.9,169,1,1,NULL,7,NULL),
(339,'LBB-E',NULL,'Male',NULL,4,1,170,1,1,NULL,7,NULL),
(340,'LBB-E',NULL,'Female',NULL,4,1,170,1,1,NULL,7,NULL),
(341,'LBB-A',NULL,'Male',NULL,5,0.6,171,1,1,NULL,7,NULL),
(342,'LBB-A',NULL,'Female',NULL,5,0.6,171,1,1,NULL,7,NULL),
(343,'LBB-B',NULL,'Male',NULL,5,0.7,172,1,1,NULL,7,NULL),
(344,'LBB-B',NULL,'Female',NULL,5,0.7,172,1,1,NULL,7,NULL),
(345,'LBB-C',NULL,'Male',NULL,5,0.8,173,1,1,NULL,7,NULL),
(346,'LBB-C',NULL,'Female',NULL,5,0.8,173,1,1,NULL,7,NULL),
(347,'LBB-D',NULL,'Male',NULL,5,0.9,174,1,1,NULL,7,NULL),
(348,'LBB-D',NULL,'Female',NULL,5,0.9,174,1,1,NULL,7,NULL),
(349,'LBB-E',NULL,'Male',NULL,5,1,175,1,1,NULL,7,NULL),
(350,'LBB-E',NULL,'Female',NULL,5,1,175,1,1,NULL,7,NULL),
(351,'LBF-A',NULL,'Male',NULL,1,0.6,176,1,1,NULL,8,NULL),
(352,'LBF-A',NULL,'Female',NULL,1,0.6,176,1,1,NULL,8,NULL),
(353,'LBF-B',NULL,'Male',NULL,1,0.7,177,1,1,NULL,8,NULL),
(354,'LBF-B',NULL,'Female',NULL,1,0.7,177,1,1,NULL,8,NULL),
(355,'LBF-C',NULL,'Male',NULL,1,0.8,178,1,1,NULL,8,NULL),
(356,'LBF-C',NULL,'Female',NULL,1,0.8,178,1,1,NULL,8,NULL),
(357,'LBF-D',NULL,'Male',NULL,1,0.9,179,1,1,NULL,8,NULL),
(358,'LBF-D',NULL,'Female',NULL,1,0.9,179,1,1,NULL,8,NULL),
(359,'LBF-E',NULL,'Male',NULL,1,1,180,1,1,NULL,8,NULL),
(360,'LBF-E',NULL,'Female',NULL,1,1,180,1,1,NULL,8,NULL),
(361,'LBF-A',NULL,'Male',NULL,2,0.6,181,1,1,NULL,8,NULL),
(362,'LBF-A',NULL,'Female',NULL,2,0.6,181,1,1,NULL,8,NULL),
(363,'LBF-B',NULL,'Male',NULL,2,0.7,182,1,1,NULL,8,NULL),
(364,'LBF-B',NULL,'Female',NULL,2,0.7,182,1,1,NULL,8,NULL),
(365,'LBF-C',NULL,'Male',NULL,2,0.8,183,1,1,NULL,8,NULL),
(366,'LBF-C',NULL,'Female',NULL,2,0.8,183,1,1,NULL,8,NULL),
(367,'LBF-D',NULL,'Male',NULL,2,0.9,184,1,1,NULL,8,NULL),
(368,'LBF-D',NULL,'Female',NULL,2,0.9,184,1,1,NULL,8,NULL),
(369,'LBF-E',NULL,'Male',NULL,2,1,185,1,1,NULL,8,NULL),
(370,'LBF-E',NULL,'Female',NULL,2,1,185,1,1,NULL,8,NULL),
(371,'LBF-A',NULL,'Male',NULL,3,0.6,186,1,1,NULL,8,NULL),
(372,'LBF-A',NULL,'Female',NULL,3,0.6,186,1,1,NULL,8,NULL),
(373,'LBF-B',NULL,'Male',NULL,3,0.7,187,1,1,NULL,8,NULL),
(374,'LBF-B',NULL,'Female',NULL,3,0.7,187,1,1,NULL,8,NULL),
(375,'LBF-C',NULL,'Male',NULL,3,0.8,188,1,1,NULL,8,NULL),
(376,'LBF-C',NULL,'Female',NULL,3,0.8,188,1,1,NULL,8,NULL),
(377,'LBF-D',NULL,'Male',NULL,3,0.9,189,1,1,NULL,8,NULL),
(378,'LBF-D',NULL,'Female',NULL,3,0.9,189,1,1,NULL,8,NULL),
(379,'LBF-E',NULL,'Male',NULL,3,1,190,1,1,NULL,8,NULL),
(380,'LBF-E',NULL,'Female',NULL,3,1,190,1,1,NULL,8,NULL),
(381,'LBF-A',NULL,'Male',NULL,4,0.6,191,1,1,NULL,8,NULL),
(382,'LBF-A',NULL,'Female',NULL,4,0.6,191,1,1,NULL,8,NULL),
(383,'LBF-B',NULL,'Male',NULL,4,0.7,192,1,1,NULL,8,NULL),
(384,'LBF-B',NULL,'Female',NULL,4,0.7,192,1,1,NULL,8,NULL),
(385,'LBF-C',NULL,'Male',NULL,4,0.8,193,1,1,NULL,8,NULL),
(386,'LBF-C',NULL,'Female',NULL,4,0.8,193,1,1,NULL,8,NULL),
(387,'LBF-D',NULL,'Male',NULL,4,0.9,194,1,1,NULL,8,NULL),
(388,'LBF-D',NULL,'Female',NULL,4,0.9,194,1,1,NULL,8,NULL),
(389,'LBF-E',NULL,'Male',NULL,4,1,195,1,1,NULL,8,NULL),
(390,'LBF-E',NULL,'Female',NULL,4,1,195,1,1,NULL,8,NULL),
(391,'LBF-A',NULL,'Male',NULL,5,0.6,196,1,1,NULL,8,NULL),
(392,'LBF-A',NULL,'Female',NULL,5,0.6,196,1,1,NULL,8,NULL),
(393,'LBF-B',NULL,'Male',NULL,5,0.7,197,1,1,NULL,8,NULL),
(394,'LBF-B',NULL,'Female',NULL,5,0.7,197,1,1,NULL,8,NULL),
(395,'LBF-C',NULL,'Male',NULL,5,0.8,198,1,1,NULL,8,NULL),
(396,'LBF-C',NULL,'Female',NULL,5,0.8,198,1,1,NULL,8,NULL),
(397,'LBF-D',NULL,'Male',NULL,5,0.9,199,1,1,NULL,8,NULL),
(398,'LBF-D',NULL,'Female',NULL,5,0.9,199,1,1,NULL,8,NULL),
(399,'LBF-E',NULL,'Male',NULL,5,1,200,1,1,NULL,8,NULL),
(400,'LBF-E',NULL,'Female',NULL,5,1,200,1,1,NULL,8,NULL),
(401,'HBF-A',NULL,'Male',NULL,1,0.6,201,1,1,NULL,9,NULL),
(402,'HBF-A',NULL,'Female',NULL,1,0.6,201,1,1,NULL,9,NULL),
(403,'HBF-B',NULL,'Male',NULL,1,0.7,202,1,1,NULL,9,1),
(404,'HBF-B',NULL,'Female','2021-09-25 15:33:47.377000',1,0.7,202,1,1,NULL,9,NULL),
(405,'HBF-C','2021-09-20 10:23:06.391000','Male',NULL,1,0.8,203,1,1,1,9,NULL),
(406,'HBF-C','2021-09-20 10:23:23.822000','Female',NULL,1,0.8,203,1,1,1,9,1),
(407,'HBF-D','2021-09-20 10:28:06.995000','Male','2021-09-20 10:42:08.023000',1,0.9,204,1,1,1,9,NULL),
(408,'HBF-D','2021-09-20 10:33:10.070000','Female',NULL,1,0.9,204,1,1,1,9,NULL),
(409,'HBF-E','2021-09-20 11:02:04.989000','Male',NULL,1,1,205,1,1,1,9,NULL),
(410,'HBF-E','2021-09-20 11:02:25.128000','Female',NULL,1,1,205,1,1,1,9,NULL),
(411,'HBF-A','2021-09-20 11:06:53.809000','Male',NULL,2,0.6,206,1,1,1,9,NULL),
(412,'HBF-A','2021-09-20 11:07:11.601000','Female',NULL,2,0.6,206,1,1,1,9,NULL),
(413,'HBF-B','2021-09-20 11:11:45.388000','Male',NULL,2,0.7,207,1,1,1,9,NULL),
(414,'HBF-B','2021-09-20 11:12:06.884000','Female',NULL,2,0.7,207,1,1,1,9,NULL),
(415,'HBF-C','2021-09-20 11:16:39.799000','Male',NULL,2,0.8,208,1,1,1,9,NULL),
(416,'HBF-C','2021-09-20 11:16:55.931000','Female',NULL,2,0.8,208,1,1,1,9,NULL),
(417,'HBF-D','2021-09-20 11:23:12.707000','Male',NULL,2,0.9,209,1,1,1,9,NULL),
(418,'HBF-D','2021-09-20 11:23:43.910000','Female',NULL,2,0.9,209,1,1,1,9,NULL),
(419,'HBF-E','2021-09-20 11:27:31.841000','Male',NULL,2,1,210,1,1,1,9,NULL),
(420,'HBF-E','2021-09-20 11:27:47.483000','Female',NULL,2,1,210,1,1,1,9,NULL),
(421,'HBF-A','2021-09-20 11:31:25.401000','Male',NULL,3,0.6,211,1,1,1,9,NULL),
(422,'HBF-A','2021-09-20 11:31:45.038000','Female',NULL,3,0.6,211,1,1,1,9,NULL),
(423,'HBF-B','2021-09-20 11:37:50.343000','Male',NULL,3,0.7,212,1,1,1,9,NULL),
(424,'HBF-B','2021-09-20 11:38:05.710000','Female',NULL,3,0.7,212,1,1,1,9,NULL),
(425,'HBF-C','2021-09-20 11:45:08.335000','Male',NULL,3,0.8,213,1,1,1,9,NULL),
(426,'HBF-C','2021-09-20 11:45:25.627000','Female',NULL,3,0.8,213,1,1,1,9,NULL),
(427,'HBF-D','2021-09-20 11:49:28.319000','Male',NULL,3,0.9,214,1,1,1,9,NULL),
(428,'HBF-D','2021-09-20 11:49:50.537000','Female',NULL,3,0.9,214,1,1,1,9,NULL),
(429,'HBF-E','2021-09-20 11:54:11.689000','Male',NULL,3,1,215,1,1,1,9,NULL),
(430,'HBF-E','2021-09-20 11:55:34.268000','Female',NULL,3,1,215,1,1,1,9,NULL),
(431,'HBF-A','2021-09-20 12:00:26.250000','Male',NULL,4,0.6,216,1,1,1,9,NULL),
(432,'HBF-A','2021-09-20 12:00:41.727000','Female',NULL,4,0.6,216,1,1,1,9,NULL),
(433,'HBF-B','2021-09-20 12:05:08.901000','Male',NULL,4,0.7,217,1,1,1,9,NULL),
(434,'HBF-B','2021-09-20 12:05:24.705000','Female',NULL,4,0.7,217,1,1,1,9,NULL),
(435,'HBF-C','2021-09-20 12:09:36.851000','Male',NULL,4,0.8,218,1,1,1,9,NULL),
(436,'HBF-C','2021-09-20 12:09:54.036000','Female',NULL,4,0.8,218,1,1,1,9,NULL),
(437,'HBF-D','2021-09-20 12:14:44.680000','Male',NULL,4,0.9,219,1,1,1,9,NULL),
(438,'HBF-D','2021-09-20 12:14:59.011000','Female',NULL,4,0.9,219,1,1,1,9,NULL),
(439,'HBF-E','2021-09-20 12:18:39.795000','Male',NULL,4,1,220,1,1,1,9,NULL),
(440,'HBF-E','2021-09-20 12:18:57.441000','Female',NULL,4,1,220,1,1,1,9,NULL),
(441,'HBF-A','2021-09-20 12:25:01.093000','Male',NULL,5,0.6,221,1,1,1,9,NULL),
(442,'HBF-A','2021-09-20 12:25:49.038000','Female',NULL,5,0.6,221,1,1,1,9,NULL),
(443,'HBF-B','2021-09-20 12:29:52.085000','Male',NULL,5,0.7,222,1,1,1,9,NULL),
(444,'HBF-B','2021-09-20 12:30:17.259000','Female',NULL,5,0.7,222,1,1,1,9,NULL),
(445,'HBF-C','2021-09-20 12:35:37.140000','Male',NULL,5,0.8,223,1,1,1,9,NULL),
(446,'HBF-C','2021-09-20 12:35:55.786000','Female',NULL,5,0.8,223,1,1,1,9,NULL),
(447,'HBF-D','2021-09-20 12:40:46.615000','Male',NULL,5,0.9,224,1,1,1,9,NULL),
(448,'HBF-D','2021-09-20 12:41:08.031000','Female',NULL,5,0.9,224,1,1,1,9,NULL),
(449,'HBF-E','2021-09-20 12:47:08.865000','Male',NULL,5,1,225,1,1,1,9,NULL),
(450,'HBF-E','2021-09-20 12:47:31.782000','Female',NULL,5,1,225,1,1,1,9,1),
(451,'HBB-A','2021-09-20 12:56:40.410000','Male','2021-09-20 13:01:26.266000',1,0.6,226,1,1,1,10,1),
(452,'HBB-A','2021-09-20 12:57:27.236000','Female','2021-09-25 15:53:12.734000',1,0.6,226,1,1,1,10,NULL),
(453,'HBB-B','2021-09-20 13:03:42.738000','Male',NULL,1,0.7,227,1,1,1,10,NULL),
(454,'HBB-B','2021-09-20 13:04:04.889000','Female',NULL,1,0.7,227,1,1,1,10,NULL),
(455,'HBB-C','2021-09-20 13:08:48.345000','Male',NULL,1,0.8,228,1,1,1,10,NULL),
(456,'HBB-C','2021-09-20 13:09:30.586000','Female',NULL,1,0.8,228,1,1,1,10,NULL),
(457,'HBB-D','2021-09-20 13:12:54.453000','Male',NULL,1,0.9,229,1,1,1,10,NULL),
(458,'HBB-D','2021-09-20 13:13:08.433000','Female',NULL,1,0.9,229,1,1,1,10,NULL),
(459,'HBB-E','2021-09-20 13:17:43.521000','Male',NULL,1,1,230,1,1,1,10,NULL),
(460,'HBB-E','2021-09-20 13:18:07.314000','Female',NULL,1,1,230,1,1,1,10,NULL),
(461,'HBB-A','2021-09-20 13:22:24.670000','Male',NULL,2,0.6,231,1,1,1,10,1),
(462,'HBB-A','2021-09-20 13:22:37.318000','Female','2021-09-20 13:24:03.834000',2,0.6,231,1,1,1,10,NULL),
(463,'HBB-B','2021-09-20 13:31:28.751000','Male',NULL,2,0.7,232,1,1,1,10,NULL),
(464,'HBB-B','2021-09-20 13:31:43.008000','Female',NULL,2,0.7,232,1,1,1,10,NULL),
(465,'HBB-C','2021-09-20 13:38:15.979000','Male',NULL,2,0.8,233,1,1,1,10,NULL),
(466,'HBB-C','2021-09-20 13:38:31.514000','Female',NULL,2,0.8,233,1,1,1,10,NULL),
(467,'HBB-D','2021-09-20 13:43:02.396000','Male',NULL,2,0.9,234,1,1,1,10,NULL),
(468,'HBB-D','2021-09-20 13:43:19.246000','Female',NULL,2,0.9,234,1,1,1,10,NULL),
(469,'HBB-E','2021-09-20 13:47:47.598000','Male',NULL,2,1,235,1,1,1,10,NULL),
(470,'HBB-E','2021-09-20 14:19:40.150000','Female',NULL,2,1,235,1,1,1,10,NULL),
(471,'HBB-A','2021-09-20 15:13:36.990000','Male',NULL,3,0.6,236,1,1,1,10,NULL),
(472,'HBB-A','2021-09-20 15:13:53.021000','Female',NULL,3,0.6,236,1,1,1,10,NULL),
(473,'HBB-B','2021-09-20 15:18:23.785000','Male',NULL,3,0.7,237,1,1,1,10,NULL),
(474,'HBB-B','2021-09-20 15:18:51.404000','Female',NULL,3,0.7,237,1,1,1,10,NULL),
(475,'HBB-C','2021-09-20 15:22:32.754000','Male',NULL,3,0.8,238,1,1,1,10,NULL),
(476,'HBB-C','2021-09-20 15:23:03.644000','Female',NULL,3,0.8,238,1,1,1,10,NULL),
(477,'HBB-D','2021-09-20 15:27:58.493000','Male',NULL,3,0.9,239,1,1,1,10,NULL),
(478,'HBB-D','2021-09-20 15:28:13.219000','Female',NULL,3,0.9,239,1,1,1,10,NULL),
(479,'HBB-E','2021-09-20 15:57:46.776000','Male',NULL,3,1,240,1,1,1,10,1),
(480,'HBB-E','2021-09-20 15:58:09.057000','Female','2021-09-25 16:41:17.218000',3,1,240,1,1,1,10,NULL),
(481,'HBB-A','2021-09-20 16:01:55.948000','Male',NULL,4,0.6,241,1,1,1,10,NULL),
(482,'HBB-A','2021-09-20 16:02:10.114000','Female',NULL,4,0.6,241,1,1,1,10,NULL),
(483,'HBB-B','2021-09-20 16:05:52.291000','Male',NULL,4,0.7,242,1,1,1,10,NULL),
(484,'HBB-B','2021-09-20 16:06:09.244000','Female',NULL,4,0.7,242,1,1,1,10,NULL),
(485,'HBB-C','2021-09-20 16:10:09.765000','Male',NULL,4,0.8,243,1,1,1,10,NULL),
(486,'HBB-C','2021-09-20 16:10:25.170000','Female',NULL,4,0.8,243,1,1,1,10,NULL),
(487,'HBB-D','2021-09-20 16:18:11.358000','Male',NULL,4,0.9,244,1,1,1,10,NULL),
(488,'HBB-D','2021-09-20 16:18:37.974000','Female',NULL,4,0.9,244,1,1,1,10,NULL),
(489,'HBB-E','2021-09-20 16:22:36.579000','Male',NULL,4,1,245,1,1,1,10,NULL),
(490,'HBB-E','2021-09-20 16:22:59.054000','Female',NULL,4,1,245,1,1,1,10,NULL),
(491,'HBB-A','2021-09-20 16:26:20.937000','Male',NULL,5,0.6,246,1,1,1,10,NULL),
(492,'HBB-A','2021-09-20 16:26:40.936000','Female',NULL,5,0.6,246,1,1,1,10,NULL),
(493,'HBB-B','2021-09-20 16:31:26.130000','Male',NULL,5,0.7,247,1,1,1,10,NULL),
(494,'HBB-B','2021-09-20 16:31:42.043000','Female',NULL,5,0.7,247,1,1,1,10,NULL),
(495,'HBB-C','2021-09-20 16:36:12.806000','Male',NULL,5,0.8,248,1,1,1,10,NULL),
(496,'HBB-C','2021-09-20 16:36:30.431000','Female',NULL,5,0.8,248,1,1,1,10,NULL),
(497,'HBB-D','2021-09-20 16:40:10.375000','Male',NULL,5,0.9,249,1,1,1,10,NULL),
(498,'HBB-D','2021-09-20 16:40:27.782000','Female',NULL,5,0.9,249,1,1,1,10,NULL),
(499,'HBB-E','2021-09-20 16:44:03.501000','Male',NULL,5,1,250,1,1,1,10,NULL),
(500,'HBB-E','2021-09-20 16:44:22.535000','Female',NULL,5,1,250,1,1,1,10,NULL),
(501,'FBS-A',NULL,'Male',NULL,1,0.6,1,2,1,NULL,1,NULL),
(502,'FBS-B',NULL,'Male',NULL,1,0.7,2,2,1,NULL,1,NULL),
(503,'FBS-C',NULL,'Male',NULL,1,0.8,3,2,1,NULL,1,NULL),
(504,'FBS-D',NULL,'Male',NULL,1,0.9,4,2,1,NULL,1,NULL),
(505,'FBS-E',NULL,'Male',NULL,1,1,5,2,1,NULL,1,NULL),
(506,'FBS-A',NULL,'Male',NULL,2,0.6,6,2,1,NULL,1,NULL),
(507,'FBS-B',NULL,'Male',NULL,2,0.7,7,2,1,NULL,1,NULL),
(508,'FBS-C',NULL,'Male',NULL,2,0.8,8,2,1,NULL,1,NULL),
(509,'FBS-D',NULL,'Male',NULL,2,0.9,9,2,1,NULL,1,NULL),
(510,'FBS-E',NULL,'Male',NULL,2,1,10,2,1,NULL,1,NULL),
(511,'FBS-A',NULL,'Male',NULL,3,0.6,11,2,1,NULL,1,NULL),
(512,'FBS-B',NULL,'Male',NULL,3,0.7,12,2,1,NULL,1,NULL),
(513,'FBS-C',NULL,'Male',NULL,3,0.8,13,2,1,NULL,1,NULL),
(514,'FBS-D',NULL,'Male',NULL,3,0.9,14,2,1,NULL,1,NULL),
(515,'FBS-E',NULL,'Male',NULL,3,1,15,2,1,NULL,1,NULL),
(516,'FBS-A',NULL,'Male',NULL,4,0.6,16,2,1,NULL,1,NULL),
(517,'FBS-B',NULL,'Male',NULL,4,0.7,17,2,1,NULL,1,NULL),
(518,'FBS-C',NULL,'Male',NULL,4,0.8,18,2,1,NULL,1,NULL),
(519,'FBS-D',NULL,'Male',NULL,4,0.9,19,2,1,NULL,1,NULL),
(520,'FBS-E',NULL,'Male',NULL,4,1,20,2,1,NULL,1,NULL),
(521,'FBS-A',NULL,'Male',NULL,5,0.6,21,2,1,NULL,1,NULL),
(522,'FBS-B',NULL,'Male',NULL,5,0.7,22,2,1,NULL,1,NULL),
(523,'FBS-C',NULL,'Male',NULL,5,0.8,23,2,1,NULL,1,NULL),
(524,'FBS-D',NULL,'Male',NULL,5,0.9,24,2,1,NULL,1,NULL),
(525,'FBS-E',NULL,'Male',NULL,5,1,25,2,1,NULL,1,NULL),
(526,'FBF-A',NULL,'Male',NULL,1,0.6,26,2,1,NULL,2,NULL),
(527,'FBF-B',NULL,'Male',NULL,1,0.7,27,2,1,NULL,2,NULL),
(528,'FBF-C',NULL,'Male',NULL,1,0.8,28,2,1,NULL,2,NULL),
(529,'FBF-D',NULL,'Male',NULL,1,0.9,29,2,1,NULL,2,NULL),
(530,'FBF-E',NULL,'Male',NULL,1,1,30,2,1,NULL,2,NULL),
(531,'FBF-A',NULL,'Male',NULL,2,0.6,31,2,1,NULL,2,NULL),
(532,'FBF-B',NULL,'Male',NULL,2,0.7,32,2,1,NULL,2,NULL),
(533,'FBF-C',NULL,'Male',NULL,2,0.8,33,2,1,NULL,2,NULL),
(534,'FBF-D',NULL,'Male',NULL,2,0.9,34,2,1,NULL,2,NULL),
(535,'FBF-E',NULL,'Male',NULL,2,1,35,2,1,NULL,2,NULL),
(536,'FBF-A',NULL,'Male',NULL,3,0.6,36,2,1,NULL,2,NULL),
(537,'FBF-B',NULL,'Male',NULL,3,0.7,37,2,1,NULL,2,NULL),
(538,'FBF-C',NULL,'Male',NULL,3,0.8,38,2,1,NULL,2,NULL),
(539,'FBF-D',NULL,'Male',NULL,3,0.9,39,2,1,NULL,2,NULL),
(540,'FBF-E',NULL,'Male',NULL,3,1,40,2,1,NULL,2,NULL),
(541,'FBF-A',NULL,'Male',NULL,4,0.6,41,2,1,NULL,2,NULL),
(542,'FBF-B',NULL,'Male',NULL,4,0.7,42,2,1,NULL,2,NULL),
(543,'FBF-C',NULL,'Male',NULL,4,0.8,43,2,1,NULL,2,NULL),
(544,'FBF-D',NULL,'Male',NULL,4,0.9,44,2,1,NULL,2,NULL),
(545,'FBF-E',NULL,'Male',NULL,4,1,45,2,1,NULL,2,NULL),
(546,'FBF-A',NULL,'Male',NULL,5,0.6,46,2,1,NULL,2,NULL),
(547,'FBF-B',NULL,'Male',NULL,5,0.7,47,2,1,NULL,2,NULL),
(548,'FBF-C',NULL,'Male',NULL,5,0.8,48,2,1,NULL,2,NULL),
(549,'FBF-D',NULL,'Male',NULL,5,0.9,49,2,1,NULL,2,NULL),
(550,'FBF-E',NULL,'Male',NULL,5,1,50,2,1,NULL,2,NULL),
(551,'BBS-A',NULL,'Male',NULL,1,0.6,51,2,1,NULL,3,NULL),
(552,'BBS-B',NULL,'Male',NULL,1,0.7,52,2,1,NULL,3,NULL),
(553,'BBS-C',NULL,'Male',NULL,1,0.8,53,2,1,NULL,3,NULL),
(554,'BBS-D',NULL,'Male',NULL,1,0.9,54,2,1,NULL,3,NULL),
(555,'BBS-E',NULL,'Male',NULL,1,1,55,2,1,NULL,3,NULL),
(556,'BBS-A',NULL,'Male',NULL,2,0.6,56,2,1,NULL,3,NULL),
(557,'BBS-B',NULL,'Male',NULL,2,0.7,57,2,1,NULL,3,NULL),
(558,'BBS-C',NULL,'Male',NULL,2,0.8,58,2,1,NULL,3,NULL),
(559,'BBS-D',NULL,'Male',NULL,2,0.9,59,2,1,NULL,3,NULL),
(560,'BBS-E',NULL,'Male',NULL,2,1,60,2,1,NULL,3,NULL),
(561,'BBS-A',NULL,'Male',NULL,3,0.6,61,2,1,NULL,3,NULL),
(562,'BBS-B',NULL,'Male',NULL,3,0.7,62,2,1,NULL,3,NULL),
(563,'BBS-C',NULL,'Male',NULL,3,0.8,63,2,1,NULL,3,NULL),
(564,'BBS-D',NULL,'Male',NULL,3,0.9,64,2,1,NULL,3,NULL),
(565,'BBS-E',NULL,'Male',NULL,3,1,65,2,1,NULL,3,NULL),
(566,'BBS-A',NULL,'Male',NULL,4,0.6,66,2,1,NULL,3,NULL),
(567,'BBS-B',NULL,'Male',NULL,4,0.7,67,2,1,NULL,3,NULL),
(568,'BBS-C',NULL,'Male',NULL,4,0.8,68,2,1,NULL,3,NULL),
(569,'BBS-D',NULL,'Male',NULL,4,0.9,69,2,1,NULL,3,NULL),
(570,'BBS-E',NULL,'Male',NULL,4,1,70,2,1,NULL,3,NULL),
(571,'BBS-A',NULL,'Male',NULL,5,0.6,71,2,1,NULL,3,NULL),
(572,'BBS-B',NULL,'Male',NULL,5,0.7,72,2,1,NULL,3,NULL),
(573,'BBS-C',NULL,'Male',NULL,5,0.8,73,2,1,NULL,3,NULL),
(574,'BBS-D',NULL,'Male',NULL,5,0.9,74,2,1,NULL,3,NULL),
(575,'BBS-E',NULL,'Male',NULL,5,1,75,2,1,NULL,3,NULL),
(576,'BBF-A',NULL,'Male',NULL,1,0.6,76,2,1,NULL,4,NULL),
(577,'BBF-B',NULL,'Male',NULL,1,0.7,77,2,1,NULL,4,NULL),
(578,'BBF-C',NULL,'Male',NULL,1,0.8,78,2,1,NULL,4,NULL),
(579,'BBF-D',NULL,'Male',NULL,1,0.9,79,2,1,NULL,4,NULL),
(580,'BBF-E',NULL,'Male',NULL,1,1,80,2,1,NULL,4,NULL),
(581,'BBF-A',NULL,'Male',NULL,2,0.6,81,2,1,NULL,4,NULL),
(582,'BBF-B',NULL,'Male',NULL,2,0.7,82,2,1,NULL,4,NULL),
(583,'BBF-C',NULL,'Male',NULL,2,0.8,83,2,1,NULL,4,NULL),
(584,'BBF-D',NULL,'Male',NULL,2,0.9,84,2,1,NULL,4,NULL),
(585,'BBF-E',NULL,'Male',NULL,2,1,85,2,1,NULL,4,NULL),
(586,'BBF-A',NULL,'Male',NULL,3,0.6,86,2,1,NULL,4,NULL),
(587,'BBF-B',NULL,'Male',NULL,3,0.7,87,2,1,NULL,4,NULL),
(588,'BBF-C',NULL,'Male',NULL,3,0.8,88,2,1,NULL,4,NULL),
(589,'BBF-D',NULL,'Male',NULL,3,0.9,89,2,1,NULL,4,NULL),
(590,'BBF-E',NULL,'Male',NULL,3,1,90,2,1,NULL,4,NULL),
(591,'BBF-A',NULL,'Male',NULL,4,0.6,91,2,1,NULL,4,NULL),
(592,'BBF-B',NULL,'Male',NULL,4,0.7,92,2,1,NULL,4,NULL),
(593,'BBF-C',NULL,'Male',NULL,4,0.8,93,2,1,NULL,4,NULL),
(594,'BBF-D',NULL,'Male',NULL,4,0.9,94,2,1,NULL,4,NULL),
(595,'BBF-E',NULL,'Male',NULL,4,1,95,2,1,NULL,4,NULL),
(596,'BBF-A',NULL,'Male',NULL,5,0.6,96,2,1,NULL,4,NULL),
(597,'BBF-B',NULL,'Male',NULL,5,0.7,97,2,1,NULL,4,NULL),
(598,'BBF-C',NULL,'Male',NULL,5,0.8,98,2,1,NULL,4,NULL),
(599,'BBF-D',NULL,'Male',NULL,5,0.9,99,2,1,NULL,4,NULL),
(600,'BBF-E',NULL,'Male',NULL,5,1,100,2,1,NULL,4,NULL),
(601,'TBF-A',NULL,'Male',NULL,1,0.6,101,2,1,NULL,5,NULL),
(602,'TBF-B',NULL,'Male',NULL,1,0.7,102,2,1,NULL,5,NULL),
(603,'TBF-C',NULL,'Male',NULL,1,0.8,103,2,1,NULL,5,NULL),
(604,'TBF-D',NULL,'Male',NULL,1,0.9,104,2,1,NULL,5,NULL),
(605,'TBF-E',NULL,'Male',NULL,1,1,105,2,1,NULL,5,NULL),
(606,'TBF-A',NULL,'Male',NULL,2,0.6,106,2,1,NULL,5,NULL),
(607,'TBF-B',NULL,'Male',NULL,2,0.7,107,2,1,NULL,5,NULL),
(608,'TBF-C',NULL,'Male',NULL,2,0.8,108,2,1,NULL,5,NULL),
(609,'TBF-D',NULL,'Male',NULL,2,0.9,109,2,1,NULL,5,NULL),
(610,'TBF-E',NULL,'Male',NULL,2,1,110,2,1,NULL,5,NULL),
(611,'TBF-A',NULL,'Male',NULL,3,0.6,111,2,1,NULL,5,NULL),
(612,'TBF-B',NULL,'Male',NULL,3,0.7,112,2,1,NULL,5,NULL),
(613,'TBF-C',NULL,'Male',NULL,3,0.8,113,2,1,NULL,5,NULL),
(614,'TBF-D',NULL,'Male',NULL,3,0.9,114,2,1,NULL,5,NULL),
(615,'TBF-E',NULL,'Male',NULL,3,1,115,2,1,NULL,5,NULL),
(616,'TBF-A',NULL,'Male',NULL,4,0.6,116,2,1,NULL,5,NULL),
(617,'TBF-B',NULL,'Male',NULL,4,0.7,117,2,1,NULL,5,NULL),
(618,'TBF-C',NULL,'Male',NULL,4,0.8,118,2,1,NULL,5,NULL),
(619,'TBF-D',NULL,'Male',NULL,4,0.9,119,2,1,NULL,5,NULL),
(620,'TBF-E',NULL,'Male',NULL,4,1,120,2,1,NULL,5,NULL),
(621,'TBF-A',NULL,'Male',NULL,5,0.6,121,2,1,NULL,5,NULL),
(622,'TBF-B',NULL,'Male',NULL,5,0.7,122,2,1,NULL,5,NULL),
(623,'TBF-C',NULL,'Male',NULL,5,0.8,123,2,1,NULL,5,NULL),
(624,'TBF-D',NULL,'Male',NULL,5,0.9,124,2,1,NULL,5,NULL),
(625,'TBF-E',NULL,'Male',NULL,5,1,125,2,1,NULL,5,NULL),
(626,'TBB-A',NULL,'Male',NULL,1,0.6,126,2,1,NULL,6,NULL),
(627,'TBB-B',NULL,'Male',NULL,1,0.7,127,2,1,NULL,6,NULL),
(628,'TBB-C',NULL,'Male',NULL,1,0.8,128,2,1,NULL,6,NULL),
(629,'TBB-D',NULL,'Male',NULL,1,0.9,129,2,1,NULL,6,1),
(630,'TBB-E',NULL,'Male','2021-09-25 16:02:19.595000',1,1,130,2,1,NULL,6,1),
(631,'TBB-A',NULL,'Male','2021-09-25 16:34:57.014000',2,0.6,131,2,1,NULL,6,NULL),
(632,'TBB-B',NULL,'Male',NULL,2,0.7,132,2,1,NULL,6,1),
(633,'TBB-C',NULL,'Male','2021-09-25 16:05:27.199000',2,0.8,133,2,1,NULL,6,NULL),
(634,'TBB-D',NULL,'Male',NULL,2,0.9,134,2,1,NULL,6,NULL),
(635,'TBB-E',NULL,'Male',NULL,2,1,135,2,1,NULL,6,NULL),
(636,'TBB-A',NULL,'Male',NULL,3,0.6,136,2,1,NULL,6,NULL),
(637,'TBB-B',NULL,'Male',NULL,3,0.7,137,2,1,NULL,6,NULL),
(638,'TBB-C',NULL,'Male',NULL,3,0.8,138,2,1,NULL,6,NULL),
(639,'TBB-D',NULL,'Male',NULL,3,0.9,139,2,1,NULL,6,NULL),
(640,'TBB-E',NULL,'Male',NULL,3,1,140,2,1,NULL,6,NULL),
(641,'TBB-A',NULL,'Male',NULL,4,0.6,141,2,1,NULL,6,NULL),
(642,'TBB-B',NULL,'Male',NULL,4,0.7,142,2,1,NULL,6,NULL),
(643,'TBB-C',NULL,'Male',NULL,4,0.8,143,2,1,NULL,6,NULL),
(644,'TBB-D',NULL,'Male',NULL,4,0.9,144,2,1,NULL,6,NULL),
(645,'TBB-E',NULL,'Male',NULL,4,1,145,2,1,NULL,6,NULL),
(646,'TBB-A',NULL,'Male',NULL,5,0.6,146,2,1,NULL,6,NULL),
(647,'TBB-B',NULL,'Male',NULL,5,0.7,147,2,1,NULL,6,NULL),
(648,'TBB-C',NULL,'Male',NULL,5,0.8,148,2,1,NULL,6,NULL),
(649,'TBB-D',NULL,'Male',NULL,5,0.9,149,2,1,NULL,6,NULL),
(650,'TBB-E',NULL,'Male',NULL,5,1,150,2,1,NULL,6,NULL),
(651,'LBB-A',NULL,'Male',NULL,1,0.6,151,2,1,NULL,7,NULL),
(652,'LBB-B',NULL,'Male',NULL,1,0.7,152,2,1,NULL,7,NULL),
(653,'LBB-C',NULL,'Male',NULL,1,0.8,153,2,1,NULL,7,NULL),
(654,'LBB-D',NULL,'Male',NULL,1,0.9,154,2,1,NULL,7,NULL),
(655,'LBB-E',NULL,'Male',NULL,1,1,155,2,1,NULL,7,NULL),
(656,'LBB-A',NULL,'Male',NULL,2,0.6,156,2,1,NULL,7,NULL),
(657,'LBB-B',NULL,'Male',NULL,2,0.7,157,2,1,NULL,7,NULL),
(658,'LBB-C',NULL,'Male',NULL,2,0.8,158,2,1,NULL,7,NULL),
(659,'LBB-D',NULL,'Male',NULL,2,0.9,159,2,1,NULL,7,NULL),
(660,'LBB-E',NULL,'Male',NULL,2,1,160,2,1,NULL,7,NULL),
(661,'LBB-A',NULL,'Male',NULL,3,0.6,161,2,1,NULL,7,NULL),
(662,'LBB-B',NULL,'Male',NULL,3,0.7,162,2,1,NULL,7,NULL),
(663,'LBB-C',NULL,'Male',NULL,3,0.8,163,2,1,NULL,7,NULL),
(664,'LBB-D',NULL,'Male',NULL,3,0.9,164,2,1,NULL,7,NULL),
(665,'LBB-E',NULL,'Male',NULL,3,1,165,2,1,NULL,7,NULL),
(666,'LBB-A',NULL,'Male',NULL,4,0.6,166,2,1,NULL,7,NULL),
(667,'LBB-B',NULL,'Male',NULL,4,0.7,167,2,1,NULL,7,NULL),
(668,'LBB-C',NULL,'Male',NULL,4,0.8,168,2,1,NULL,7,NULL),
(669,'LBB-D',NULL,'Male',NULL,4,0.9,169,2,1,NULL,7,NULL),
(670,'LBB-E',NULL,'Male',NULL,4,1,170,2,1,NULL,7,NULL),
(671,'LBB-A',NULL,'Male',NULL,5,0.6,171,2,1,NULL,7,NULL),
(672,'LBB-B',NULL,'Male',NULL,5,0.7,172,2,1,NULL,7,NULL),
(673,'LBB-C',NULL,'Male',NULL,5,0.8,173,2,1,NULL,7,NULL),
(674,'LBB-D',NULL,'Male',NULL,5,0.9,174,2,1,NULL,7,NULL),
(675,'LBB-E',NULL,'Male',NULL,5,1,175,2,1,NULL,7,NULL),
(676,'LBF-A',NULL,'Male',NULL,1,0.6,176,2,1,NULL,8,NULL),
(677,'LBF-B',NULL,'Male',NULL,1,0.7,177,2,1,NULL,8,NULL),
(678,'LBF-C',NULL,'Male',NULL,1,0.8,178,2,1,NULL,8,NULL),
(679,'LBF-D',NULL,'Male',NULL,1,0.9,179,2,1,NULL,8,NULL),
(680,'LBF-E',NULL,'Male',NULL,1,1,180,2,1,NULL,8,NULL),
(681,'LBF-A',NULL,'Male',NULL,2,0.6,181,2,1,NULL,8,NULL),
(682,'LBF-B',NULL,'Male',NULL,2,0.7,182,2,1,NULL,8,NULL),
(683,'LBF-C',NULL,'Male',NULL,2,0.8,183,2,1,NULL,8,NULL),
(684,'LBF-D',NULL,'Male',NULL,2,0.9,184,2,1,NULL,8,NULL),
(685,'LBF-E',NULL,'Male',NULL,2,1,185,2,1,NULL,8,NULL),
(686,'LBF-A',NULL,'Male',NULL,3,0.6,186,2,1,NULL,8,NULL),
(687,'LBF-B',NULL,'Male',NULL,3,0.7,187,2,1,NULL,8,NULL),
(688,'LBF-C',NULL,'Male',NULL,3,0.8,188,2,1,NULL,8,NULL),
(689,'LBF-D',NULL,'Male',NULL,3,0.9,189,2,1,NULL,8,NULL),
(690,'LBF-E',NULL,'Male',NULL,3,1,190,2,1,NULL,8,NULL),
(691,'LBF-A',NULL,'Male',NULL,4,0.6,191,2,1,NULL,8,NULL),
(692,'LBF-B',NULL,'Male',NULL,4,0.7,192,2,1,NULL,8,NULL),
(693,'LBF-C',NULL,'Male',NULL,4,0.8,193,2,1,NULL,8,NULL),
(694,'LBF-D',NULL,'Male',NULL,4,0.9,194,2,1,NULL,8,NULL),
(695,'LBF-E',NULL,'Male',NULL,4,1,195,2,1,NULL,8,NULL),
(696,'LBF-A',NULL,'Male',NULL,5,0.6,196,2,1,NULL,8,NULL),
(697,'LBF-B',NULL,'Male',NULL,5,0.7,197,2,1,NULL,8,NULL),
(698,'LBF-C',NULL,'Male',NULL,5,0.8,198,2,1,NULL,8,NULL),
(699,'LBF-D',NULL,'Male',NULL,5,0.9,199,2,1,NULL,8,NULL),
(700,'LBF-E',NULL,'Male',NULL,5,1,200,2,1,NULL,8,1),
(701,'HBF-A',NULL,'Male','2021-09-25 15:53:57.935000',1,0.6,201,2,1,NULL,9,1),
(702,'HBF-B',NULL,'Male','2021-09-25 15:35:51.043000',1,0.7,202,2,1,NULL,9,NULL),
(703,'HBF-C','2021-09-20 10:25:02.788000','Male',NULL,1,0.8,203,2,1,1,9,NULL),
(704,'HBF-D','2021-09-20 10:35:08.153000','Male',NULL,1,0.9,204,2,1,1,9,NULL),
(705,'HBF-E','2021-09-20 11:03:37.762000','Male',NULL,1,1,205,2,1,1,9,NULL),
(706,'HBF-A','2021-09-20 11:08:15.645000','Male',NULL,2,0.6,206,2,1,1,9,NULL),
(707,'HBF-B','2021-09-20 11:13:38.848000','Male',NULL,2,0.7,207,2,1,1,9,NULL),
(708,'HBF-C','2021-09-20 11:18:38.489000','Male',NULL,2,0.8,208,2,1,1,9,NULL),
(709,'HBF-D','2021-09-20 11:24:35.709000','Male',NULL,2,0.9,209,2,1,1,9,NULL),
(710,'HBF-E','2021-09-20 11:28:30.335000','Male',NULL,2,1,210,2,1,1,9,NULL),
(711,'HBF-A','2021-09-20 11:33:38.019000','Male',NULL,3,0.6,211,2,1,1,9,NULL),
(712,'HBF-B','2021-09-20 11:39:52.257000','Male',NULL,3,0.7,212,2,1,1,9,NULL),
(713,'HBF-C','2021-09-20 11:46:33.120000','Male',NULL,3,0.8,213,2,1,1,9,NULL),
(714,'HBF-D','2021-09-20 11:51:22.470000','Male',NULL,3,0.9,214,2,1,1,9,NULL),
(715,'HBF-E','2021-09-20 11:56:40.725000','Male',NULL,3,1,215,2,1,1,9,NULL),
(716,'HBF-A','2021-09-20 12:01:32.990000','Male',NULL,4,0.6,216,2,1,1,9,NULL),
(717,'HBF-B','2021-09-20 12:06:29.477000','Male',NULL,4,0.7,217,2,1,1,9,NULL),
(718,'HBF-C','2021-09-20 12:10:57.339000','Male',NULL,4,0.8,218,2,1,1,9,NULL),
(719,'HBF-D','2021-09-20 12:16:05.428000','Male',NULL,4,0.9,219,2,1,1,9,NULL),
(720,'HBF-E','2021-09-20 12:20:03.726000','Male',NULL,4,1,220,2,1,1,9,NULL),
(721,'HBF-A','2021-09-20 12:26:46.759000','Male',NULL,5,0.6,221,2,1,1,9,NULL),
(722,'HBF-B','2021-09-20 12:31:19.829000','Male',NULL,5,0.7,222,2,1,1,9,NULL),
(723,'HBF-C','2021-09-20 12:37:06.124000','Male',NULL,5,0.8,223,2,1,1,9,NULL),
(724,'HBF-D','2021-09-20 12:42:33.290000','Male',NULL,5,0.9,224,2,1,1,9,NULL),
(725,'HBF-E','2021-09-20 12:49:18.862000','Male',NULL,5,1,225,2,1,1,9,1),
(726,'HBB-A','2021-09-20 12:58:55.482000','Male','2021-09-20 13:01:57.104000',1,0.6,226,2,1,1,10,NULL),
(727,'HBB-B','2021-09-20 13:05:20.488000','Male',NULL,1,0.7,227,2,1,1,10,NULL),
(728,'HBB-C','2021-09-20 13:10:19.853000','Male',NULL,1,0.8,228,2,1,1,10,NULL),
(729,'HBB-D','2021-09-20 13:14:00.031000','Male',NULL,1,0.9,229,2,1,1,10,NULL),
(730,'HBB-E','2021-09-20 13:19:13.838000','Male',NULL,1,1,230,2,1,1,10,NULL),
(731,'HBB-A','2021-09-20 13:23:22.963000','Male',NULL,2,0.6,231,2,1,1,10,NULL),
(732,'HBB-B','2021-09-20 13:32:35.087000','Male',NULL,2,0.7,232,2,1,1,10,NULL),
(733,'HBB-C','2021-09-20 13:40:17.474000','Male',NULL,2,0.8,233,2,1,1,10,NULL),
(734,'HBB-D','2021-09-20 13:44:54.039000','Male',NULL,2,0.9,234,2,1,1,10,NULL),
(735,'HBB-E','2021-09-20 14:20:25.655000','Male',NULL,2,1,235,2,1,1,10,NULL),
(736,'HBB-A','2021-09-20 15:15:02.922000','Male',NULL,3,0.6,236,2,1,1,10,NULL),
(737,'HBB-B','2021-09-20 15:20:03.824000','Male',NULL,3,0.7,237,2,1,1,10,NULL),
(738,'HBB-C','2021-09-20 15:24:19.350000','Male',NULL,3,0.8,238,2,1,1,10,NULL),
(739,'HBB-D','2021-09-20 15:54:54.847000','Male',NULL,3,0.9,239,2,1,1,10,NULL),
(740,'HBB-E','2021-09-20 15:59:07.114000','Male',NULL,3,1,240,2,1,1,10,NULL),
(741,'HBB-A','2021-09-20 16:03:03.195000','Male',NULL,4,0.6,241,2,1,1,10,NULL),
(742,'HBB-B','2021-09-20 16:07:07.240000','Male',NULL,4,0.7,242,2,1,1,10,1),
(743,'HBB-C','2021-09-20 16:12:30.249000','Male','2021-09-20 16:14:20.672000',4,0.8,243,2,1,1,10,NULL),
(744,'HBB-D','2021-09-20 16:20:04.816000','Male',NULL,4,0.9,244,2,1,1,10,NULL),
(745,'HBB-E','2021-09-20 16:24:02.405000','Male',NULL,4,1,245,2,1,1,10,NULL),
(746,'HBB-A','2021-09-20 16:27:27.279000','Male',NULL,5,0.6,246,2,1,1,10,NULL),
(747,'HBB-B','2021-09-20 16:33:00.572000','Male',NULL,5,0.7,247,2,1,1,10,NULL),
(748,'HBB-C','2021-09-20 16:37:23.282000','Male',NULL,5,0.8,248,2,1,1,10,NULL),
(749,'HBB-D','2021-09-20 16:41:19.979000','Male',NULL,5,0.9,249,2,1,1,10,NULL),
(750,'HBB-E','2021-09-20 16:45:52.373000','Male',NULL,5,1,250,2,1,1,10,NULL),
(751,'FBS-A',NULL,'Female',NULL,1,0.6,1,2,1,NULL,1,NULL),
(752,'FBS-B',NULL,'Female',NULL,1,0.7,2,2,1,NULL,1,NULL),
(753,'FBS-C',NULL,'Female',NULL,1,0.8,3,2,1,NULL,1,NULL),
(754,'FBS-D',NULL,'Female',NULL,1,0.9,4,2,1,NULL,1,NULL),
(755,'FBS-E',NULL,'Female',NULL,1,1,5,2,1,NULL,1,NULL),
(756,'FBS-A',NULL,'Female',NULL,2,0.6,6,2,1,NULL,1,NULL),
(757,'FBS-B',NULL,'Female',NULL,2,0.7,7,2,1,NULL,1,NULL),
(758,'FBS-C',NULL,'Female',NULL,2,0.8,8,2,1,NULL,1,NULL),
(759,'FBS-D',NULL,'Female',NULL,2,0.9,9,2,1,NULL,1,NULL),
(760,'FBS-E',NULL,'Female',NULL,2,1,10,2,1,NULL,1,NULL),
(761,'FBS-A',NULL,'Female',NULL,3,0.6,11,2,1,NULL,1,NULL),
(762,'FBS-B',NULL,'Female',NULL,3,0.7,12,2,1,NULL,1,NULL),
(763,'FBS-C',NULL,'Female',NULL,3,0.8,13,2,1,NULL,1,NULL),
(764,'FBS-D',NULL,'Female',NULL,3,0.9,14,2,1,NULL,1,NULL),
(765,'FBS-E',NULL,'Female',NULL,3,1,15,2,1,NULL,1,NULL),
(766,'FBS-A',NULL,'Female',NULL,4,0.6,16,2,1,NULL,1,NULL),
(767,'FBS-B',NULL,'Female',NULL,4,0.7,17,2,1,NULL,1,NULL),
(768,'FBS-C',NULL,'Female',NULL,4,0.8,18,2,1,NULL,1,NULL),
(769,'FBS-D',NULL,'Female',NULL,4,0.9,19,2,1,NULL,1,NULL),
(770,'FBS-E',NULL,'Female',NULL,4,1,20,2,1,NULL,1,NULL),
(771,'FBS-A',NULL,'Female',NULL,5,0.6,21,2,1,NULL,1,NULL),
(772,'FBS-B',NULL,'Female',NULL,5,0.7,22,2,1,NULL,1,NULL),
(773,'FBS-C',NULL,'Female',NULL,5,0.8,23,2,1,NULL,1,NULL),
(774,'FBS-D',NULL,'Female',NULL,5,0.9,24,2,1,NULL,1,NULL),
(775,'FBS-E',NULL,'Female',NULL,5,1,25,2,1,NULL,1,NULL),
(776,'FBF-A',NULL,'Female',NULL,1,0.6,26,2,1,NULL,2,NULL),
(777,'FBF-B',NULL,'Female',NULL,1,0.7,27,2,1,NULL,2,NULL),
(778,'FBF-C',NULL,'Female',NULL,1,0.8,28,2,1,NULL,2,NULL),
(779,'FBF-D',NULL,'Female',NULL,1,0.9,29,2,1,NULL,2,NULL),
(780,'FBF-E',NULL,'Female',NULL,1,1,30,2,1,NULL,2,NULL),
(781,'FBF-A',NULL,'Female',NULL,2,0.6,31,2,1,NULL,2,NULL),
(782,'FBF-B',NULL,'Female',NULL,2,0.7,32,2,1,NULL,2,NULL),
(783,'FBF-C',NULL,'Female',NULL,2,0.8,33,2,1,NULL,2,NULL),
(784,'FBF-D',NULL,'Female',NULL,2,0.9,34,2,1,NULL,2,NULL),
(785,'FBF-E',NULL,'Female',NULL,2,1,35,2,1,NULL,2,NULL),
(786,'FBF-A',NULL,'Female',NULL,3,0.6,36,2,1,NULL,2,NULL),
(787,'FBF-B',NULL,'Female',NULL,3,0.7,37,2,1,NULL,2,NULL),
(788,'FBF-C',NULL,'Female',NULL,3,0.8,38,2,1,NULL,2,NULL),
(789,'FBF-D',NULL,'Female',NULL,3,0.9,39,2,1,NULL,2,NULL),
(790,'FBF-E',NULL,'Female',NULL,3,1,40,2,1,NULL,2,NULL),
(791,'FBF-A',NULL,'Female',NULL,4,0.6,41,2,1,NULL,2,NULL),
(792,'FBF-B',NULL,'Female',NULL,4,0.7,42,2,1,NULL,2,NULL),
(793,'FBF-C',NULL,'Female',NULL,4,0.8,43,2,1,NULL,2,NULL),
(794,'FBF-D',NULL,'Female',NULL,4,0.9,44,2,1,NULL,2,NULL),
(795,'FBF-E',NULL,'Female',NULL,4,1,45,2,1,NULL,2,NULL),
(796,'FBF-A',NULL,'Female',NULL,5,0.6,46,2,1,NULL,2,NULL),
(797,'FBF-B',NULL,'Female',NULL,5,0.7,47,2,1,NULL,2,NULL),
(798,'FBF-C',NULL,'Female',NULL,5,0.8,48,2,1,NULL,2,NULL),
(799,'FBF-D',NULL,'Female',NULL,5,0.9,49,2,1,NULL,2,NULL),
(800,'FBF-E',NULL,'Female',NULL,5,1,50,2,1,NULL,2,NULL),
(801,'BBS-A',NULL,'Female',NULL,1,0.6,51,2,1,NULL,3,NULL),
(802,'BBS-B',NULL,'Female',NULL,1,0.7,52,2,1,NULL,3,NULL),
(803,'BBS-C',NULL,'Female',NULL,1,0.8,53,2,1,NULL,3,NULL),
(804,'BBS-D',NULL,'Female',NULL,1,0.9,54,2,1,NULL,3,NULL),
(805,'BBS-E',NULL,'Female',NULL,1,1,55,2,1,NULL,3,NULL),
(806,'BBS-A',NULL,'Female',NULL,2,0.6,56,2,1,NULL,3,NULL),
(807,'BBS-B',NULL,'Female',NULL,2,0.7,57,2,1,NULL,3,NULL),
(808,'BBS-C',NULL,'Female',NULL,2,0.8,58,2,1,NULL,3,NULL),
(809,'BBS-D',NULL,'Female',NULL,2,0.9,59,2,1,NULL,3,NULL),
(810,'BBS-E',NULL,'Female',NULL,2,1,60,2,1,NULL,3,NULL),
(811,'BBS-A',NULL,'Female',NULL,3,0.6,61,2,1,NULL,3,NULL),
(812,'BBS-B',NULL,'Female',NULL,3,0.7,62,2,1,NULL,3,NULL),
(813,'BBS-C',NULL,'Female',NULL,3,0.8,63,2,1,NULL,3,NULL),
(814,'BBS-D',NULL,'Female',NULL,3,0.9,64,2,1,NULL,3,NULL),
(815,'BBS-E',NULL,'Female',NULL,3,1,65,2,1,NULL,3,NULL),
(816,'BBS-A',NULL,'Female',NULL,4,0.6,66,2,1,NULL,3,NULL),
(817,'BBS-B',NULL,'Female',NULL,4,0.7,67,2,1,NULL,3,NULL),
(818,'BBS-C',NULL,'Female',NULL,4,0.8,68,2,1,NULL,3,NULL),
(819,'BBS-D',NULL,'Female',NULL,4,0.9,69,2,1,NULL,3,NULL),
(820,'BBS-E',NULL,'Female',NULL,4,1,70,2,1,NULL,3,NULL),
(821,'BBS-A',NULL,'Female',NULL,5,0.6,71,2,1,NULL,3,NULL),
(822,'BBS-B',NULL,'Female',NULL,5,0.7,72,2,1,NULL,3,NULL),
(823,'BBS-C',NULL,'Female',NULL,5,0.8,73,2,1,NULL,3,NULL),
(824,'BBS-D',NULL,'Female',NULL,5,0.9,74,2,1,NULL,3,NULL),
(825,'BBS-E',NULL,'Female',NULL,5,1,75,2,1,NULL,3,NULL),
(826,'BBF-A',NULL,'Female',NULL,1,0.6,76,2,1,NULL,4,NULL),
(827,'BBF-B',NULL,'Female',NULL,1,0.7,77,2,1,NULL,4,NULL),
(828,'BBF-C',NULL,'Female',NULL,1,0.8,78,2,1,NULL,4,NULL),
(829,'BBF-D',NULL,'Female',NULL,1,0.9,79,2,1,NULL,4,NULL),
(830,'BBF-E',NULL,'Female',NULL,1,1,80,2,1,NULL,4,NULL),
(831,'BBF-A',NULL,'Female',NULL,2,0.6,81,2,1,NULL,4,NULL),
(832,'BBF-B',NULL,'Female',NULL,2,0.7,82,2,1,NULL,4,NULL),
(833,'BBF-C',NULL,'Female',NULL,2,0.8,83,2,1,NULL,4,NULL),
(834,'BBF-D',NULL,'Female',NULL,2,0.9,84,2,1,NULL,4,NULL),
(835,'BBF-E',NULL,'Female',NULL,2,1,85,2,1,NULL,4,NULL),
(836,'BBF-A',NULL,'Female',NULL,3,0.6,86,2,1,NULL,4,NULL),
(837,'BBF-B',NULL,'Female',NULL,3,0.7,87,2,1,NULL,4,NULL),
(838,'BBF-C',NULL,'Female',NULL,3,0.8,88,2,1,NULL,4,NULL),
(839,'BBF-D',NULL,'Female',NULL,3,0.9,89,2,1,NULL,4,NULL),
(840,'BBF-E',NULL,'Female',NULL,3,1,90,2,1,NULL,4,NULL),
(841,'BBF-A',NULL,'Female',NULL,4,0.6,91,2,1,NULL,4,NULL),
(842,'BBF-B',NULL,'Female',NULL,4,0.7,92,2,1,NULL,4,NULL),
(843,'BBF-C',NULL,'Female',NULL,4,0.8,93,2,1,NULL,4,NULL),
(844,'BBF-D',NULL,'Female',NULL,4,0.9,94,2,1,NULL,4,NULL),
(845,'BBF-E',NULL,'Female',NULL,4,1,95,2,1,NULL,4,NULL),
(846,'BBF-A',NULL,'Female',NULL,5,0.6,96,2,1,NULL,4,NULL),
(847,'BBF-B',NULL,'Female',NULL,5,0.7,97,2,1,NULL,4,NULL),
(848,'BBF-C',NULL,'Female',NULL,5,0.8,98,2,1,NULL,4,NULL),
(849,'BBF-D',NULL,'Female',NULL,5,0.9,99,2,1,NULL,4,NULL),
(850,'BBF-E',NULL,'Female',NULL,5,1,100,2,1,NULL,4,NULL),
(851,'TBF-A',NULL,'Female',NULL,1,0.6,101,2,1,NULL,5,NULL),
(852,'TBF-B',NULL,'Female',NULL,1,0.7,102,2,1,NULL,5,NULL),
(853,'TBF-C',NULL,'Female',NULL,1,0.8,103,2,1,NULL,5,NULL),
(854,'TBF-D',NULL,'Female',NULL,1,0.9,104,2,1,NULL,5,NULL),
(855,'TBF-E',NULL,'Female',NULL,1,1,105,2,1,NULL,5,NULL),
(856,'TBF-A',NULL,'Female',NULL,2,0.6,106,2,1,NULL,5,NULL),
(857,'TBF-B',NULL,'Female',NULL,2,0.7,107,2,1,NULL,5,NULL),
(858,'TBF-C',NULL,'Female',NULL,2,0.8,108,2,1,NULL,5,NULL),
(859,'TBF-D',NULL,'Female',NULL,2,0.9,109,2,1,NULL,5,NULL),
(860,'TBF-E',NULL,'Female',NULL,2,1,110,2,1,NULL,5,NULL),
(861,'TBF-A',NULL,'Female',NULL,3,0.6,111,2,1,NULL,5,NULL),
(862,'TBF-B',NULL,'Female',NULL,3,0.7,112,2,1,NULL,5,NULL),
(863,'TBF-C',NULL,'Female',NULL,3,0.8,113,2,1,NULL,5,NULL),
(864,'TBF-D',NULL,'Female',NULL,3,0.9,114,2,1,NULL,5,NULL),
(865,'TBF-E',NULL,'Female',NULL,3,1,115,2,1,NULL,5,NULL),
(866,'TBF-A',NULL,'Female',NULL,4,0.6,116,2,1,NULL,5,NULL),
(867,'TBF-B',NULL,'Female',NULL,4,0.7,117,2,1,NULL,5,NULL),
(868,'TBF-C',NULL,'Female',NULL,4,0.8,118,2,1,NULL,5,NULL),
(869,'TBF-D',NULL,'Female',NULL,4,0.9,119,2,1,NULL,5,NULL),
(870,'TBF-E',NULL,'Female',NULL,4,1,120,2,1,NULL,5,NULL),
(871,'TBF-A',NULL,'Female',NULL,5,0.6,121,2,1,NULL,5,NULL),
(872,'TBF-B',NULL,'Female',NULL,5,0.7,122,2,1,NULL,5,NULL),
(873,'TBF-C',NULL,'Female',NULL,5,0.8,123,2,1,NULL,5,NULL),
(874,'TBF-D',NULL,'Female',NULL,5,0.9,124,2,1,NULL,5,NULL),
(875,'TBF-E',NULL,'Female',NULL,5,1,125,2,1,NULL,5,NULL),
(876,'TBB-A',NULL,'Female',NULL,1,0.6,126,2,1,NULL,6,NULL),
(877,'TBB-B',NULL,'Female',NULL,1,0.7,127,2,1,NULL,6,NULL),
(878,'TBB-C',NULL,'Female',NULL,1,0.8,128,2,1,NULL,6,NULL),
(879,'TBB-D',NULL,'Female',NULL,1,0.9,129,2,1,NULL,6,1),
(880,'TBB-E',NULL,'Female','2021-09-25 16:02:19.595000',1,1,130,2,1,NULL,6,1),
(881,'TBB-A',NULL,'Female','2021-09-25 16:34:57.014000',2,0.6,131,2,1,NULL,6,NULL),
(882,'TBB-B',NULL,'Female',NULL,2,0.7,132,2,1,NULL,6,1),
(883,'TBB-C',NULL,'Female','2021-09-25 16:05:27.199000',2,0.8,133,2,1,NULL,6,NULL),
(884,'TBB-D',NULL,'Female',NULL,2,0.9,134,2,1,NULL,6,NULL),
(885,'TBB-E',NULL,'Female',NULL,2,1,135,2,1,NULL,6,NULL),
(886,'TBB-A',NULL,'Female',NULL,3,0.6,136,2,1,NULL,6,NULL),
(887,'TBB-B',NULL,'Female',NULL,3,0.7,137,2,1,NULL,6,NULL),
(888,'TBB-C',NULL,'Female',NULL,3,0.8,138,2,1,NULL,6,NULL),
(889,'TBB-D',NULL,'Female',NULL,3,0.9,139,2,1,NULL,6,NULL),
(890,'TBB-E',NULL,'Female',NULL,3,1,140,2,1,NULL,6,NULL),
(891,'TBB-A',NULL,'Female',NULL,4,0.6,141,2,1,NULL,6,NULL),
(892,'TBB-B',NULL,'Female',NULL,4,0.7,142,2,1,NULL,6,NULL),
(893,'TBB-C',NULL,'Female',NULL,4,0.8,143,2,1,NULL,6,NULL),
(894,'TBB-D',NULL,'Female',NULL,4,0.9,144,2,1,NULL,6,NULL),
(895,'TBB-E',NULL,'Female',NULL,4,1,145,2,1,NULL,6,NULL),
(896,'TBB-A',NULL,'Female',NULL,5,0.6,146,2,1,NULL,6,NULL),
(897,'TBB-B',NULL,'Female',NULL,5,0.7,147,2,1,NULL,6,NULL),
(898,'TBB-C',NULL,'Female',NULL,5,0.8,148,2,1,NULL,6,NULL),
(899,'TBB-D',NULL,'Female',NULL,5,0.9,149,2,1,NULL,6,NULL),
(900,'TBB-E',NULL,'Female',NULL,5,1,150,2,1,NULL,6,NULL),
(901,'LBB-A',NULL,'Female',NULL,1,0.6,151,2,1,NULL,7,NULL),
(902,'LBB-B',NULL,'Female',NULL,1,0.7,152,2,1,NULL,7,NULL),
(903,'LBB-C',NULL,'Female',NULL,1,0.8,153,2,1,NULL,7,NULL),
(904,'LBB-D',NULL,'Female',NULL,1,0.9,154,2,1,NULL,7,NULL),
(905,'LBB-E',NULL,'Female',NULL,1,1,155,2,1,NULL,7,NULL),
(906,'LBB-A',NULL,'Female',NULL,2,0.6,156,2,1,NULL,7,NULL),
(907,'LBB-B',NULL,'Female',NULL,2,0.7,157,2,1,NULL,7,NULL),
(908,'LBB-C',NULL,'Female',NULL,2,0.8,158,2,1,NULL,7,NULL),
(909,'LBB-D',NULL,'Female',NULL,2,0.9,159,2,1,NULL,7,NULL),
(910,'LBB-E',NULL,'Female',NULL,2,1,160,2,1,NULL,7,NULL),
(911,'LBB-A',NULL,'Female',NULL,3,0.6,161,2,1,NULL,7,NULL),
(912,'LBB-B',NULL,'Female',NULL,3,0.7,162,2,1,NULL,7,NULL),
(913,'LBB-C',NULL,'Female',NULL,3,0.8,163,2,1,NULL,7,NULL),
(914,'LBB-D',NULL,'Female',NULL,3,0.9,164,2,1,NULL,7,NULL),
(915,'LBB-E',NULL,'Female',NULL,3,1,165,2,1,NULL,7,NULL),
(916,'LBB-A',NULL,'Female',NULL,4,0.6,166,2,1,NULL,7,NULL),
(917,'LBB-B',NULL,'Female',NULL,4,0.7,167,2,1,NULL,7,NULL),
(918,'LBB-C',NULL,'Female',NULL,4,0.8,168,2,1,NULL,7,NULL),
(919,'LBB-D',NULL,'Female',NULL,4,0.9,169,2,1,NULL,7,NULL),
(920,'LBB-E',NULL,'Female',NULL,4,1,170,2,1,NULL,7,NULL),
(921,'LBB-A',NULL,'Female',NULL,5,0.6,171,2,1,NULL,7,NULL),
(922,'LBB-B',NULL,'Female',NULL,5,0.7,172,2,1,NULL,7,NULL),
(923,'LBB-C',NULL,'Female',NULL,5,0.8,173,2,1,NULL,7,NULL),
(924,'LBB-D',NULL,'Female',NULL,5,0.9,174,2,1,NULL,7,NULL),
(925,'LBB-E',NULL,'Female',NULL,5,1,175,2,1,NULL,7,NULL),
(926,'LBF-A',NULL,'Female',NULL,1,0.6,176,2,1,NULL,8,NULL),
(927,'LBF-B',NULL,'Female',NULL,1,0.7,177,2,1,NULL,8,NULL),
(928,'LBF-C',NULL,'Female',NULL,1,0.8,178,2,1,NULL,8,NULL),
(929,'LBF-D',NULL,'Female',NULL,1,0.9,179,2,1,NULL,8,NULL),
(930,'LBF-E',NULL,'Female',NULL,1,1,180,2,1,NULL,8,NULL),
(931,'LBF-A',NULL,'Female',NULL,2,0.6,181,2,1,NULL,8,NULL),
(932,'LBF-B',NULL,'Female',NULL,2,0.7,182,2,1,NULL,8,NULL),
(933,'LBF-C',NULL,'Female',NULL,2,0.8,183,2,1,NULL,8,NULL),
(934,'LBF-D',NULL,'Female',NULL,2,0.9,184,2,1,NULL,8,NULL),
(935,'LBF-E',NULL,'Female',NULL,2,1,185,2,1,NULL,8,NULL),
(936,'LBF-A',NULL,'Female',NULL,3,0.6,186,2,1,NULL,8,NULL),
(937,'LBF-B',NULL,'Female',NULL,3,0.7,187,2,1,NULL,8,NULL),
(938,'LBF-C',NULL,'Female',NULL,3,0.8,188,2,1,NULL,8,NULL),
(939,'LBF-D',NULL,'Female',NULL,3,0.9,189,2,1,NULL,8,NULL),
(940,'LBF-E',NULL,'Female',NULL,3,1,190,2,1,NULL,8,NULL),
(941,'LBF-A',NULL,'Female',NULL,4,0.6,191,2,1,NULL,8,NULL),
(942,'LBF-B',NULL,'Female',NULL,4,0.7,192,2,1,NULL,8,NULL),
(943,'LBF-C',NULL,'Female',NULL,4,0.8,193,2,1,NULL,8,NULL),
(944,'LBF-D',NULL,'Female',NULL,4,0.9,194,2,1,NULL,8,NULL),
(945,'LBF-E',NULL,'Female',NULL,4,1,195,2,1,NULL,8,NULL),
(946,'LBF-A',NULL,'Female',NULL,5,0.6,196,2,1,NULL,8,NULL),
(947,'LBF-B',NULL,'Female',NULL,5,0.7,197,2,1,NULL,8,NULL),
(948,'LBF-C',NULL,'Female',NULL,5,0.8,198,2,1,NULL,8,NULL),
(949,'LBF-D',NULL,'Female',NULL,5,0.9,199,2,1,NULL,8,NULL),
(950,'LBF-E',NULL,'Female',NULL,5,1,200,2,1,NULL,8,1),
(951,'HBF-A',NULL,'Female','2021-09-25 15:53:57.935000',1,0.6,201,2,1,NULL,9,1),
(952,'HBF-B',NULL,'Female','2021-09-25 15:35:51.043000',1,0.7,202,2,1,NULL,9,NULL),
(953,'HBF-C','2021-09-20 10:25:02.788000','Female',NULL,1,0.8,203,2,1,1,9,NULL),
(954,'HBF-D','2021-09-20 10:35:08.153000','Female',NULL,1,0.9,204,2,1,1,9,NULL),
(955,'HBF-E','2021-09-20 11:03:37.762000','Female',NULL,1,1,205,2,1,1,9,NULL),
(956,'HBF-A','2021-09-20 11:08:15.645000','Female',NULL,2,0.6,206,2,1,1,9,NULL),
(957,'HBF-B','2021-09-20 11:13:38.848000','Female',NULL,2,0.7,207,2,1,1,9,NULL),
(958,'HBF-C','2021-09-20 11:18:38.489000','Female',NULL,2,0.8,208,2,1,1,9,NULL),
(959,'HBF-D','2021-09-20 11:24:35.709000','Female',NULL,2,0.9,209,2,1,1,9,NULL),
(960,'HBF-E','2021-09-20 11:28:30.335000','Female',NULL,2,1,210,2,1,1,9,NULL),
(961,'HBF-A','2021-09-20 11:33:38.019000','Female',NULL,3,0.6,211,2,1,1,9,NULL),
(962,'HBF-B','2021-09-20 11:39:52.257000','Female',NULL,3,0.7,212,2,1,1,9,NULL),
(963,'HBF-C','2021-09-20 11:46:33.120000','Female',NULL,3,0.8,213,2,1,1,9,NULL),
(964,'HBF-D','2021-09-20 11:51:22.470000','Female',NULL,3,0.9,214,2,1,1,9,NULL),
(965,'HBF-E','2021-09-20 11:56:40.725000','Female',NULL,3,1,215,2,1,1,9,NULL),
(966,'HBF-A','2021-09-20 12:01:32.990000','Female',NULL,4,0.6,216,2,1,1,9,NULL),
(967,'HBF-B','2021-09-20 12:06:29.477000','Female',NULL,4,0.7,217,2,1,1,9,NULL),
(968,'HBF-C','2021-09-20 12:10:57.339000','Female',NULL,4,0.8,218,2,1,1,9,NULL),
(969,'HBF-D','2021-09-20 12:16:05.428000','Female',NULL,4,0.9,219,2,1,1,9,NULL),
(970,'HBF-E','2021-09-20 12:20:03.726000','Female',NULL,4,1,220,2,1,1,9,NULL),
(971,'HBF-A','2021-09-20 12:26:46.759000','Female',NULL,5,0.6,221,2,1,1,9,NULL),
(972,'HBF-B','2021-09-20 12:31:19.829000','Female',NULL,5,0.7,222,2,1,1,9,NULL),
(973,'HBF-C','2021-09-20 12:37:06.124000','Female',NULL,5,0.8,223,2,1,1,9,NULL),
(974,'HBF-D','2021-09-20 12:42:33.290000','Female',NULL,5,0.9,224,2,1,1,9,NULL),
(975,'HBF-E','2021-09-20 12:49:18.862000','Female',NULL,5,1,225,2,1,1,9,1),
(976,'HBB-A','2021-09-20 12:58:55.482000','Female','2021-09-20 13:01:57.104000',1,0.6,226,2,1,1,10,NULL),
(977,'HBB-B','2021-09-20 13:05:20.488000','Female',NULL,1,0.7,227,2,1,1,10,NULL),
(978,'HBB-C','2021-09-20 13:10:19.853000','Female',NULL,1,0.8,228,2,1,1,10,NULL),
(979,'HBB-D','2021-09-20 13:14:00.031000','Female',NULL,1,0.9,229,2,1,1,10,NULL),
(980,'HBB-E','2021-09-20 13:19:13.838000','Female',NULL,1,1,230,2,1,1,10,NULL),
(981,'HBB-A','2021-09-20 13:23:22.963000','Female',NULL,2,0.6,231,2,1,1,10,NULL),
(982,'HBB-B','2021-09-20 13:32:35.087000','Female',NULL,2,0.7,232,2,1,1,10,NULL),
(983,'HBB-C','2021-09-20 13:40:17.474000','Female',NULL,2,0.8,233,2,1,1,10,NULL),
(984,'HBB-D','2021-09-20 13:44:54.039000','Female',NULL,2,0.9,234,2,1,1,10,NULL),
(985,'HBB-E','2021-09-20 14:20:25.655000','Female',NULL,2,1,235,2,1,1,10,NULL),
(986,'HBB-A','2021-09-20 15:15:02.922000','Female',NULL,3,0.6,236,2,1,1,10,NULL),
(987,'HBB-B','2021-09-20 15:20:03.824000','Female',NULL,3,0.7,237,2,1,1,10,NULL),
(988,'HBB-C','2021-09-20 15:24:19.350000','Female',NULL,3,0.8,238,2,1,1,10,NULL),
(989,'HBB-D','2021-09-20 15:54:54.847000','Female',NULL,3,0.9,239,2,1,1,10,NULL),
(990,'HBB-E','2021-09-20 15:59:07.114000','Female',NULL,3,1,240,2,1,1,10,NULL),
(991,'HBB-A','2021-09-20 16:03:03.195000','Female',NULL,4,0.6,241,2,1,1,10,NULL),
(992,'HBB-B','2021-09-20 16:07:07.240000','Female',NULL,4,0.7,242,2,1,1,10,1),
(993,'HBB-C','2021-09-20 16:12:30.249000','Female','2021-09-20 16:14:20.672000',4,0.8,243,2,1,1,10,NULL),
(994,'HBB-D','2021-09-20 16:20:04.816000','Female',NULL,4,0.9,244,2,1,1,10,NULL),
(995,'HBB-E','2021-09-20 16:24:02.405000','Female',NULL,4,1,245,2,1,1,10,NULL),
(996,'HBB-A','2021-09-20 16:27:27.279000','Female',NULL,5,0.6,246,2,1,1,10,NULL),
(997,'HBB-B','2021-09-20 16:33:00.572000','Female',NULL,5,0.7,247,2,1,1,10,NULL),
(998,'HBB-C','2021-09-20 16:37:23.282000','Female',NULL,5,0.8,248,2,1,1,10,NULL),
(999,'HBB-D','2021-09-20 16:41:19.979000','Female',NULL,5,0.9,249,2,1,1,10,NULL),
(1000,'HBB-E','2021-09-20 16:45:52.373000','Female',NULL,5,1,250,2,1,1,10,NULL),
(1001,'FBS-A',NULL,'Male',NULL,1,0.6,1,3,1,NULL,1,NULL),
(1002,'FBS-B',NULL,'Male',NULL,1,0.7,2,3,1,NULL,1,NULL),
(1003,'FBS-C',NULL,'Male',NULL,1,0.8,3,3,1,NULL,1,NULL),
(1004,'FBS-D',NULL,'Male',NULL,1,0.9,4,3,1,NULL,1,NULL),
(1005,'FBS-E',NULL,'Male',NULL,1,1,5,3,1,NULL,1,NULL),
(1006,'FBS-A',NULL,'Male',NULL,2,0.6,6,3,1,NULL,1,NULL),
(1007,'FBS-B',NULL,'Male',NULL,2,0.7,7,3,1,NULL,1,NULL),
(1008,'FBS-C',NULL,'Male',NULL,2,0.8,8,3,1,NULL,1,NULL),
(1009,'FBS-D',NULL,'Male',NULL,2,0.9,9,3,1,NULL,1,NULL),
(1010,'FBS-E',NULL,'Male',NULL,2,1,10,3,1,NULL,1,NULL),
(1011,'FBS-A',NULL,'Male',NULL,3,0.6,11,3,1,NULL,1,NULL),
(1012,'FBS-B',NULL,'Male',NULL,3,0.7,12,3,1,NULL,1,NULL),
(1013,'FBS-C',NULL,'Male',NULL,3,0.8,13,3,1,NULL,1,NULL),
(1014,'FBS-D',NULL,'Male',NULL,3,0.9,14,3,1,NULL,1,NULL),
(1015,'FBS-E',NULL,'Male',NULL,3,1,15,3,1,NULL,1,NULL),
(1016,'FBS-A',NULL,'Male',NULL,4,0.6,16,3,1,NULL,1,NULL),
(1017,'FBS-B',NULL,'Male',NULL,4,0.7,17,3,1,NULL,1,NULL),
(1018,'FBS-C',NULL,'Male',NULL,4,0.8,18,3,1,NULL,1,NULL),
(1019,'FBS-D',NULL,'Male',NULL,4,0.9,19,3,1,NULL,1,NULL),
(1020,'FBS-E',NULL,'Male',NULL,4,1,20,3,1,NULL,1,NULL),
(1021,'FBS-A',NULL,'Male',NULL,5,0.6,21,3,1,NULL,1,NULL),
(1022,'FBS-B',NULL,'Male',NULL,5,0.7,22,3,1,NULL,1,NULL),
(1023,'FBS-C',NULL,'Male',NULL,5,0.8,23,3,1,NULL,1,NULL),
(1024,'FBS-D',NULL,'Male',NULL,5,0.9,24,3,1,NULL,1,NULL),
(1025,'FBS-E',NULL,'Male',NULL,5,1,25,3,1,NULL,1,NULL),
(1026,'FBF-A',NULL,'Male',NULL,1,0.6,26,3,1,NULL,2,NULL),
(1027,'FBF-B',NULL,'Male',NULL,1,0.7,27,3,1,NULL,2,1),
(1028,'FBF-C',NULL,'Male','2021-09-25 16:23:31.133000',1,0.8,28,3,1,NULL,2,NULL),
(1029,'FBF-D',NULL,'Male',NULL,1,0.9,29,3,1,NULL,2,NULL),
(1030,'FBF-E',NULL,'Male',NULL,1,1,30,3,1,NULL,2,NULL),
(1031,'FBF-A',NULL,'Male',NULL,2,0.6,31,3,1,NULL,2,NULL),
(1032,'FBF-B',NULL,'Male',NULL,2,0.7,32,3,1,NULL,2,NULL),
(1033,'FBF-C',NULL,'Male',NULL,2,0.8,33,3,1,NULL,2,NULL),
(1034,'FBF-D',NULL,'Male',NULL,2,0.9,34,3,1,NULL,2,NULL),
(1035,'FBF-E',NULL,'Male',NULL,2,1,35,3,1,NULL,2,NULL),
(1036,'FBF-A',NULL,'Male',NULL,3,0.6,36,3,1,NULL,2,NULL),
(1037,'FBF-B',NULL,'Male',NULL,3,0.7,37,3,1,NULL,2,NULL),
(1038,'FBF-C',NULL,'Male',NULL,3,0.8,38,3,1,NULL,2,NULL),
(1039,'FBF-D',NULL,'Male',NULL,3,0.9,39,3,1,NULL,2,NULL),
(1040,'FBF-E',NULL,'Male',NULL,3,1,40,3,1,NULL,2,NULL),
(1041,'FBF-A',NULL,'Male',NULL,4,0.6,41,3,1,NULL,2,NULL),
(1042,'FBF-B',NULL,'Male',NULL,4,0.7,42,3,1,NULL,2,NULL),
(1043,'FBF-C',NULL,'Male',NULL,4,0.8,43,3,1,NULL,2,NULL),
(1044,'FBF-D',NULL,'Male',NULL,4,0.9,44,3,1,NULL,2,NULL),
(1045,'FBF-E',NULL,'Male',NULL,4,1,45,3,1,NULL,2,NULL),
(1046,'FBF-A',NULL,'Male',NULL,5,0.6,46,3,1,NULL,2,NULL),
(1047,'FBF-B',NULL,'Male',NULL,5,0.7,47,3,1,NULL,2,NULL),
(1048,'FBF-C',NULL,'Male',NULL,5,0.8,48,3,1,NULL,2,NULL),
(1049,'FBF-D',NULL,'Male',NULL,5,0.9,49,3,1,NULL,2,NULL),
(1050,'FBF-E',NULL,'Male',NULL,5,1,50,3,1,NULL,2,NULL),
(1051,'BBS-A',NULL,'Male',NULL,1,0.6,51,3,1,NULL,3,NULL),
(1052,'BBS-B',NULL,'Male',NULL,1,0.7,52,3,1,NULL,3,NULL),
(1053,'BBS-C',NULL,'Male',NULL,1,0.8,53,3,1,NULL,3,NULL),
(1054,'BBS-D',NULL,'Male',NULL,1,0.9,54,3,1,NULL,3,NULL),
(1055,'BBS-E',NULL,'Male',NULL,1,1,55,3,1,NULL,3,NULL),
(1056,'BBS-A',NULL,'Male',NULL,2,0.6,56,3,1,NULL,3,NULL),
(1057,'BBS-B',NULL,'Male',NULL,2,0.7,57,3,1,NULL,3,NULL),
(1058,'BBS-C',NULL,'Male',NULL,2,0.8,58,3,1,NULL,3,NULL),
(1059,'BBS-D',NULL,'Male',NULL,2,0.9,59,3,1,NULL,3,NULL),
(1060,'BBS-E',NULL,'Male',NULL,2,1,60,3,1,NULL,3,NULL),
(1061,'BBS-A',NULL,'Male',NULL,3,0.6,61,3,1,NULL,3,NULL),
(1062,'BBS-B',NULL,'Male',NULL,3,0.7,62,3,1,NULL,3,NULL),
(1063,'BBS-C',NULL,'Male',NULL,3,0.8,63,3,1,NULL,3,NULL),
(1064,'BBS-D',NULL,'Male',NULL,3,0.9,64,3,1,NULL,3,NULL),
(1065,'BBS-E',NULL,'Male',NULL,3,1,65,3,1,NULL,3,NULL),
(1066,'BBS-A',NULL,'Male',NULL,4,0.6,66,3,1,NULL,3,NULL),
(1067,'BBS-B',NULL,'Male',NULL,4,0.7,67,3,1,NULL,3,NULL),
(1068,'BBS-C',NULL,'Male',NULL,4,0.8,68,3,1,NULL,3,NULL),
(1069,'BBS-D',NULL,'Male',NULL,4,0.9,69,3,1,NULL,3,NULL),
(1070,'BBS-E',NULL,'Male',NULL,4,1,70,3,1,NULL,3,NULL),
(1071,'BBS-A',NULL,'Male',NULL,5,0.6,71,3,1,NULL,3,NULL),
(1072,'BBS-B',NULL,'Male',NULL,5,0.7,72,3,1,NULL,3,NULL),
(1073,'BBS-C',NULL,'Male',NULL,5,0.8,73,3,1,NULL,3,NULL),
(1074,'BBS-D',NULL,'Male',NULL,5,0.9,74,3,1,NULL,3,NULL),
(1075,'BBS-E',NULL,'Male',NULL,5,1,75,3,1,NULL,3,NULL),
(1076,'BBF-A',NULL,'Male',NULL,1,0.6,76,3,1,NULL,4,NULL),
(1077,'BBF-B',NULL,'Male',NULL,1,0.7,77,3,1,NULL,4,NULL),
(1078,'BBF-C',NULL,'Male',NULL,1,0.8,78,3,1,NULL,4,NULL),
(1079,'BBF-D',NULL,'Male',NULL,1,0.9,79,3,1,NULL,4,NULL),
(1080,'BBF-E',NULL,'Male',NULL,1,1,80,3,1,NULL,4,NULL),
(1081,'BBF-A',NULL,'Male',NULL,2,0.6,81,3,1,NULL,4,NULL),
(1082,'BBF-B',NULL,'Male',NULL,2,0.7,82,3,1,NULL,4,NULL),
(1083,'BBF-C',NULL,'Male',NULL,2,0.8,83,3,1,NULL,4,NULL),
(1084,'BBF-D',NULL,'Male',NULL,2,0.9,84,3,1,NULL,4,NULL),
(1085,'BBF-E',NULL,'Male',NULL,2,1,85,3,1,NULL,4,NULL),
(1086,'BBF-A',NULL,'Male',NULL,3,0.6,86,3,1,NULL,4,NULL),
(1087,'BBF-B',NULL,'Male',NULL,3,0.7,87,3,1,NULL,4,NULL),
(1088,'BBF-C',NULL,'Male',NULL,3,0.8,88,3,1,NULL,4,NULL),
(1089,'BBF-D',NULL,'Male',NULL,3,0.9,89,3,1,NULL,4,NULL),
(1090,'BBF-E',NULL,'Male',NULL,3,1,90,3,1,NULL,4,NULL),
(1091,'BBF-A',NULL,'Male',NULL,4,0.6,91,3,1,NULL,4,NULL),
(1092,'BBF-B',NULL,'Male',NULL,4,0.7,92,3,1,NULL,4,NULL),
(1093,'BBF-C',NULL,'Male',NULL,4,0.8,93,3,1,NULL,4,NULL),
(1094,'BBF-D',NULL,'Male',NULL,4,0.9,94,3,1,NULL,4,NULL),
(1095,'BBF-E',NULL,'Male',NULL,4,1,95,3,1,NULL,4,NULL),
(1096,'BBF-A',NULL,'Male',NULL,5,0.6,96,3,1,NULL,4,NULL),
(1097,'BBF-B',NULL,'Male',NULL,5,0.7,97,3,1,NULL,4,NULL),
(1098,'BBF-C',NULL,'Male',NULL,5,0.8,98,3,1,NULL,4,NULL),
(1099,'BBF-D',NULL,'Male',NULL,5,0.9,99,3,1,NULL,4,NULL),
(1100,'BBF-E',NULL,'Male',NULL,5,1,100,3,1,NULL,4,NULL),
(1101,'TBF-A',NULL,'Male',NULL,1,0.6,101,3,1,NULL,5,NULL),
(1102,'TBF-B',NULL,'Male',NULL,1,0.7,102,3,1,NULL,5,NULL),
(1103,'TBF-C',NULL,'Male',NULL,1,0.8,103,3,1,NULL,5,NULL),
(1104,'TBF-D',NULL,'Male',NULL,1,0.9,104,3,1,NULL,5,NULL),
(1105,'TBF-E',NULL,'Male',NULL,1,1,105,3,1,NULL,5,NULL),
(1106,'TBF-A',NULL,'Male',NULL,2,0.6,106,3,1,NULL,5,NULL),
(1107,'TBF-B',NULL,'Male',NULL,2,0.7,107,3,1,NULL,5,NULL),
(1108,'TBF-C',NULL,'Male',NULL,2,0.8,108,3,1,NULL,5,NULL),
(1109,'TBF-D',NULL,'Male',NULL,2,0.9,109,3,1,NULL,5,NULL),
(1110,'TBF-E',NULL,'Male',NULL,2,1,110,3,1,NULL,5,NULL),
(1111,'TBF-A',NULL,'Male',NULL,3,0.6,111,3,1,NULL,5,NULL),
(1112,'TBF-B',NULL,'Male',NULL,3,0.7,112,3,1,NULL,5,NULL),
(1113,'TBF-C',NULL,'Male',NULL,3,0.8,113,3,1,NULL,5,NULL),
(1114,'TBF-D',NULL,'Male',NULL,3,0.9,114,3,1,NULL,5,NULL),
(1115,'TBF-E',NULL,'Male',NULL,3,1,115,3,1,NULL,5,NULL),
(1116,'TBF-A',NULL,'Male',NULL,4,0.6,116,3,1,NULL,5,NULL),
(1117,'TBF-B',NULL,'Male',NULL,4,0.7,117,3,1,NULL,5,NULL),
(1118,'TBF-C',NULL,'Male',NULL,4,0.8,118,3,1,NULL,5,NULL),
(1119,'TBF-D',NULL,'Male',NULL,4,0.9,119,3,1,NULL,5,NULL),
(1120,'TBF-E',NULL,'Male',NULL,4,1,120,3,1,NULL,5,NULL),
(1121,'TBF-A',NULL,'Male',NULL,5,0.6,121,3,1,NULL,5,NULL),
(1122,'TBF-B',NULL,'Male',NULL,5,0.7,122,3,1,NULL,5,NULL),
(1123,'TBF-C',NULL,'Male',NULL,5,0.8,123,3,1,NULL,5,NULL),
(1124,'TBF-D',NULL,'Male',NULL,5,0.9,124,3,1,NULL,5,NULL),
(1125,'TBF-E',NULL,'Male',NULL,5,1,125,3,1,NULL,5,NULL),
(1126,'TBB-A',NULL,'Male',NULL,1,0.6,126,3,1,NULL,6,NULL),
(1127,'TBB-B',NULL,'Male',NULL,1,0.7,127,3,1,NULL,6,NULL),
(1128,'TBB-C',NULL,'Male',NULL,1,0.8,128,3,1,NULL,6,NULL),
(1129,'TBB-D',NULL,'Male',NULL,1,0.9,129,3,1,NULL,6,1),
(1130,'TBB-E',NULL,'Male','2021-09-25 16:02:53.437000',1,1,130,3,1,NULL,6,NULL),
(1131,'TBB-A',NULL,'Male',NULL,2,0.6,131,3,1,NULL,6,NULL),
(1132,'TBB-B',NULL,'Male',NULL,2,0.7,132,3,1,NULL,6,NULL),
(1133,'TBB-C',NULL,'Male',NULL,2,0.8,133,3,1,NULL,6,NULL),
(1134,'TBB-D',NULL,'Male',NULL,2,0.9,134,3,1,NULL,6,NULL),
(1135,'TBB-E',NULL,'Male',NULL,2,1,135,3,1,NULL,6,NULL),
(1136,'TBB-A',NULL,'Male',NULL,3,0.6,136,3,1,NULL,6,NULL),
(1137,'TBB-B',NULL,'Male',NULL,3,0.7,137,3,1,NULL,6,NULL),
(1138,'TBB-C',NULL,'Male',NULL,3,0.8,138,3,1,NULL,6,NULL),
(1139,'TBB-D',NULL,'Male',NULL,3,0.9,139,3,1,NULL,6,NULL),
(1140,'TBB-E',NULL,'Male',NULL,3,1,140,3,1,NULL,6,NULL),
(1141,'TBB-A',NULL,'Male',NULL,4,0.6,141,3,1,NULL,6,NULL),
(1142,'TBB-B',NULL,'Male',NULL,4,0.7,142,3,1,NULL,6,NULL),
(1143,'TBB-C',NULL,'Male',NULL,4,0.8,143,3,1,NULL,6,NULL),
(1144,'TBB-D',NULL,'Male',NULL,4,0.9,144,3,1,NULL,6,NULL),
(1145,'TBB-E',NULL,'Male',NULL,4,1,145,3,1,NULL,6,NULL),
(1146,'TBB-A',NULL,'Male',NULL,5,0.6,146,3,1,NULL,6,NULL),
(1147,'TBB-B',NULL,'Male',NULL,5,0.7,147,3,1,NULL,6,NULL),
(1148,'TBB-C',NULL,'Male',NULL,5,0.8,148,3,1,NULL,6,NULL),
(1149,'TBB-D',NULL,'Male',NULL,5,0.9,149,3,1,NULL,6,NULL),
(1150,'TBB-E',NULL,'Male',NULL,5,1,150,3,1,NULL,6,NULL),
(1151,'LBB-A',NULL,'Male',NULL,1,0.6,151,3,1,NULL,7,NULL),
(1152,'LBB-B',NULL,'Male',NULL,1,0.7,152,3,1,NULL,7,NULL),
(1153,'LBB-C',NULL,'Male',NULL,1,0.8,153,3,1,NULL,7,NULL),
(1154,'LBB-D',NULL,'Male',NULL,1,0.9,154,3,1,NULL,7,NULL),
(1155,'LBB-E',NULL,'Male',NULL,1,1,155,3,1,NULL,7,NULL),
(1156,'LBB-A',NULL,'Male',NULL,2,0.6,156,3,1,NULL,7,NULL),
(1157,'LBB-B',NULL,'Male',NULL,2,0.7,157,3,1,NULL,7,NULL),
(1158,'LBB-C',NULL,'Male',NULL,2,0.8,158,3,1,NULL,7,NULL),
(1159,'LBB-D',NULL,'Male',NULL,2,0.9,159,3,1,NULL,7,NULL),
(1160,'LBB-E',NULL,'Male',NULL,2,1,160,3,1,NULL,7,NULL),
(1161,'LBB-A',NULL,'Male',NULL,3,0.6,161,3,1,NULL,7,NULL),
(1162,'LBB-B',NULL,'Male',NULL,3,0.7,162,3,1,NULL,7,NULL),
(1163,'LBB-C',NULL,'Male',NULL,3,0.8,163,3,1,NULL,7,NULL),
(1164,'LBB-D',NULL,'Male',NULL,3,0.9,164,3,1,NULL,7,NULL),
(1165,'LBB-E',NULL,'Male',NULL,3,1,165,3,1,NULL,7,NULL),
(1166,'LBB-A',NULL,'Male',NULL,4,0.6,166,3,1,NULL,7,NULL),
(1167,'LBB-B',NULL,'Male',NULL,4,0.7,167,3,1,NULL,7,NULL),
(1168,'LBB-C',NULL,'Male',NULL,4,0.8,168,3,1,NULL,7,NULL),
(1169,'LBB-D',NULL,'Male',NULL,4,0.9,169,3,1,NULL,7,NULL),
(1170,'LBB-E',NULL,'Male',NULL,4,1,170,3,1,NULL,7,NULL),
(1171,'LBB-A',NULL,'Male',NULL,5,0.6,171,3,1,NULL,7,NULL),
(1172,'LBB-B',NULL,'Male',NULL,5,0.7,172,3,1,NULL,7,NULL),
(1173,'LBB-C',NULL,'Male',NULL,5,0.8,173,3,1,NULL,7,NULL),
(1174,'LBB-D',NULL,'Male',NULL,5,0.9,174,3,1,NULL,7,NULL),
(1175,'LBB-E',NULL,'Male',NULL,5,1,175,3,1,NULL,7,NULL),
(1176,'LBF-A',NULL,'Male',NULL,1,0.6,176,3,1,NULL,8,NULL),
(1177,'LBF-B',NULL,'Male',NULL,1,0.7,177,3,1,NULL,8,NULL),
(1178,'LBF-C',NULL,'Male',NULL,1,0.8,178,3,1,NULL,8,NULL),
(1179,'LBF-D',NULL,'Male',NULL,1,0.9,179,3,1,NULL,8,NULL),
(1180,'LBF-E',NULL,'Male',NULL,1,1,180,3,1,NULL,8,NULL),
(1181,'LBF-A',NULL,'Male',NULL,2,0.6,181,3,1,NULL,8,NULL),
(1182,'LBF-B',NULL,'Male',NULL,2,0.7,182,3,1,NULL,8,NULL),
(1183,'LBF-C',NULL,'Male',NULL,2,0.8,183,3,1,NULL,8,NULL),
(1184,'LBF-D',NULL,'Male',NULL,2,0.9,184,3,1,NULL,8,NULL),
(1185,'LBF-E',NULL,'Male',NULL,2,1,185,3,1,NULL,8,NULL),
(1186,'LBF-A',NULL,'Male',NULL,3,0.6,186,3,1,NULL,8,NULL),
(1187,'LBF-B',NULL,'Male',NULL,3,0.7,187,3,1,NULL,8,NULL),
(1188,'LBF-C',NULL,'Male',NULL,3,0.8,188,3,1,NULL,8,NULL),
(1189,'LBF-D',NULL,'Male',NULL,3,0.9,189,3,1,NULL,8,NULL),
(1190,'LBF-E',NULL,'Male',NULL,3,1,190,3,1,NULL,8,NULL),
(1191,'LBF-A',NULL,'Male',NULL,4,0.6,191,3,1,NULL,8,NULL),
(1192,'LBF-B',NULL,'Male',NULL,4,0.7,192,3,1,NULL,8,NULL),
(1193,'LBF-C',NULL,'Male',NULL,4,0.8,193,3,1,NULL,8,NULL),
(1194,'LBF-D',NULL,'Male',NULL,4,0.9,194,3,1,NULL,8,NULL),
(1195,'LBF-E',NULL,'Male',NULL,4,1,195,3,1,NULL,8,NULL),
(1196,'LBF-A',NULL,'Male',NULL,5,0.6,196,3,1,NULL,8,NULL),
(1197,'LBF-B',NULL,'Male',NULL,5,0.7,197,3,1,NULL,8,NULL),
(1198,'LBF-C',NULL,'Male',NULL,5,0.8,198,3,1,NULL,8,NULL),
(1199,'LBF-D',NULL,'Male',NULL,5,0.9,199,3,1,NULL,8,NULL),
(1200,'LBF-E',NULL,'Male',NULL,5,1,200,3,1,NULL,8,NULL),
(1201,'HBF-A',NULL,'Male',NULL,1,0.6,201,3,1,NULL,9,1),
(1202,'HBF-B',NULL,'Male','2021-09-25 15:36:24.082000',1,0.7,202,3,1,NULL,9,NULL),
(1203,'HBF-C','2021-09-20 10:25:35.518000','Male',NULL,1,0.8,203,3,1,1,9,NULL),
(1204,'HBF-D','2021-09-20 10:40:09.701000','Male',NULL,1,0.9,204,3,1,1,9,NULL),
(1205,'HBF-E','2021-09-20 11:04:05.737000','Male',NULL,1,1,205,3,1,1,9,NULL),
(1206,'HBF-A','2021-09-20 11:08:35.190000','Male',NULL,2,0.6,206,3,1,1,9,NULL),
(1207,'HBF-B','2021-09-20 11:13:55.063000','Male',NULL,2,0.7,207,3,1,1,9,NULL),
(1208,'HBF-C','2021-09-20 11:18:55.968000','Male',NULL,2,0.8,208,3,1,1,9,1),
(1209,'HBF-D','2021-09-20 11:24:51.851000','Male','2021-09-20 11:25:05.550000',2,0.9,209,3,1,1,9,NULL),
(1210,'HBF-E','2021-09-20 11:28:43.878000','Male',NULL,2,1,210,3,1,1,9,NULL),
(1211,'HBF-A','2021-09-20 11:33:54.580000','Male',NULL,3,0.6,211,3,1,1,9,NULL),
(1212,'HBF-B','2021-09-20 11:40:21.703000','Male',NULL,3,0.7,212,3,1,1,9,NULL),
(1213,'HBF-C','2021-09-20 11:47:00.265000','Male',NULL,3,0.8,213,3,1,1,9,NULL),
(1214,'HBF-D','2021-09-20 11:52:01.456000','Male',NULL,3,0.9,214,3,1,1,9,NULL),
(1215,'HBF-E','2021-09-20 11:57:11.634000','Male',NULL,3,1,215,3,1,1,9,NULL),
(1216,'HBF-A','2021-09-20 12:02:22.626000','Male',NULL,4,0.6,216,3,1,1,9,NULL),
(1217,'HBF-B','2021-09-20 12:06:55.353000','Male',NULL,4,0.7,217,3,1,1,9,NULL),
(1218,'HBF-C','2021-09-20 12:11:21.772000','Male',NULL,4,0.8,218,3,1,1,9,NULL),
(1219,'HBF-D','2021-09-20 12:16:23.863000','Male',NULL,4,0.9,219,3,1,1,9,NULL),
(1220,'HBF-E','2021-09-20 12:20:46.619000','Male',NULL,4,1,220,3,1,1,9,NULL),
(1221,'HBF-A','2021-09-20 12:27:05.190000','Male',NULL,5,0.6,221,3,1,1,9,NULL),
(1222,'HBF-B','2021-09-20 12:31:58.353000','Male',NULL,5,0.7,222,3,1,1,9,NULL),
(1223,'HBF-C','2021-09-20 12:37:26.442000','Male',NULL,5,0.8,223,3,1,1,9,NULL),
(1224,'HBF-D','2021-09-20 12:43:02.758000','Male',NULL,5,0.9,224,3,1,1,9,NULL),
(1225,'HBF-E','2021-09-20 12:49:43.111000','Male',NULL,5,1,225,3,1,1,9,1),
(1226,'HBB-A','2021-09-20 12:59:20.717000','Male','2021-09-20 13:02:11.146000',1,0.6,226,3,1,1,10,NULL),
(1227,'HBB-B','2021-09-20 13:05:39.145000','Male',NULL,1,0.7,227,3,1,1,10,NULL),
(1228,'HBB-C','2021-09-20 13:10:34.106000','Male',NULL,1,0.8,228,3,1,1,10,NULL),
(1229,'HBB-D','2021-09-20 13:14:20.971000','Male',NULL,1,0.9,229,3,1,1,10,NULL),
(1230,'HBB-E','2021-09-20 13:19:57.585000','Male',NULL,1,1,230,3,1,1,10,NULL),
(1231,'HBB-A','2021-09-20 13:24:58.194000','Male',NULL,2,0.6,231,3,1,1,10,NULL),
(1232,'HBB-B','2021-09-20 13:33:47.277000','Male',NULL,2,0.7,232,3,1,1,10,NULL),
(1233,'HBB-C','2021-09-20 13:40:37.147000','Male',NULL,2,0.8,233,3,1,1,10,NULL),
(1234,'HBB-D','2021-09-20 13:45:13.286000','Male',NULL,2,0.9,234,3,1,1,10,NULL),
(1235,'HBB-E','2021-09-20 14:20:39.366000','Male',NULL,2,1,235,3,1,1,10,NULL),
(1236,'HBB-A','2021-09-20 15:15:39.965000','Male',NULL,3,0.6,236,3,1,1,10,NULL),
(1237,'HBB-B','2021-09-20 15:20:19.072000','Male',NULL,3,0.7,237,3,1,1,10,NULL),
(1238,'HBB-C','2021-09-20 15:24:43.249000','Male',NULL,3,0.8,238,3,1,1,10,NULL),
(1239,'HBB-D','2021-09-20 15:55:09.854000','Male',NULL,3,0.9,239,3,1,1,10,NULL),
(1240,'HBB-E','2021-09-20 15:59:56.633000','Male',NULL,3,1,240,3,1,1,10,NULL),
(1241,'HBB-A','2021-09-20 16:03:32.035000','Male',NULL,4,0.6,241,3,1,1,10,NULL),
(1242,'HBB-B','2021-09-20 16:07:50.779000','Male',NULL,4,0.7,242,3,1,1,10,1),
(1243,'HBB-C','2021-09-20 16:12:48.810000','Male','2021-09-20 16:14:49.525000',4,0.8,243,3,1,1,10,NULL),
(1244,'HBB-D','2021-09-20 16:20:25.825000','Male',NULL,4,0.9,244,3,1,1,10,NULL),
(1245,'HBB-E','2021-09-20 16:24:17.416000','Male',NULL,4,1,245,3,1,1,10,NULL),
(1246,'HBB-A','2021-09-20 16:27:43.838000','Male',NULL,5,0.6,246,3,1,1,10,NULL),
(1247,'HBB-B','2021-09-20 16:33:23.287000','Male',NULL,5,0.7,247,3,1,1,10,NULL),
(1248,'HBB-C','2021-09-20 16:37:36.754000','Male',NULL,5,0.8,248,3,1,1,10,NULL),
(1249,'HBB-D','2021-09-20 16:41:52.393000','Male',NULL,5,0.9,249,3,1,1,10,NULL),
(1250,'HBB-E','2021-09-20 16:46:20.206000','Male',NULL,5,1,250,3,1,1,10,NULL),
(1251,'FBS-A',NULL,'Female',NULL,1,0.6,1,3,1,NULL,1,NULL),
(1252,'FBS-B',NULL,'Female',NULL,1,0.7,2,3,1,NULL,1,NULL),
(1253,'FBS-C',NULL,'Female',NULL,1,0.8,3,3,1,NULL,1,NULL),
(1254,'FBS-D',NULL,'Female',NULL,1,0.9,4,3,1,NULL,1,NULL),
(1255,'FBS-E',NULL,'Female',NULL,1,1,5,3,1,NULL,1,NULL),
(1256,'FBS-A',NULL,'Female',NULL,2,0.6,6,3,1,NULL,1,NULL),
(1257,'FBS-B',NULL,'Female',NULL,2,0.7,7,3,1,NULL,1,NULL),
(1258,'FBS-C',NULL,'Female',NULL,2,0.8,8,3,1,NULL,1,NULL),
(1259,'FBS-D',NULL,'Female',NULL,2,0.9,9,3,1,NULL,1,NULL),
(1260,'FBS-E',NULL,'Female',NULL,2,1,10,3,1,NULL,1,NULL),
(1261,'FBS-A',NULL,'Female',NULL,3,0.6,11,3,1,NULL,1,NULL),
(1262,'FBS-B',NULL,'Female',NULL,3,0.7,12,3,1,NULL,1,NULL),
(1263,'FBS-C',NULL,'Female',NULL,3,0.8,13,3,1,NULL,1,NULL),
(1264,'FBS-D',NULL,'Female',NULL,3,0.9,14,3,1,NULL,1,NULL),
(1265,'FBS-E',NULL,'Female',NULL,3,1,15,3,1,NULL,1,NULL),
(1266,'FBS-A',NULL,'Female',NULL,4,0.6,16,3,1,NULL,1,NULL),
(1267,'FBS-B',NULL,'Female',NULL,4,0.7,17,3,1,NULL,1,NULL),
(1268,'FBS-C',NULL,'Female',NULL,4,0.8,18,3,1,NULL,1,NULL),
(1269,'FBS-D',NULL,'Female',NULL,4,0.9,19,3,1,NULL,1,NULL),
(1270,'FBS-E',NULL,'Female',NULL,4,1,20,3,1,NULL,1,NULL),
(1271,'FBS-A',NULL,'Female',NULL,5,0.6,21,3,1,NULL,1,NULL),
(1272,'FBS-B',NULL,'Female',NULL,5,0.7,22,3,1,NULL,1,NULL),
(1273,'FBS-C',NULL,'Female',NULL,5,0.8,23,3,1,NULL,1,NULL),
(1274,'FBS-D',NULL,'Female',NULL,5,0.9,24,3,1,NULL,1,NULL),
(1275,'FBS-E',NULL,'Female',NULL,5,1,25,3,1,NULL,1,NULL),
(1276,'FBF-A',NULL,'Female',NULL,1,0.6,26,3,1,NULL,2,NULL),
(1277,'FBF-B',NULL,'Female',NULL,1,0.7,27,3,1,NULL,2,1),
(1278,'FBF-C',NULL,'Female','2021-09-25 16:23:31.133000',1,0.8,28,3,1,NULL,2,NULL),
(1279,'FBF-D',NULL,'Female',NULL,1,0.9,29,3,1,NULL,2,NULL),
(1280,'FBF-E',NULL,'Female',NULL,1,1,30,3,1,NULL,2,NULL),
(1281,'FBF-A',NULL,'Female',NULL,2,0.6,31,3,1,NULL,2,NULL),
(1282,'FBF-B',NULL,'Female',NULL,2,0.7,32,3,1,NULL,2,NULL),
(1283,'FBF-C',NULL,'Female',NULL,2,0.8,33,3,1,NULL,2,NULL),
(1284,'FBF-D',NULL,'Female',NULL,2,0.9,34,3,1,NULL,2,NULL),
(1285,'FBF-E',NULL,'Female',NULL,2,1,35,3,1,NULL,2,NULL),
(1286,'FBF-A',NULL,'Female',NULL,3,0.6,36,3,1,NULL,2,NULL),
(1287,'FBF-B',NULL,'Female',NULL,3,0.7,37,3,1,NULL,2,NULL),
(1288,'FBF-C',NULL,'Female',NULL,3,0.8,38,3,1,NULL,2,NULL),
(1289,'FBF-D',NULL,'Female',NULL,3,0.9,39,3,1,NULL,2,NULL),
(1290,'FBF-E',NULL,'Female',NULL,3,1,40,3,1,NULL,2,NULL),
(1291,'FBF-A',NULL,'Female',NULL,4,0.6,41,3,1,NULL,2,NULL),
(1292,'FBF-B',NULL,'Female',NULL,4,0.7,42,3,1,NULL,2,NULL),
(1293,'FBF-C',NULL,'Female',NULL,4,0.8,43,3,1,NULL,2,NULL),
(1294,'FBF-D',NULL,'Female',NULL,4,0.9,44,3,1,NULL,2,NULL),
(1295,'FBF-E',NULL,'Female',NULL,4,1,45,3,1,NULL,2,NULL),
(1296,'FBF-A',NULL,'Female',NULL,5,0.6,46,3,1,NULL,2,NULL),
(1297,'FBF-B',NULL,'Female',NULL,5,0.7,47,3,1,NULL,2,NULL),
(1298,'FBF-C',NULL,'Female',NULL,5,0.8,48,3,1,NULL,2,NULL),
(1299,'FBF-D',NULL,'Female',NULL,5,0.9,49,3,1,NULL,2,NULL),
(1300,'FBF-E',NULL,'Female',NULL,5,1,50,3,1,NULL,2,NULL),
(1301,'BBS-A',NULL,'Female',NULL,1,0.6,51,3,1,NULL,3,NULL),
(1302,'BBS-B',NULL,'Female',NULL,1,0.7,52,3,1,NULL,3,NULL),
(1303,'BBS-C',NULL,'Female',NULL,1,0.8,53,3,1,NULL,3,NULL),
(1304,'BBS-D',NULL,'Female',NULL,1,0.9,54,3,1,NULL,3,NULL),
(1305,'BBS-E',NULL,'Female',NULL,1,1,55,3,1,NULL,3,NULL),
(1306,'BBS-A',NULL,'Female',NULL,2,0.6,56,3,1,NULL,3,NULL),
(1307,'BBS-B',NULL,'Female',NULL,2,0.7,57,3,1,NULL,3,NULL),
(1308,'BBS-C',NULL,'Female',NULL,2,0.8,58,3,1,NULL,3,NULL),
(1309,'BBS-D',NULL,'Female',NULL,2,0.9,59,3,1,NULL,3,NULL),
(1310,'BBS-E',NULL,'Female',NULL,2,1,60,3,1,NULL,3,NULL),
(1311,'BBS-A',NULL,'Female',NULL,3,0.6,61,3,1,NULL,3,NULL),
(1312,'BBS-B',NULL,'Female',NULL,3,0.7,62,3,1,NULL,3,NULL),
(1313,'BBS-C',NULL,'Female',NULL,3,0.8,63,3,1,NULL,3,NULL),
(1314,'BBS-D',NULL,'Female',NULL,3,0.9,64,3,1,NULL,3,NULL),
(1315,'BBS-E',NULL,'Female',NULL,3,1,65,3,1,NULL,3,NULL),
(1316,'BBS-A',NULL,'Female',NULL,4,0.6,66,3,1,NULL,3,NULL),
(1317,'BBS-B',NULL,'Female',NULL,4,0.7,67,3,1,NULL,3,NULL),
(1318,'BBS-C',NULL,'Female',NULL,4,0.8,68,3,1,NULL,3,NULL),
(1319,'BBS-D',NULL,'Female',NULL,4,0.9,69,3,1,NULL,3,NULL),
(1320,'BBS-E',NULL,'Female',NULL,4,1,70,3,1,NULL,3,NULL),
(1321,'BBS-A',NULL,'Female',NULL,5,0.6,71,3,1,NULL,3,NULL),
(1322,'BBS-B',NULL,'Female',NULL,5,0.7,72,3,1,NULL,3,NULL),
(1323,'BBS-C',NULL,'Female',NULL,5,0.8,73,3,1,NULL,3,NULL),
(1324,'BBS-D',NULL,'Female',NULL,5,0.9,74,3,1,NULL,3,NULL),
(1325,'BBS-E',NULL,'Female',NULL,5,1,75,3,1,NULL,3,NULL),
(1326,'BBF-A',NULL,'Female',NULL,1,0.6,76,3,1,NULL,4,NULL),
(1327,'BBF-B',NULL,'Female',NULL,1,0.7,77,3,1,NULL,4,NULL),
(1328,'BBF-C',NULL,'Female',NULL,1,0.8,78,3,1,NULL,4,NULL),
(1329,'BBF-D',NULL,'Female',NULL,1,0.9,79,3,1,NULL,4,NULL),
(1330,'BBF-E',NULL,'Female',NULL,1,1,80,3,1,NULL,4,NULL),
(1331,'BBF-A',NULL,'Female',NULL,2,0.6,81,3,1,NULL,4,NULL),
(1332,'BBF-B',NULL,'Female',NULL,2,0.7,82,3,1,NULL,4,NULL),
(1333,'BBF-C',NULL,'Female',NULL,2,0.8,83,3,1,NULL,4,NULL),
(1334,'BBF-D',NULL,'Female',NULL,2,0.9,84,3,1,NULL,4,NULL),
(1335,'BBF-E',NULL,'Female',NULL,2,1,85,3,1,NULL,4,NULL),
(1336,'BBF-A',NULL,'Female',NULL,3,0.6,86,3,1,NULL,4,NULL),
(1337,'BBF-B',NULL,'Female',NULL,3,0.7,87,3,1,NULL,4,NULL),
(1338,'BBF-C',NULL,'Female',NULL,3,0.8,88,3,1,NULL,4,NULL),
(1339,'BBF-D',NULL,'Female',NULL,3,0.9,89,3,1,NULL,4,NULL),
(1340,'BBF-E',NULL,'Female',NULL,3,1,90,3,1,NULL,4,NULL),
(1341,'BBF-A',NULL,'Female',NULL,4,0.6,91,3,1,NULL,4,NULL),
(1342,'BBF-B',NULL,'Female',NULL,4,0.7,92,3,1,NULL,4,NULL),
(1343,'BBF-C',NULL,'Female',NULL,4,0.8,93,3,1,NULL,4,NULL),
(1344,'BBF-D',NULL,'Female',NULL,4,0.9,94,3,1,NULL,4,NULL),
(1345,'BBF-E',NULL,'Female',NULL,4,1,95,3,1,NULL,4,NULL),
(1346,'BBF-A',NULL,'Female',NULL,5,0.6,96,3,1,NULL,4,NULL),
(1347,'BBF-B',NULL,'Female',NULL,5,0.7,97,3,1,NULL,4,NULL),
(1348,'BBF-C',NULL,'Female',NULL,5,0.8,98,3,1,NULL,4,NULL),
(1349,'BBF-D',NULL,'Female',NULL,5,0.9,99,3,1,NULL,4,NULL),
(1350,'BBF-E',NULL,'Female',NULL,5,1,100,3,1,NULL,4,NULL),
(1351,'TBF-A',NULL,'Female',NULL,1,0.6,101,3,1,NULL,5,NULL),
(1352,'TBF-B',NULL,'Female',NULL,1,0.7,102,3,1,NULL,5,NULL),
(1353,'TBF-C',NULL,'Female',NULL,1,0.8,103,3,1,NULL,5,NULL),
(1354,'TBF-D',NULL,'Female',NULL,1,0.9,104,3,1,NULL,5,NULL),
(1355,'TBF-E',NULL,'Female',NULL,1,1,105,3,1,NULL,5,NULL),
(1356,'TBF-A',NULL,'Female',NULL,2,0.6,106,3,1,NULL,5,NULL),
(1357,'TBF-B',NULL,'Female',NULL,2,0.7,107,3,1,NULL,5,NULL),
(1358,'TBF-C',NULL,'Female',NULL,2,0.8,108,3,1,NULL,5,NULL),
(1359,'TBF-D',NULL,'Female',NULL,2,0.9,109,3,1,NULL,5,NULL),
(1360,'TBF-E',NULL,'Female',NULL,2,1,110,3,1,NULL,5,NULL),
(1361,'TBF-A',NULL,'Female',NULL,3,0.6,111,3,1,NULL,5,NULL),
(1362,'TBF-B',NULL,'Female',NULL,3,0.7,112,3,1,NULL,5,NULL),
(1363,'TBF-C',NULL,'Female',NULL,3,0.8,113,3,1,NULL,5,NULL),
(1364,'TBF-D',NULL,'Female',NULL,3,0.9,114,3,1,NULL,5,NULL),
(1365,'TBF-E',NULL,'Female',NULL,3,1,115,3,1,NULL,5,NULL),
(1366,'TBF-A',NULL,'Female',NULL,4,0.6,116,3,1,NULL,5,NULL),
(1367,'TBF-B',NULL,'Female',NULL,4,0.7,117,3,1,NULL,5,NULL),
(1368,'TBF-C',NULL,'Female',NULL,4,0.8,118,3,1,NULL,5,NULL),
(1369,'TBF-D',NULL,'Female',NULL,4,0.9,119,3,1,NULL,5,NULL),
(1370,'TBF-E',NULL,'Female',NULL,4,1,120,3,1,NULL,5,NULL),
(1371,'TBF-A',NULL,'Female',NULL,5,0.6,121,3,1,NULL,5,NULL),
(1372,'TBF-B',NULL,'Female',NULL,5,0.7,122,3,1,NULL,5,NULL),
(1373,'TBF-C',NULL,'Female',NULL,5,0.8,123,3,1,NULL,5,NULL),
(1374,'TBF-D',NULL,'Female',NULL,5,0.9,124,3,1,NULL,5,NULL),
(1375,'TBF-E',NULL,'Female',NULL,5,1,125,3,1,NULL,5,NULL),
(1376,'TBB-A',NULL,'Female',NULL,1,0.6,126,3,1,NULL,6,NULL),
(1377,'TBB-B',NULL,'Female',NULL,1,0.7,127,3,1,NULL,6,NULL),
(1378,'TBB-C',NULL,'Female',NULL,1,0.8,128,3,1,NULL,6,NULL),
(1379,'TBB-D',NULL,'Female',NULL,1,0.9,129,3,1,NULL,6,1),
(1380,'TBB-E',NULL,'Female','2021-09-25 16:02:53.437000',1,1,130,3,1,NULL,6,NULL),
(1381,'TBB-A',NULL,'Female',NULL,2,0.6,131,3,1,NULL,6,NULL),
(1382,'TBB-B',NULL,'Female',NULL,2,0.7,132,3,1,NULL,6,NULL),
(1383,'TBB-C',NULL,'Female',NULL,2,0.8,133,3,1,NULL,6,NULL),
(1384,'TBB-D',NULL,'Female',NULL,2,0.9,134,3,1,NULL,6,NULL),
(1385,'TBB-E',NULL,'Female',NULL,2,1,135,3,1,NULL,6,NULL),
(1386,'TBB-A',NULL,'Female',NULL,3,0.6,136,3,1,NULL,6,NULL),
(1387,'TBB-B',NULL,'Female',NULL,3,0.7,137,3,1,NULL,6,NULL),
(1388,'TBB-C',NULL,'Female',NULL,3,0.8,138,3,1,NULL,6,NULL),
(1389,'TBB-D',NULL,'Female',NULL,3,0.9,139,3,1,NULL,6,NULL),
(1390,'TBB-E',NULL,'Female',NULL,3,1,140,3,1,NULL,6,NULL),
(1391,'TBB-A',NULL,'Female',NULL,4,0.6,141,3,1,NULL,6,NULL),
(1392,'TBB-B',NULL,'Female',NULL,4,0.7,142,3,1,NULL,6,NULL),
(1393,'TBB-C',NULL,'Female',NULL,4,0.8,143,3,1,NULL,6,NULL),
(1394,'TBB-D',NULL,'Female',NULL,4,0.9,144,3,1,NULL,6,NULL),
(1395,'TBB-E',NULL,'Female',NULL,4,1,145,3,1,NULL,6,NULL),
(1396,'TBB-A',NULL,'Female',NULL,5,0.6,146,3,1,NULL,6,NULL),
(1397,'TBB-B',NULL,'Female',NULL,5,0.7,147,3,1,NULL,6,NULL),
(1398,'TBB-C',NULL,'Female',NULL,5,0.8,148,3,1,NULL,6,NULL),
(1399,'TBB-D',NULL,'Female',NULL,5,0.9,149,3,1,NULL,6,NULL),
(1400,'TBB-E',NULL,'Female',NULL,5,1,150,3,1,NULL,6,NULL),
(1401,'LBB-A',NULL,'Female',NULL,1,0.6,151,3,1,NULL,7,NULL),
(1402,'LBB-B',NULL,'Female',NULL,1,0.7,152,3,1,NULL,7,NULL),
(1403,'LBB-C',NULL,'Female',NULL,1,0.8,153,3,1,NULL,7,NULL),
(1404,'LBB-D',NULL,'Female',NULL,1,0.9,154,3,1,NULL,7,NULL),
(1405,'LBB-E',NULL,'Female',NULL,1,1,155,3,1,NULL,7,NULL),
(1406,'LBB-A',NULL,'Female',NULL,2,0.6,156,3,1,NULL,7,NULL),
(1407,'LBB-B',NULL,'Female',NULL,2,0.7,157,3,1,NULL,7,NULL),
(1408,'LBB-C',NULL,'Female',NULL,2,0.8,158,3,1,NULL,7,NULL),
(1409,'LBB-D',NULL,'Female',NULL,2,0.9,159,3,1,NULL,7,NULL),
(1410,'LBB-E',NULL,'Female',NULL,2,1,160,3,1,NULL,7,NULL),
(1411,'LBB-A',NULL,'Female',NULL,3,0.6,161,3,1,NULL,7,NULL),
(1412,'LBB-B',NULL,'Female',NULL,3,0.7,162,3,1,NULL,7,NULL),
(1413,'LBB-C',NULL,'Female',NULL,3,0.8,163,3,1,NULL,7,NULL),
(1414,'LBB-D',NULL,'Female',NULL,3,0.9,164,3,1,NULL,7,NULL),
(1415,'LBB-E',NULL,'Female',NULL,3,1,165,3,1,NULL,7,NULL),
(1416,'LBB-A',NULL,'Female',NULL,4,0.6,166,3,1,NULL,7,NULL),
(1417,'LBB-B',NULL,'Female',NULL,4,0.7,167,3,1,NULL,7,NULL),
(1418,'LBB-C',NULL,'Female',NULL,4,0.8,168,3,1,NULL,7,NULL),
(1419,'LBB-D',NULL,'Female',NULL,4,0.9,169,3,1,NULL,7,NULL),
(1420,'LBB-E',NULL,'Female',NULL,4,1,170,3,1,NULL,7,NULL),
(1421,'LBB-A',NULL,'Female',NULL,5,0.6,171,3,1,NULL,7,NULL),
(1422,'LBB-B',NULL,'Female',NULL,5,0.7,172,3,1,NULL,7,NULL),
(1423,'LBB-C',NULL,'Female',NULL,5,0.8,173,3,1,NULL,7,NULL),
(1424,'LBB-D',NULL,'Female',NULL,5,0.9,174,3,1,NULL,7,NULL),
(1425,'LBB-E',NULL,'Female',NULL,5,1,175,3,1,NULL,7,NULL),
(1426,'LBF-A',NULL,'Female',NULL,1,0.6,176,3,1,NULL,8,NULL),
(1427,'LBF-B',NULL,'Female',NULL,1,0.7,177,3,1,NULL,8,NULL),
(1428,'LBF-C',NULL,'Female',NULL,1,0.8,178,3,1,NULL,8,NULL),
(1429,'LBF-D',NULL,'Female',NULL,1,0.9,179,3,1,NULL,8,NULL),
(1430,'LBF-E',NULL,'Female',NULL,1,1,180,3,1,NULL,8,NULL),
(1431,'LBF-A',NULL,'Female',NULL,2,0.6,181,3,1,NULL,8,NULL),
(1432,'LBF-B',NULL,'Female',NULL,2,0.7,182,3,1,NULL,8,NULL),
(1433,'LBF-C',NULL,'Female',NULL,2,0.8,183,3,1,NULL,8,NULL),
(1434,'LBF-D',NULL,'Female',NULL,2,0.9,184,3,1,NULL,8,NULL),
(1435,'LBF-E',NULL,'Female',NULL,2,1,185,3,1,NULL,8,NULL),
(1436,'LBF-A',NULL,'Female',NULL,3,0.6,186,3,1,NULL,8,NULL),
(1437,'LBF-B',NULL,'Female',NULL,3,0.7,187,3,1,NULL,8,NULL),
(1438,'LBF-C',NULL,'Female',NULL,3,0.8,188,3,1,NULL,8,NULL),
(1439,'LBF-D',NULL,'Female',NULL,3,0.9,189,3,1,NULL,8,NULL),
(1440,'LBF-E',NULL,'Female',NULL,3,1,190,3,1,NULL,8,NULL),
(1441,'LBF-A',NULL,'Female',NULL,4,0.6,191,3,1,NULL,8,NULL),
(1442,'LBF-B',NULL,'Female',NULL,4,0.7,192,3,1,NULL,8,NULL),
(1443,'LBF-C',NULL,'Female',NULL,4,0.8,193,3,1,NULL,8,NULL),
(1444,'LBF-D',NULL,'Female',NULL,4,0.9,194,3,1,NULL,8,NULL),
(1445,'LBF-E',NULL,'Female',NULL,4,1,195,3,1,NULL,8,NULL),
(1446,'LBF-A',NULL,'Female',NULL,5,0.6,196,3,1,NULL,8,NULL),
(1447,'LBF-B',NULL,'Female',NULL,5,0.7,197,3,1,NULL,8,NULL),
(1448,'LBF-C',NULL,'Female',NULL,5,0.8,198,3,1,NULL,8,NULL),
(1449,'LBF-D',NULL,'Female',NULL,5,0.9,199,3,1,NULL,8,NULL),
(1450,'LBF-E',NULL,'Female',NULL,5,1,200,3,1,NULL,8,NULL),
(1451,'HBF-A',NULL,'Female',NULL,1,0.6,201,3,1,NULL,9,1),
(1452,'HBF-B',NULL,'Female','2021-09-25 15:36:24.082000',1,0.7,202,3,1,NULL,9,NULL),
(1453,'HBF-C','2021-09-20 10:25:35.518000','Female',NULL,1,0.8,203,3,1,1,9,NULL),
(1454,'HBF-D','2021-09-20 10:40:09.701000','Female',NULL,1,0.9,204,3,1,1,9,NULL),
(1455,'HBF-E','2021-09-20 11:04:05.737000','Female',NULL,1,1,205,3,1,1,9,NULL),
(1456,'HBF-A','2021-09-20 11:08:35.190000','Female',NULL,2,0.6,206,3,1,1,9,NULL),
(1457,'HBF-B','2021-09-20 11:13:55.063000','Female',NULL,2,0.7,207,3,1,1,9,NULL),
(1458,'HBF-C','2021-09-20 11:18:55.968000','Female',NULL,2,0.8,208,3,1,1,9,1),
(1459,'HBF-D','2021-09-20 11:24:51.851000','Female','2021-09-20 11:25:05.550000',2,0.9,209,3,1,1,9,NULL),
(1460,'HBF-E','2021-09-20 11:28:43.878000','Female',NULL,2,1,210,3,1,1,9,NULL),
(1461,'HBF-A','2021-09-20 11:33:54.580000','Female',NULL,3,0.6,211,3,1,1,9,NULL),
(1462,'HBF-B','2021-09-20 11:40:21.703000','Female',NULL,3,0.7,212,3,1,1,9,NULL),
(1463,'HBF-C','2021-09-20 11:47:00.265000','Female',NULL,3,0.8,213,3,1,1,9,NULL),
(1464,'HBF-D','2021-09-20 11:52:01.456000','Female',NULL,3,0.9,214,3,1,1,9,NULL),
(1465,'HBF-E','2021-09-20 11:57:11.634000','Female',NULL,3,1,215,3,1,1,9,NULL),
(1466,'HBF-A','2021-09-20 12:02:22.626000','Female',NULL,4,0.6,216,3,1,1,9,NULL),
(1467,'HBF-B','2021-09-20 12:06:55.353000','Female',NULL,4,0.7,217,3,1,1,9,NULL),
(1468,'HBF-C','2021-09-20 12:11:21.772000','Female',NULL,4,0.8,218,3,1,1,9,NULL),
(1469,'HBF-D','2021-09-20 12:16:23.863000','Female',NULL,4,0.9,219,3,1,1,9,NULL),
(1470,'HBF-E','2021-09-20 12:20:46.619000','Female',NULL,4,1,220,3,1,1,9,NULL),
(1471,'HBF-A','2021-09-20 12:27:05.190000','Female',NULL,5,0.6,221,3,1,1,9,NULL),
(1472,'HBF-B','2021-09-20 12:31:58.353000','Female',NULL,5,0.7,222,3,1,1,9,NULL),
(1473,'HBF-C','2021-09-20 12:37:26.442000','Female',NULL,5,0.8,223,3,1,1,9,NULL),
(1474,'HBF-D','2021-09-20 12:43:02.758000','Female',NULL,5,0.9,224,3,1,1,9,NULL),
(1475,'HBF-E','2021-09-20 12:49:43.111000','Female',NULL,5,1,225,3,1,1,9,1),
(1476,'HBB-A','2021-09-20 12:59:20.717000','Female','2021-09-20 13:02:11.146000',1,0.6,226,3,1,1,10,NULL),
(1477,'HBB-B','2021-09-20 13:05:39.145000','Female',NULL,1,0.7,227,3,1,1,10,NULL),
(1478,'HBB-C','2021-09-20 13:10:34.106000','Female',NULL,1,0.8,228,3,1,1,10,NULL),
(1479,'HBB-D','2021-09-20 13:14:20.971000','Female',NULL,1,0.9,229,3,1,1,10,NULL),
(1480,'HBB-E','2021-09-20 13:19:57.585000','Female',NULL,1,1,230,3,1,1,10,NULL),
(1481,'HBB-A','2021-09-20 13:24:58.194000','Female',NULL,2,0.6,231,3,1,1,10,NULL),
(1482,'HBB-B','2021-09-20 13:33:47.277000','Female',NULL,2,0.7,232,3,1,1,10,NULL),
(1483,'HBB-C','2021-09-20 13:40:37.147000','Female',NULL,2,0.8,233,3,1,1,10,NULL),
(1484,'HBB-D','2021-09-20 13:45:13.286000','Female',NULL,2,0.9,234,3,1,1,10,NULL),
(1485,'HBB-E','2021-09-20 14:20:39.366000','Female',NULL,2,1,235,3,1,1,10,NULL),
(1486,'HBB-A','2021-09-20 15:15:39.965000','Female',NULL,3,0.6,236,3,1,1,10,NULL),
(1487,'HBB-B','2021-09-20 15:20:19.072000','Female',NULL,3,0.7,237,3,1,1,10,NULL),
(1488,'HBB-C','2021-09-20 15:24:43.249000','Female',NULL,3,0.8,238,3,1,1,10,NULL),
(1489,'HBB-D','2021-09-20 15:55:09.854000','Female',NULL,3,0.9,239,3,1,1,10,NULL),
(1490,'HBB-E','2021-09-20 15:59:56.633000','Female',NULL,3,1,240,3,1,1,10,NULL),
(1491,'HBB-A','2021-09-20 16:03:32.035000','Female',NULL,4,0.6,241,3,1,1,10,NULL),
(1492,'HBB-B','2021-09-20 16:07:50.779000','Female',NULL,4,0.7,242,3,1,1,10,1),
(1493,'HBB-C','2021-09-20 16:12:48.810000','Female','2021-09-20 16:14:49.525000',4,0.8,243,3,1,1,10,NULL),
(1494,'HBB-D','2021-09-20 16:20:25.825000','Female',NULL,4,0.9,244,3,1,1,10,NULL),
(1495,'HBB-E','2021-09-20 16:24:17.416000','Female',NULL,4,1,245,3,1,1,10,NULL),
(1496,'HBB-A','2021-09-20 16:27:43.838000','Female',NULL,5,0.6,246,3,1,1,10,NULL),
(1497,'HBB-B','2021-09-20 16:33:23.287000','Female',NULL,5,0.7,247,3,1,1,10,NULL),
(1498,'HBB-C','2021-09-20 16:37:36.754000','Female',NULL,5,0.8,248,3,1,1,10,NULL),
(1499,'HBB-D','2021-09-20 16:41:52.393000','Female',NULL,5,0.9,249,3,1,1,10,NULL),
(1500,'HBB-E','2021-09-20 16:46:20.206000','Female',NULL,5,1,250,3,1,1,10,NULL),
(1501,'FBS-A',NULL,'Male',NULL,1,0.6,1,4,1,NULL,1,NULL),
(1502,'FBS-B',NULL,'Male',NULL,1,0.7,2,4,1,NULL,1,NULL),
(1503,'FBS-C',NULL,'Male',NULL,1,0.8,3,4,1,NULL,1,NULL),
(1504,'FBS-D',NULL,'Male',NULL,1,0.9,4,4,1,NULL,1,NULL),
(1505,'FBS-E',NULL,'Male',NULL,1,1,5,4,1,NULL,1,NULL),
(1506,'FBS-A',NULL,'Male',NULL,2,0.6,6,4,1,NULL,1,NULL),
(1507,'FBS-B',NULL,'Male',NULL,2,0.7,7,4,1,NULL,1,NULL),
(1508,'FBS-C',NULL,'Male',NULL,2,0.8,8,4,1,NULL,1,NULL),
(1509,'FBS-D',NULL,'Male',NULL,2,0.9,9,4,1,NULL,1,NULL),
(1510,'FBS-E',NULL,'Male',NULL,2,1,10,4,1,NULL,1,NULL),
(1511,'FBS-A',NULL,'Male',NULL,3,0.6,11,4,1,NULL,1,NULL),
(1512,'FBS-B',NULL,'Male',NULL,3,0.7,12,4,1,NULL,1,NULL),
(1513,'FBS-C',NULL,'Male',NULL,3,0.8,13,4,1,NULL,1,NULL),
(1514,'FBS-D',NULL,'Male',NULL,3,0.9,14,4,1,NULL,1,NULL),
(1515,'FBS-E',NULL,'Male',NULL,3,1,15,4,1,NULL,1,NULL),
(1516,'FBS-A',NULL,'Male',NULL,4,0.6,16,4,1,NULL,1,NULL),
(1517,'FBS-B',NULL,'Male',NULL,4,0.7,17,4,1,NULL,1,NULL),
(1518,'FBS-C',NULL,'Male',NULL,4,0.8,18,4,1,NULL,1,NULL),
(1519,'FBS-D',NULL,'Male',NULL,4,0.9,19,4,1,NULL,1,NULL),
(1520,'FBS-E',NULL,'Male',NULL,4,1,20,4,1,NULL,1,NULL),
(1521,'FBS-A',NULL,'Male',NULL,5,0.6,21,4,1,NULL,1,NULL),
(1522,'FBS-B',NULL,'Male',NULL,5,0.7,22,4,1,NULL,1,NULL),
(1523,'FBS-C',NULL,'Male',NULL,5,0.8,23,4,1,NULL,1,NULL),
(1524,'FBS-D',NULL,'Male',NULL,5,0.9,24,4,1,NULL,1,NULL),
(1525,'FBS-E',NULL,'Male',NULL,5,1,25,4,1,NULL,1,1),
(1526,'FBF-A',NULL,'Male','2021-09-25 16:22:10.369000',1,0.6,26,4,1,NULL,2,NULL),
(1527,'FBF-B',NULL,'Male',NULL,1,0.7,27,4,1,NULL,2,NULL),
(1528,'FBF-C',NULL,'Male',NULL,1,0.8,28,4,1,NULL,2,NULL),
(1529,'FBF-D',NULL,'Male',NULL,1,0.9,29,4,1,NULL,2,NULL),
(1530,'FBF-E',NULL,'Male',NULL,1,1,30,4,1,NULL,2,NULL),
(1531,'FBF-A',NULL,'Male',NULL,2,0.6,31,4,1,NULL,2,NULL),
(1532,'FBF-B',NULL,'Male',NULL,2,0.7,32,4,1,NULL,2,NULL),
(1533,'FBF-C',NULL,'Male',NULL,2,0.8,33,4,1,NULL,2,NULL),
(1534,'FBF-D',NULL,'Male',NULL,2,0.9,34,4,1,NULL,2,NULL),
(1535,'FBF-E',NULL,'Male',NULL,2,1,35,4,1,NULL,2,NULL),
(1536,'FBF-A',NULL,'Male',NULL,3,0.6,36,4,1,NULL,2,NULL),
(1537,'FBF-B',NULL,'Male',NULL,3,0.7,37,4,1,NULL,2,NULL),
(1538,'FBF-C',NULL,'Male',NULL,3,0.8,38,4,1,NULL,2,NULL),
(1539,'FBF-D',NULL,'Male',NULL,3,0.9,39,4,1,NULL,2,NULL),
(1540,'FBF-E',NULL,'Male',NULL,3,1,40,4,1,NULL,2,NULL),
(1541,'FBF-A',NULL,'Male',NULL,4,0.6,41,4,1,NULL,2,NULL),
(1542,'FBF-B',NULL,'Male',NULL,4,0.7,42,4,1,NULL,2,NULL),
(1543,'FBF-C',NULL,'Male',NULL,4,0.8,43,4,1,NULL,2,NULL),
(1544,'FBF-D',NULL,'Male',NULL,4,0.9,44,4,1,NULL,2,NULL),
(1545,'FBF-E',NULL,'Male',NULL,4,1,45,4,1,NULL,2,NULL),
(1546,'FBF-A',NULL,'Male',NULL,5,0.6,46,4,1,NULL,2,NULL),
(1547,'FBF-B',NULL,'Male',NULL,5,0.7,47,4,1,NULL,2,NULL),
(1548,'FBF-C',NULL,'Male',NULL,5,0.8,48,4,1,NULL,2,NULL),
(1549,'FBF-D',NULL,'Male',NULL,5,0.9,49,4,1,NULL,2,NULL),
(1550,'FBF-E',NULL,'Male',NULL,5,1,50,4,1,NULL,2,NULL),
(1551,'BBS-A',NULL,'Male',NULL,1,0.6,51,4,1,NULL,3,NULL),
(1552,'BBS-B',NULL,'Male',NULL,1,0.7,52,4,1,NULL,3,NULL),
(1553,'BBS-C',NULL,'Male',NULL,1,0.8,53,4,1,NULL,3,NULL),
(1554,'BBS-D',NULL,'Male',NULL,1,0.9,54,4,1,NULL,3,NULL),
(1555,'BBS-E',NULL,'Male',NULL,1,1,55,4,1,NULL,3,NULL),
(1556,'BBS-A',NULL,'Male',NULL,2,0.6,56,4,1,NULL,3,NULL),
(1557,'BBS-B',NULL,'Male',NULL,2,0.7,57,4,1,NULL,3,NULL),
(1558,'BBS-C',NULL,'Male',NULL,2,0.8,58,4,1,NULL,3,NULL),
(1559,'BBS-D',NULL,'Male',NULL,2,0.9,59,4,1,NULL,3,NULL),
(1560,'BBS-E',NULL,'Male',NULL,2,1,60,4,1,NULL,3,NULL),
(1561,'BBS-A',NULL,'Male',NULL,3,0.6,61,4,1,NULL,3,NULL),
(1562,'BBS-B',NULL,'Male',NULL,3,0.7,62,4,1,NULL,3,NULL),
(1563,'BBS-C',NULL,'Male',NULL,3,0.8,63,4,1,NULL,3,NULL),
(1564,'BBS-D',NULL,'Male',NULL,3,0.9,64,4,1,NULL,3,NULL),
(1565,'BBS-E',NULL,'Male',NULL,3,1,65,4,1,NULL,3,NULL),
(1566,'BBS-A',NULL,'Male',NULL,4,0.6,66,4,1,NULL,3,NULL),
(1567,'BBS-B',NULL,'Male',NULL,4,0.7,67,4,1,NULL,3,NULL),
(1568,'BBS-C',NULL,'Male',NULL,4,0.8,68,4,1,NULL,3,NULL),
(1569,'BBS-D',NULL,'Male',NULL,4,0.9,69,4,1,NULL,3,NULL),
(1570,'BBS-E',NULL,'Male',NULL,4,1,70,4,1,NULL,3,NULL),
(1571,'BBS-A',NULL,'Male',NULL,5,0.6,71,4,1,NULL,3,NULL),
(1572,'BBS-B',NULL,'Male',NULL,5,0.7,72,4,1,NULL,3,NULL),
(1573,'BBS-C',NULL,'Male',NULL,5,0.8,73,4,1,NULL,3,NULL),
(1574,'BBS-D',NULL,'Male',NULL,5,0.9,74,4,1,NULL,3,NULL),
(1575,'BBS-E',NULL,'Male',NULL,5,1,75,4,1,NULL,3,NULL),
(1576,'BBF-A',NULL,'Male',NULL,1,0.6,76,4,1,NULL,4,NULL),
(1577,'BBF-B',NULL,'Male',NULL,1,0.7,77,4,1,NULL,4,NULL),
(1578,'BBF-C',NULL,'Male',NULL,1,0.8,78,4,1,NULL,4,NULL),
(1579,'BBF-D',NULL,'Male',NULL,1,0.9,79,4,1,NULL,4,NULL),
(1580,'BBF-E',NULL,'Male',NULL,1,1,80,4,1,NULL,4,NULL),
(1581,'BBF-A',NULL,'Male',NULL,2,0.6,81,4,1,NULL,4,NULL),
(1582,'BBF-B',NULL,'Male',NULL,2,0.7,82,4,1,NULL,4,NULL),
(1583,'BBF-C',NULL,'Male',NULL,2,0.8,83,4,1,NULL,4,NULL),
(1584,'BBF-D',NULL,'Male',NULL,2,0.9,84,4,1,NULL,4,NULL),
(1585,'BBF-E',NULL,'Male',NULL,2,1,85,4,1,NULL,4,NULL),
(1586,'BBF-A',NULL,'Male',NULL,3,0.6,86,4,1,NULL,4,NULL),
(1587,'BBF-B',NULL,'Male',NULL,3,0.7,87,4,1,NULL,4,NULL),
(1588,'BBF-C',NULL,'Male',NULL,3,0.8,88,4,1,NULL,4,NULL),
(1589,'BBF-D',NULL,'Male',NULL,3,0.9,89,4,1,NULL,4,NULL),
(1590,'BBF-E',NULL,'Male',NULL,3,1,90,4,1,NULL,4,NULL),
(1591,'BBF-A',NULL,'Male',NULL,4,0.6,91,4,1,NULL,4,NULL),
(1592,'BBF-B',NULL,'Male',NULL,4,0.7,92,4,1,NULL,4,NULL),
(1593,'BBF-C',NULL,'Male',NULL,4,0.8,93,4,1,NULL,4,NULL),
(1594,'BBF-D',NULL,'Male',NULL,4,0.9,94,4,1,NULL,4,NULL),
(1595,'BBF-E',NULL,'Male',NULL,4,1,95,4,1,NULL,4,NULL),
(1596,'BBF-A',NULL,'Male',NULL,5,0.6,96,4,1,NULL,4,NULL),
(1597,'BBF-B',NULL,'Male',NULL,5,0.7,97,4,1,NULL,4,NULL),
(1598,'BBF-C',NULL,'Male',NULL,5,0.8,98,4,1,NULL,4,NULL),
(1599,'BBF-D',NULL,'Male',NULL,5,0.9,99,4,1,NULL,4,NULL),
(1600,'BBF-E',NULL,'Male',NULL,5,1,100,4,1,NULL,4,NULL),
(1601,'TBF-A',NULL,'Male',NULL,1,0.6,101,4,1,NULL,5,NULL),
(1602,'TBF-B',NULL,'Male',NULL,1,0.7,102,4,1,NULL,5,NULL),
(1603,'TBF-C',NULL,'Male',NULL,1,0.8,103,4,1,NULL,5,NULL),
(1604,'TBF-D',NULL,'Male',NULL,1,0.9,104,4,1,NULL,5,NULL),
(1605,'TBF-E',NULL,'Male',NULL,1,1,105,4,1,NULL,5,NULL),
(1606,'TBF-A',NULL,'Male',NULL,2,0.6,106,4,1,NULL,5,NULL),
(1607,'TBF-B',NULL,'Male',NULL,2,0.7,107,4,1,NULL,5,NULL),
(1608,'TBF-C',NULL,'Male',NULL,2,0.8,108,4,1,NULL,5,NULL),
(1609,'TBF-D',NULL,'Male',NULL,2,0.9,109,4,1,NULL,5,NULL),
(1610,'TBF-E',NULL,'Male',NULL,2,1,110,4,1,NULL,5,NULL),
(1611,'TBF-A',NULL,'Male',NULL,3,0.6,111,4,1,NULL,5,NULL),
(1612,'TBF-B',NULL,'Male',NULL,3,0.7,112,4,1,NULL,5,NULL),
(1613,'TBF-C',NULL,'Male',NULL,3,0.8,113,4,1,NULL,5,NULL),
(1614,'TBF-D',NULL,'Male',NULL,3,0.9,114,4,1,NULL,5,NULL),
(1615,'TBF-E',NULL,'Male',NULL,3,1,115,4,1,NULL,5,NULL),
(1616,'TBF-A',NULL,'Male',NULL,4,0.6,116,4,1,NULL,5,NULL),
(1617,'TBF-B',NULL,'Male',NULL,4,0.7,117,4,1,NULL,5,NULL),
(1618,'TBF-C',NULL,'Male',NULL,4,0.8,118,4,1,NULL,5,NULL),
(1619,'TBF-D',NULL,'Male',NULL,4,0.9,119,4,1,NULL,5,NULL),
(1620,'TBF-E',NULL,'Male',NULL,4,1,120,4,1,NULL,5,NULL),
(1621,'TBF-A',NULL,'Male',NULL,5,0.6,121,4,1,NULL,5,NULL),
(1622,'TBF-B',NULL,'Male',NULL,5,0.7,122,4,1,NULL,5,NULL),
(1623,'TBF-C',NULL,'Male',NULL,5,0.8,123,4,1,NULL,5,NULL),
(1624,'TBF-D',NULL,'Male',NULL,5,0.9,124,4,1,NULL,5,NULL),
(1625,'TBF-E',NULL,'Male',NULL,5,1,125,4,1,NULL,5,NULL),
(1626,'TBB-A',NULL,'Male',NULL,1,0.6,126,4,1,NULL,6,NULL),
(1627,'TBB-B',NULL,'Male',NULL,1,0.7,127,4,1,NULL,6,NULL),
(1628,'TBB-C',NULL,'Male',NULL,1,0.8,128,4,1,NULL,6,NULL),
(1629,'TBB-D',NULL,'Male',NULL,1,0.9,129,4,1,NULL,6,1),
(1630,'TBB-E',NULL,'Male','2021-09-25 16:03:05.452000',1,1,130,4,1,NULL,6,NULL),
(1631,'TBB-A',NULL,'Male',NULL,2,0.6,131,4,1,NULL,6,NULL),
(1632,'TBB-B',NULL,'Male',NULL,2,0.7,132,4,1,NULL,6,NULL),
(1633,'TBB-C',NULL,'Male',NULL,2,0.8,133,4,1,NULL,6,NULL),
(1634,'TBB-D',NULL,'Male',NULL,2,0.9,134,4,1,NULL,6,NULL),
(1635,'TBB-E',NULL,'Male',NULL,2,1,135,4,1,NULL,6,NULL),
(1636,'TBB-A',NULL,'Male',NULL,3,0.6,136,4,1,NULL,6,NULL),
(1637,'TBB-B',NULL,'Male',NULL,3,0.7,137,4,1,NULL,6,NULL),
(1638,'TBB-C',NULL,'Male',NULL,3,0.8,138,4,1,NULL,6,NULL),
(1639,'TBB-D',NULL,'Male',NULL,3,0.9,139,4,1,NULL,6,NULL),
(1640,'TBB-E',NULL,'Male',NULL,3,1,140,4,1,NULL,6,NULL),
(1641,'TBB-A',NULL,'Male',NULL,4,0.6,141,4,1,NULL,6,NULL),
(1642,'TBB-B',NULL,'Male',NULL,4,0.7,142,4,1,NULL,6,NULL),
(1643,'TBB-C',NULL,'Male',NULL,4,0.8,143,4,1,NULL,6,NULL),
(1644,'TBB-D',NULL,'Male',NULL,4,0.9,144,4,1,NULL,6,NULL),
(1645,'TBB-E',NULL,'Male',NULL,4,1,145,4,1,NULL,6,NULL),
(1646,'TBB-A',NULL,'Male',NULL,5,0.6,146,4,1,NULL,6,NULL),
(1647,'TBB-B',NULL,'Male',NULL,5,0.7,147,4,1,NULL,6,NULL),
(1648,'TBB-C',NULL,'Male',NULL,5,0.8,148,4,1,NULL,6,NULL),
(1649,'TBB-D',NULL,'Male',NULL,5,0.9,149,4,1,NULL,6,NULL),
(1650,'TBB-E',NULL,'Male',NULL,5,1,150,4,1,NULL,6,NULL),
(1651,'LBB-A',NULL,'Male',NULL,1,0.6,151,4,1,NULL,7,1),
(1652,'LBB-B',NULL,'Male','2021-09-25 16:07:56.472000',1,0.7,152,4,1,NULL,7,NULL),
(1653,'LBB-C',NULL,'Male',NULL,1,0.8,153,4,1,NULL,7,NULL),
(1654,'LBB-D',NULL,'Male',NULL,1,0.9,154,4,1,NULL,7,NULL),
(1655,'LBB-E',NULL,'Male',NULL,1,1,155,4,1,NULL,7,NULL),
(1656,'LBB-A',NULL,'Male',NULL,2,0.6,156,4,1,NULL,7,NULL),
(1657,'LBB-B',NULL,'Male',NULL,2,0.7,157,4,1,NULL,7,NULL),
(1658,'LBB-C',NULL,'Male',NULL,2,0.8,158,4,1,NULL,7,NULL),
(1659,'LBB-D',NULL,'Male',NULL,2,0.9,159,4,1,NULL,7,NULL),
(1660,'LBB-E',NULL,'Male',NULL,2,1,160,4,1,NULL,7,NULL),
(1661,'LBB-A',NULL,'Male',NULL,3,0.6,161,4,1,NULL,7,NULL),
(1662,'LBB-B',NULL,'Male',NULL,3,0.7,162,4,1,NULL,7,NULL),
(1663,'LBB-C',NULL,'Male',NULL,3,0.8,163,4,1,NULL,7,NULL),
(1664,'LBB-D',NULL,'Male',NULL,3,0.9,164,4,1,NULL,7,NULL),
(1665,'LBB-E',NULL,'Male',NULL,3,1,165,4,1,NULL,7,NULL),
(1666,'LBB-A',NULL,'Male',NULL,4,0.6,166,4,1,NULL,7,NULL),
(1667,'LBB-B',NULL,'Male',NULL,4,0.7,167,4,1,NULL,7,NULL),
(1668,'LBB-C',NULL,'Male',NULL,4,0.8,168,4,1,NULL,7,NULL),
(1669,'LBB-D',NULL,'Male',NULL,4,0.9,169,4,1,NULL,7,NULL),
(1670,'LBB-E',NULL,'Male',NULL,4,1,170,4,1,NULL,7,NULL),
(1671,'LBB-A',NULL,'Male',NULL,5,0.6,171,4,1,NULL,7,NULL),
(1672,'LBB-B',NULL,'Male',NULL,5,0.7,172,4,1,NULL,7,NULL),
(1673,'LBB-C',NULL,'Male',NULL,5,0.8,173,4,1,NULL,7,NULL),
(1674,'LBB-D',NULL,'Male',NULL,5,0.9,174,4,1,NULL,7,NULL),
(1675,'LBB-E',NULL,'Male',NULL,5,1,175,4,1,NULL,7,NULL),
(1676,'LBF-A',NULL,'Male',NULL,1,0.6,176,4,1,NULL,8,NULL),
(1677,'LBF-B',NULL,'Male',NULL,1,0.7,177,4,1,NULL,8,NULL),
(1678,'LBF-C',NULL,'Male',NULL,1,0.8,178,4,1,NULL,8,NULL),
(1679,'LBF-D',NULL,'Male',NULL,1,0.9,179,4,1,NULL,8,NULL),
(1680,'LBF-E',NULL,'Male',NULL,1,1,180,4,1,NULL,8,NULL),
(1681,'LBF-A',NULL,'Male',NULL,2,0.6,181,4,1,NULL,8,NULL),
(1682,'LBF-B',NULL,'Male',NULL,2,0.7,182,4,1,NULL,8,NULL),
(1683,'LBF-C',NULL,'Male',NULL,2,0.8,183,4,1,NULL,8,NULL),
(1684,'LBF-D',NULL,'Male',NULL,2,0.9,184,4,1,NULL,8,NULL),
(1685,'LBF-E',NULL,'Male',NULL,2,1,185,4,1,NULL,8,NULL),
(1686,'LBF-A',NULL,'Male',NULL,3,0.6,186,4,1,NULL,8,NULL),
(1687,'LBF-B',NULL,'Male',NULL,3,0.7,187,4,1,NULL,8,NULL),
(1688,'LBF-C',NULL,'Male',NULL,3,0.8,188,4,1,NULL,8,NULL),
(1689,'LBF-D',NULL,'Male',NULL,3,0.9,189,4,1,NULL,8,NULL),
(1690,'LBF-E',NULL,'Male',NULL,3,1,190,4,1,NULL,8,NULL),
(1691,'LBF-A',NULL,'Male',NULL,4,0.6,191,4,1,NULL,8,NULL),
(1692,'LBF-B',NULL,'Male',NULL,4,0.7,192,4,1,NULL,8,NULL),
(1693,'LBF-C',NULL,'Male',NULL,4,0.8,193,4,1,NULL,8,NULL),
(1694,'LBF-D',NULL,'Male',NULL,4,0.9,194,4,1,NULL,8,NULL),
(1695,'LBF-E',NULL,'Male',NULL,4,1,195,4,1,NULL,8,NULL),
(1696,'LBF-A',NULL,'Male',NULL,5,0.6,196,4,1,NULL,8,NULL),
(1697,'LBF-B',NULL,'Male',NULL,5,0.7,197,4,1,NULL,8,NULL),
(1698,'LBF-C',NULL,'Male',NULL,5,0.8,198,4,1,NULL,8,NULL),
(1699,'LBF-D',NULL,'Male',NULL,5,0.9,199,4,1,NULL,8,NULL),
(1700,'LBF-E',NULL,'Male',NULL,5,1,200,4,1,NULL,8,NULL),
(1701,'HBF-A',NULL,'Male',NULL,1,0.6,201,4,1,NULL,9,1),
(1702,'HBF-B',NULL,'Male','2021-09-25 15:36:38.042000',1,0.7,202,4,1,NULL,9,NULL),
(1703,'HBF-C','2021-09-20 10:25:51.948000','Male',NULL,1,0.8,203,4,1,1,9,NULL),
(1704,'HBF-D','2021-09-20 10:40:28.423000','Male',NULL,1,0.9,204,4,1,1,9,NULL),
(1705,'HBF-E','2021-09-20 11:04:24.830000','Male',NULL,1,1,205,4,1,1,9,NULL),
(1706,'HBF-A','2021-09-20 11:09:03.490000','Male',NULL,2,0.6,206,4,1,1,9,NULL),
(1707,'HBF-B','2021-09-20 11:14:13.074000','Male',NULL,2,0.7,207,4,1,1,9,NULL),
(1708,'HBF-C','2021-09-20 11:19:13.590000','Male',NULL,2,0.8,208,4,1,1,9,NULL),
(1709,'HBF-D','2021-09-20 11:25:22.597000','Male',NULL,2,0.9,209,4,1,1,9,NULL),
(1710,'HBF-E','2021-09-20 11:28:58.240000','Male',NULL,2,1,210,4,1,1,9,NULL),
(1711,'HBF-A','2021-09-20 11:34:18.921000','Male',NULL,3,0.6,211,4,1,1,9,NULL),
(1712,'HBF-B','2021-09-20 11:40:38.292000','Male',NULL,3,0.7,212,4,1,1,9,NULL),
(1713,'HBF-C','2021-09-20 11:47:20.686000','Male',NULL,3,0.8,213,4,1,1,9,NULL),
(1714,'HBF-D','2021-09-20 11:52:19.765000','Male',NULL,3,0.9,214,4,1,1,9,NULL),
(1715,'HBF-E','2021-09-20 11:57:31.058000','Male',NULL,3,1,215,4,1,1,9,NULL),
(1716,'HBF-A','2021-09-20 12:02:39.655000','Male',NULL,4,0.6,216,4,1,1,9,NULL),
(1717,'HBF-B','2021-09-20 12:07:10.957000','Male',NULL,4,0.7,217,4,1,1,9,NULL),
(1718,'HBF-C','2021-09-20 12:11:42.138000','Male',NULL,4,0.8,218,4,1,1,9,NULL),
(1719,'HBF-D','2021-09-20 12:16:45.232000','Male',NULL,4,0.9,219,4,1,1,9,NULL),
(1720,'HBF-E','2021-09-20 12:22:07.248000','Male',NULL,4,1,220,4,1,1,9,NULL),
(1721,'HBF-A','2021-09-20 12:27:23.330000','Male',NULL,5,0.6,221,4,1,1,9,NULL),
(1722,'HBF-B','2021-09-20 12:32:27.092000','Male',NULL,5,0.7,222,4,1,1,9,NULL),
(1723,'HBF-C','2021-09-20 12:37:50.549000','Male',NULL,5,0.8,223,4,1,1,9,NULL),
(1724,'HBF-D','2021-09-20 12:43:24.185000','Male',NULL,5,0.9,224,4,1,1,9,NULL),
(1725,'HBF-E','2021-09-20 12:50:19.570000','Male',NULL,5,1,225,4,1,1,9,NULL),
(1726,'HBB-A','2021-09-20 12:59:52.680000','Male',NULL,1,0.6,226,4,1,1,10,NULL),
(1727,'HBB-B','2021-09-20 13:06:01.808000','Male',NULL,1,0.7,227,4,1,1,10,NULL),
(1728,'HBB-C','2021-09-20 13:10:52.550000','Male',NULL,1,0.8,228,4,1,1,10,NULL),
(1729,'HBB-D','2021-09-20 13:14:36.584000','Male',NULL,1,0.9,229,4,1,1,10,NULL),
(1730,'HBB-E','2021-09-20 13:20:27.226000','Male',NULL,1,1,230,4,1,1,10,NULL),
(1731,'HBB-A','2021-09-20 13:25:14.150000','Male',NULL,2,0.6,231,4,1,1,10,NULL),
(1732,'HBB-B','2021-09-20 13:34:15.991000','Male',NULL,2,0.7,232,4,1,1,10,NULL),
(1733,'HBB-C','2021-09-20 13:40:54.585000','Male',NULL,2,0.8,233,4,1,1,10,NULL),
(1734,'HBB-D','2021-09-20 13:45:32.799000','Male',NULL,2,0.9,234,4,1,1,10,NULL),
(1735,'HBB-E','2021-09-20 14:20:53.220000','Male',NULL,2,1,235,4,1,1,10,NULL),
(1736,'HBB-A','2021-09-20 15:15:54.391000','Male',NULL,3,0.6,236,4,1,1,10,NULL),
(1737,'HBB-B','2021-09-20 15:20:31.762000','Male',NULL,3,0.7,237,4,1,1,10,NULL),
(1738,'HBB-C','2021-09-20 15:25:08.783000','Male',NULL,3,0.8,238,4,1,1,10,NULL),
(1739,'HBB-D','2021-09-20 15:55:30.345000','Male',NULL,3,0.9,239,4,1,1,10,NULL),
(1740,'HBB-E','2021-09-20 16:00:18.592000','Male',NULL,3,1,240,4,1,1,10,NULL),
(1741,'HBB-A','2021-09-20 16:03:45.538000','Male',NULL,4,0.6,241,4,1,1,10,NULL),
(1742,'HBB-B','2021-09-20 16:08:05.628000','Male',NULL,4,0.7,242,4,1,1,10,1),
(1743,'HBB-C','2021-09-20 16:13:04.346000','Male','2021-09-20 16:16:26.127000',4,0.8,243,4,1,1,10,NULL),
(1744,'HBB-D','2021-09-20 16:20:43.987000','Male',NULL,4,0.9,244,4,1,1,10,NULL),
(1745,'HBB-E','2021-09-20 16:24:29.858000','Male',NULL,4,1,245,4,1,1,10,NULL),
(1746,'HBB-A','2021-09-20 16:28:03.009000','Male',NULL,5,0.6,246,4,1,1,10,NULL),
(1747,'HBB-B','2021-09-20 16:33:54.512000','Male',NULL,5,0.7,247,4,1,1,10,NULL),
(1748,'HBB-C','2021-09-20 16:37:52.823000','Male',NULL,5,0.8,248,4,1,1,10,NULL),
(1749,'HBB-D','2021-09-20 16:42:13.599000','Male',NULL,5,0.9,249,4,1,1,10,NULL),
(1750,'HBB-E','2021-09-20 16:46:34.642000','Male',NULL,5,1,250,4,1,1,10,NULL),
(1751,'FBS-A',NULL,'Female',NULL,1,0.6,1,4,1,NULL,1,NULL),
(1752,'FBS-B',NULL,'Female',NULL,1,0.7,2,4,1,NULL,1,NULL),
(1753,'FBS-C',NULL,'Female',NULL,1,0.8,3,4,1,NULL,1,NULL),
(1754,'FBS-D',NULL,'Female',NULL,1,0.9,4,4,1,NULL,1,NULL),
(1755,'FBS-E',NULL,'Female',NULL,1,1,5,4,1,NULL,1,NULL),
(1756,'FBS-A',NULL,'Female',NULL,2,0.6,6,4,1,NULL,1,NULL),
(1757,'FBS-B',NULL,'Female',NULL,2,0.7,7,4,1,NULL,1,NULL),
(1758,'FBS-C',NULL,'Female',NULL,2,0.8,8,4,1,NULL,1,NULL),
(1759,'FBS-D',NULL,'Female',NULL,2,0.9,9,4,1,NULL,1,NULL),
(1760,'FBS-E',NULL,'Female',NULL,2,1,10,4,1,NULL,1,NULL),
(1761,'FBS-A',NULL,'Female',NULL,3,0.6,11,4,1,NULL,1,NULL),
(1762,'FBS-B',NULL,'Female',NULL,3,0.7,12,4,1,NULL,1,NULL),
(1763,'FBS-C',NULL,'Female',NULL,3,0.8,13,4,1,NULL,1,NULL),
(1764,'FBS-D',NULL,'Female',NULL,3,0.9,14,4,1,NULL,1,NULL),
(1765,'FBS-E',NULL,'Female',NULL,3,1,15,4,1,NULL,1,NULL),
(1766,'FBS-A',NULL,'Female',NULL,4,0.6,16,4,1,NULL,1,NULL),
(1767,'FBS-B',NULL,'Female',NULL,4,0.7,17,4,1,NULL,1,NULL),
(1768,'FBS-C',NULL,'Female',NULL,4,0.8,18,4,1,NULL,1,NULL),
(1769,'FBS-D',NULL,'Female',NULL,4,0.9,19,4,1,NULL,1,NULL),
(1770,'FBS-E',NULL,'Female',NULL,4,1,20,4,1,NULL,1,NULL),
(1771,'FBS-A',NULL,'Female',NULL,5,0.6,21,4,1,NULL,1,NULL),
(1772,'FBS-B',NULL,'Female',NULL,5,0.7,22,4,1,NULL,1,NULL),
(1773,'FBS-C',NULL,'Female',NULL,5,0.8,23,4,1,NULL,1,NULL),
(1774,'FBS-D',NULL,'Female',NULL,5,0.9,24,4,1,NULL,1,NULL),
(1775,'FBS-E',NULL,'Female',NULL,5,1,25,4,1,NULL,1,1),
(1776,'FBF-A',NULL,'Female','2021-09-25 16:22:10.369000',1,0.6,26,4,1,NULL,2,NULL),
(1777,'FBF-B',NULL,'Female',NULL,1,0.7,27,4,1,NULL,2,NULL),
(1778,'FBF-C',NULL,'Female',NULL,1,0.8,28,4,1,NULL,2,NULL),
(1779,'FBF-D',NULL,'Female',NULL,1,0.9,29,4,1,NULL,2,NULL),
(1780,'FBF-E',NULL,'Female',NULL,1,1,30,4,1,NULL,2,NULL),
(1781,'FBF-A',NULL,'Female',NULL,2,0.6,31,4,1,NULL,2,NULL),
(1782,'FBF-B',NULL,'Female',NULL,2,0.7,32,4,1,NULL,2,NULL),
(1783,'FBF-C',NULL,'Female',NULL,2,0.8,33,4,1,NULL,2,NULL),
(1784,'FBF-D',NULL,'Female',NULL,2,0.9,34,4,1,NULL,2,NULL),
(1785,'FBF-E',NULL,'Female',NULL,2,1,35,4,1,NULL,2,NULL),
(1786,'FBF-A',NULL,'Female',NULL,3,0.6,36,4,1,NULL,2,NULL),
(1787,'FBF-B',NULL,'Female',NULL,3,0.7,37,4,1,NULL,2,NULL),
(1788,'FBF-C',NULL,'Female',NULL,3,0.8,38,4,1,NULL,2,NULL),
(1789,'FBF-D',NULL,'Female',NULL,3,0.9,39,4,1,NULL,2,NULL),
(1790,'FBF-E',NULL,'Female',NULL,3,1,40,4,1,NULL,2,NULL),
(1791,'FBF-A',NULL,'Female',NULL,4,0.6,41,4,1,NULL,2,NULL),
(1792,'FBF-B',NULL,'Female',NULL,4,0.7,42,4,1,NULL,2,NULL),
(1793,'FBF-C',NULL,'Female',NULL,4,0.8,43,4,1,NULL,2,NULL),
(1794,'FBF-D',NULL,'Female',NULL,4,0.9,44,4,1,NULL,2,NULL),
(1795,'FBF-E',NULL,'Female',NULL,4,1,45,4,1,NULL,2,NULL),
(1796,'FBF-A',NULL,'Female',NULL,5,0.6,46,4,1,NULL,2,NULL),
(1797,'FBF-B',NULL,'Female',NULL,5,0.7,47,4,1,NULL,2,NULL),
(1798,'FBF-C',NULL,'Female',NULL,5,0.8,48,4,1,NULL,2,NULL),
(1799,'FBF-D',NULL,'Female',NULL,5,0.9,49,4,1,NULL,2,NULL),
(1800,'FBF-E',NULL,'Female',NULL,5,1,50,4,1,NULL,2,NULL),
(1801,'BBS-A',NULL,'Female',NULL,1,0.6,51,4,1,NULL,3,NULL),
(1802,'BBS-B',NULL,'Female',NULL,1,0.7,52,4,1,NULL,3,NULL),
(1803,'BBS-C',NULL,'Female',NULL,1,0.8,53,4,1,NULL,3,NULL),
(1804,'BBS-D',NULL,'Female',NULL,1,0.9,54,4,1,NULL,3,NULL),
(1805,'BBS-E',NULL,'Female',NULL,1,1,55,4,1,NULL,3,NULL),
(1806,'BBS-A',NULL,'Female',NULL,2,0.6,56,4,1,NULL,3,NULL),
(1807,'BBS-B',NULL,'Female',NULL,2,0.7,57,4,1,NULL,3,NULL),
(1808,'BBS-C',NULL,'Female',NULL,2,0.8,58,4,1,NULL,3,NULL),
(1809,'BBS-D',NULL,'Female',NULL,2,0.9,59,4,1,NULL,3,NULL),
(1810,'BBS-E',NULL,'Female',NULL,2,1,60,4,1,NULL,3,NULL),
(1811,'BBS-A',NULL,'Female',NULL,3,0.6,61,4,1,NULL,3,NULL),
(1812,'BBS-B',NULL,'Female',NULL,3,0.7,62,4,1,NULL,3,NULL),
(1813,'BBS-C',NULL,'Female',NULL,3,0.8,63,4,1,NULL,3,NULL),
(1814,'BBS-D',NULL,'Female',NULL,3,0.9,64,4,1,NULL,3,NULL),
(1815,'BBS-E',NULL,'Female',NULL,3,1,65,4,1,NULL,3,NULL),
(1816,'BBS-A',NULL,'Female',NULL,4,0.6,66,4,1,NULL,3,NULL),
(1817,'BBS-B',NULL,'Female',NULL,4,0.7,67,4,1,NULL,3,NULL),
(1818,'BBS-C',NULL,'Female',NULL,4,0.8,68,4,1,NULL,3,NULL),
(1819,'BBS-D',NULL,'Female',NULL,4,0.9,69,4,1,NULL,3,NULL),
(1820,'BBS-E',NULL,'Female',NULL,4,1,70,4,1,NULL,3,NULL),
(1821,'BBS-A',NULL,'Female',NULL,5,0.6,71,4,1,NULL,3,NULL),
(1822,'BBS-B',NULL,'Female',NULL,5,0.7,72,4,1,NULL,3,NULL),
(1823,'BBS-C',NULL,'Female',NULL,5,0.8,73,4,1,NULL,3,NULL),
(1824,'BBS-D',NULL,'Female',NULL,5,0.9,74,4,1,NULL,3,NULL),
(1825,'BBS-E',NULL,'Female',NULL,5,1,75,4,1,NULL,3,NULL),
(1826,'BBF-A',NULL,'Female',NULL,1,0.6,76,4,1,NULL,4,NULL),
(1827,'BBF-B',NULL,'Female',NULL,1,0.7,77,4,1,NULL,4,NULL),
(1828,'BBF-C',NULL,'Female',NULL,1,0.8,78,4,1,NULL,4,NULL),
(1829,'BBF-D',NULL,'Female',NULL,1,0.9,79,4,1,NULL,4,NULL),
(1830,'BBF-E',NULL,'Female',NULL,1,1,80,4,1,NULL,4,NULL),
(1831,'BBF-A',NULL,'Female',NULL,2,0.6,81,4,1,NULL,4,NULL),
(1832,'BBF-B',NULL,'Female',NULL,2,0.7,82,4,1,NULL,4,NULL),
(1833,'BBF-C',NULL,'Female',NULL,2,0.8,83,4,1,NULL,4,NULL),
(1834,'BBF-D',NULL,'Female',NULL,2,0.9,84,4,1,NULL,4,NULL),
(1835,'BBF-E',NULL,'Female',NULL,2,1,85,4,1,NULL,4,NULL),
(1836,'BBF-A',NULL,'Female',NULL,3,0.6,86,4,1,NULL,4,NULL),
(1837,'BBF-B',NULL,'Female',NULL,3,0.7,87,4,1,NULL,4,NULL),
(1838,'BBF-C',NULL,'Female',NULL,3,0.8,88,4,1,NULL,4,NULL),
(1839,'BBF-D',NULL,'Female',NULL,3,0.9,89,4,1,NULL,4,NULL),
(1840,'BBF-E',NULL,'Female',NULL,3,1,90,4,1,NULL,4,NULL),
(1841,'BBF-A',NULL,'Female',NULL,4,0.6,91,4,1,NULL,4,NULL),
(1842,'BBF-B',NULL,'Female',NULL,4,0.7,92,4,1,NULL,4,NULL),
(1843,'BBF-C',NULL,'Female',NULL,4,0.8,93,4,1,NULL,4,NULL),
(1844,'BBF-D',NULL,'Female',NULL,4,0.9,94,4,1,NULL,4,NULL),
(1845,'BBF-E',NULL,'Female',NULL,4,1,95,4,1,NULL,4,NULL),
(1846,'BBF-A',NULL,'Female',NULL,5,0.6,96,4,1,NULL,4,NULL),
(1847,'BBF-B',NULL,'Female',NULL,5,0.7,97,4,1,NULL,4,NULL),
(1848,'BBF-C',NULL,'Female',NULL,5,0.8,98,4,1,NULL,4,NULL),
(1849,'BBF-D',NULL,'Female',NULL,5,0.9,99,4,1,NULL,4,NULL),
(1850,'BBF-E',NULL,'Female',NULL,5,1,100,4,1,NULL,4,NULL),
(1851,'TBF-A',NULL,'Female',NULL,1,0.6,101,4,1,NULL,5,NULL),
(1852,'TBF-B',NULL,'Female',NULL,1,0.7,102,4,1,NULL,5,NULL),
(1853,'TBF-C',NULL,'Female',NULL,1,0.8,103,4,1,NULL,5,NULL),
(1854,'TBF-D',NULL,'Female',NULL,1,0.9,104,4,1,NULL,5,NULL),
(1855,'TBF-E',NULL,'Female',NULL,1,1,105,4,1,NULL,5,NULL),
(1856,'TBF-A',NULL,'Female',NULL,2,0.6,106,4,1,NULL,5,NULL),
(1857,'TBF-B',NULL,'Female',NULL,2,0.7,107,4,1,NULL,5,NULL),
(1858,'TBF-C',NULL,'Female',NULL,2,0.8,108,4,1,NULL,5,NULL),
(1859,'TBF-D',NULL,'Female',NULL,2,0.9,109,4,1,NULL,5,NULL),
(1860,'TBF-E',NULL,'Female',NULL,2,1,110,4,1,NULL,5,NULL),
(1861,'TBF-A',NULL,'Female',NULL,3,0.6,111,4,1,NULL,5,NULL),
(1862,'TBF-B',NULL,'Female',NULL,3,0.7,112,4,1,NULL,5,NULL),
(1863,'TBF-C',NULL,'Female',NULL,3,0.8,113,4,1,NULL,5,NULL),
(1864,'TBF-D',NULL,'Female',NULL,3,0.9,114,4,1,NULL,5,NULL),
(1865,'TBF-E',NULL,'Female',NULL,3,1,115,4,1,NULL,5,NULL),
(1866,'TBF-A',NULL,'Female',NULL,4,0.6,116,4,1,NULL,5,NULL),
(1867,'TBF-B',NULL,'Female',NULL,4,0.7,117,4,1,NULL,5,NULL),
(1868,'TBF-C',NULL,'Female',NULL,4,0.8,118,4,1,NULL,5,NULL),
(1869,'TBF-D',NULL,'Female',NULL,4,0.9,119,4,1,NULL,5,NULL),
(1870,'TBF-E',NULL,'Female',NULL,4,1,120,4,1,NULL,5,NULL),
(1871,'TBF-A',NULL,'Female',NULL,5,0.6,121,4,1,NULL,5,NULL),
(1872,'TBF-B',NULL,'Female',NULL,5,0.7,122,4,1,NULL,5,NULL),
(1873,'TBF-C',NULL,'Female',NULL,5,0.8,123,4,1,NULL,5,NULL),
(1874,'TBF-D',NULL,'Female',NULL,5,0.9,124,4,1,NULL,5,NULL),
(1875,'TBF-E',NULL,'Female',NULL,5,1,125,4,1,NULL,5,NULL),
(1876,'TBB-A',NULL,'Female',NULL,1,0.6,126,4,1,NULL,6,NULL),
(1877,'TBB-B',NULL,'Female',NULL,1,0.7,127,4,1,NULL,6,NULL),
(1878,'TBB-C',NULL,'Female',NULL,1,0.8,128,4,1,NULL,6,NULL),
(1879,'TBB-D',NULL,'Female',NULL,1,0.9,129,4,1,NULL,6,1),
(1880,'TBB-E',NULL,'Female','2021-09-25 16:03:05.452000',1,1,130,4,1,NULL,6,NULL),
(1881,'TBB-A',NULL,'Female',NULL,2,0.6,131,4,1,NULL,6,NULL),
(1882,'TBB-B',NULL,'Female',NULL,2,0.7,132,4,1,NULL,6,NULL),
(1883,'TBB-C',NULL,'Female',NULL,2,0.8,133,4,1,NULL,6,NULL),
(1884,'TBB-D',NULL,'Female',NULL,2,0.9,134,4,1,NULL,6,NULL),
(1885,'TBB-E',NULL,'Female',NULL,2,1,135,4,1,NULL,6,NULL),
(1886,'TBB-A',NULL,'Female',NULL,3,0.6,136,4,1,NULL,6,NULL),
(1887,'TBB-B',NULL,'Female',NULL,3,0.7,137,4,1,NULL,6,NULL),
(1888,'TBB-C',NULL,'Female',NULL,3,0.8,138,4,1,NULL,6,NULL),
(1889,'TBB-D',NULL,'Female',NULL,3,0.9,139,4,1,NULL,6,NULL),
(1890,'TBB-E',NULL,'Female',NULL,3,1,140,4,1,NULL,6,NULL),
(1891,'TBB-A',NULL,'Female',NULL,4,0.6,141,4,1,NULL,6,NULL),
(1892,'TBB-B',NULL,'Female',NULL,4,0.7,142,4,1,NULL,6,NULL),
(1893,'TBB-C',NULL,'Female',NULL,4,0.8,143,4,1,NULL,6,NULL),
(1894,'TBB-D',NULL,'Female',NULL,4,0.9,144,4,1,NULL,6,NULL),
(1895,'TBB-E',NULL,'Female',NULL,4,1,145,4,1,NULL,6,NULL),
(1896,'TBB-A',NULL,'Female',NULL,5,0.6,146,4,1,NULL,6,NULL),
(1897,'TBB-B',NULL,'Female',NULL,5,0.7,147,4,1,NULL,6,NULL),
(1898,'TBB-C',NULL,'Female',NULL,5,0.8,148,4,1,NULL,6,NULL),
(1899,'TBB-D',NULL,'Female',NULL,5,0.9,149,4,1,NULL,6,NULL),
(1900,'TBB-E',NULL,'Female',NULL,5,1,150,4,1,NULL,6,NULL),
(1901,'LBB-A',NULL,'Female',NULL,1,0.6,151,4,1,NULL,7,1),
(1902,'LBB-B',NULL,'Female','2021-09-25 16:07:56.472000',1,0.7,152,4,1,NULL,7,NULL),
(1903,'LBB-C',NULL,'Female',NULL,1,0.8,153,4,1,NULL,7,NULL),
(1904,'LBB-D',NULL,'Female',NULL,1,0.9,154,4,1,NULL,7,NULL),
(1905,'LBB-E',NULL,'Female',NULL,1,1,155,4,1,NULL,7,NULL),
(1906,'LBB-A',NULL,'Female',NULL,2,0.6,156,4,1,NULL,7,NULL),
(1907,'LBB-B',NULL,'Female',NULL,2,0.7,157,4,1,NULL,7,NULL),
(1908,'LBB-C',NULL,'Female',NULL,2,0.8,158,4,1,NULL,7,NULL),
(1909,'LBB-D',NULL,'Female',NULL,2,0.9,159,4,1,NULL,7,NULL),
(1910,'LBB-E',NULL,'Female',NULL,2,1,160,4,1,NULL,7,NULL),
(1911,'LBB-A',NULL,'Female',NULL,3,0.6,161,4,1,NULL,7,NULL),
(1912,'LBB-B',NULL,'Female',NULL,3,0.7,162,4,1,NULL,7,NULL),
(1913,'LBB-C',NULL,'Female',NULL,3,0.8,163,4,1,NULL,7,NULL),
(1914,'LBB-D',NULL,'Female',NULL,3,0.9,164,4,1,NULL,7,NULL),
(1915,'LBB-E',NULL,'Female',NULL,3,1,165,4,1,NULL,7,NULL),
(1916,'LBB-A',NULL,'Female',NULL,4,0.6,166,4,1,NULL,7,NULL),
(1917,'LBB-B',NULL,'Female',NULL,4,0.7,167,4,1,NULL,7,NULL),
(1918,'LBB-C',NULL,'Female',NULL,4,0.8,168,4,1,NULL,7,NULL),
(1919,'LBB-D',NULL,'Female',NULL,4,0.9,169,4,1,NULL,7,NULL),
(1920,'LBB-E',NULL,'Female',NULL,4,1,170,4,1,NULL,7,NULL),
(1921,'LBB-A',NULL,'Female',NULL,5,0.6,171,4,1,NULL,7,NULL),
(1922,'LBB-B',NULL,'Female',NULL,5,0.7,172,4,1,NULL,7,NULL),
(1923,'LBB-C',NULL,'Female',NULL,5,0.8,173,4,1,NULL,7,NULL),
(1924,'LBB-D',NULL,'Female',NULL,5,0.9,174,4,1,NULL,7,NULL),
(1925,'LBB-E',NULL,'Female',NULL,5,1,175,4,1,NULL,7,NULL),
(1926,'LBF-A',NULL,'Female',NULL,1,0.6,176,4,1,NULL,8,NULL),
(1927,'LBF-B',NULL,'Female',NULL,1,0.7,177,4,1,NULL,8,NULL),
(1928,'LBF-C',NULL,'Female',NULL,1,0.8,178,4,1,NULL,8,NULL),
(1929,'LBF-D',NULL,'Female',NULL,1,0.9,179,4,1,NULL,8,NULL),
(1930,'LBF-E',NULL,'Female',NULL,1,1,180,4,1,NULL,8,NULL),
(1931,'LBF-A',NULL,'Female',NULL,2,0.6,181,4,1,NULL,8,NULL),
(1932,'LBF-B',NULL,'Female',NULL,2,0.7,182,4,1,NULL,8,NULL),
(1933,'LBF-C',NULL,'Female',NULL,2,0.8,183,4,1,NULL,8,NULL),
(1934,'LBF-D',NULL,'Female',NULL,2,0.9,184,4,1,NULL,8,NULL),
(1935,'LBF-E',NULL,'Female',NULL,2,1,185,4,1,NULL,8,NULL),
(1936,'LBF-A',NULL,'Female',NULL,3,0.6,186,4,1,NULL,8,NULL),
(1937,'LBF-B',NULL,'Female',NULL,3,0.7,187,4,1,NULL,8,NULL),
(1938,'LBF-C',NULL,'Female',NULL,3,0.8,188,4,1,NULL,8,NULL),
(1939,'LBF-D',NULL,'Female',NULL,3,0.9,189,4,1,NULL,8,NULL),
(1940,'LBF-E',NULL,'Female',NULL,3,1,190,4,1,NULL,8,NULL),
(1941,'LBF-A',NULL,'Female',NULL,4,0.6,191,4,1,NULL,8,NULL),
(1942,'LBF-B',NULL,'Female',NULL,4,0.7,192,4,1,NULL,8,NULL),
(1943,'LBF-C',NULL,'Female',NULL,4,0.8,193,4,1,NULL,8,NULL),
(1944,'LBF-D',NULL,'Female',NULL,4,0.9,194,4,1,NULL,8,NULL),
(1945,'LBF-E',NULL,'Female',NULL,4,1,195,4,1,NULL,8,NULL),
(1946,'LBF-A',NULL,'Female',NULL,5,0.6,196,4,1,NULL,8,NULL),
(1947,'LBF-B',NULL,'Female',NULL,5,0.7,197,4,1,NULL,8,NULL),
(1948,'LBF-C',NULL,'Female',NULL,5,0.8,198,4,1,NULL,8,NULL),
(1949,'LBF-D',NULL,'Female',NULL,5,0.9,199,4,1,NULL,8,NULL),
(1950,'LBF-E',NULL,'Female',NULL,5,1,200,4,1,NULL,8,NULL),
(1951,'HBF-A',NULL,'Female',NULL,1,0.6,201,4,1,NULL,9,1),
(1952,'HBF-B',NULL,'Female','2021-09-25 15:36:38.042000',1,0.7,202,4,1,NULL,9,NULL),
(1953,'HBF-C','2021-09-20 10:25:51.948000','Female',NULL,1,0.8,203,4,1,1,9,NULL),
(1954,'HBF-D','2021-09-20 10:40:28.423000','Female',NULL,1,0.9,204,4,1,1,9,NULL),
(1955,'HBF-E','2021-09-20 11:04:24.830000','Female',NULL,1,1,205,4,1,1,9,NULL),
(1956,'HBF-A','2021-09-20 11:09:03.490000','Female',NULL,2,0.6,206,4,1,1,9,NULL),
(1957,'HBF-B','2021-09-20 11:14:13.074000','Female',NULL,2,0.7,207,4,1,1,9,NULL),
(1958,'HBF-C','2021-09-20 11:19:13.590000','Female',NULL,2,0.8,208,4,1,1,9,NULL),
(1959,'HBF-D','2021-09-20 11:25:22.597000','Female',NULL,2,0.9,209,4,1,1,9,NULL),
(1960,'HBF-E','2021-09-20 11:28:58.240000','Female',NULL,2,1,210,4,1,1,9,NULL),
(1961,'HBF-A','2021-09-20 11:34:18.921000','Female',NULL,3,0.6,211,4,1,1,9,NULL),
(1962,'HBF-B','2021-09-20 11:40:38.292000','Female',NULL,3,0.7,212,4,1,1,9,NULL),
(1963,'HBF-C','2021-09-20 11:47:20.686000','Female',NULL,3,0.8,213,4,1,1,9,NULL),
(1964,'HBF-D','2021-09-20 11:52:19.765000','Female',NULL,3,0.9,214,4,1,1,9,NULL),
(1965,'HBF-E','2021-09-20 11:57:31.058000','Female',NULL,3,1,215,4,1,1,9,NULL),
(1966,'HBF-A','2021-09-20 12:02:39.655000','Female',NULL,4,0.6,216,4,1,1,9,NULL),
(1967,'HBF-B','2021-09-20 12:07:10.957000','Female',NULL,4,0.7,217,4,1,1,9,NULL),
(1968,'HBF-C','2021-09-20 12:11:42.138000','Female',NULL,4,0.8,218,4,1,1,9,NULL),
(1969,'HBF-D','2021-09-20 12:16:45.232000','Female',NULL,4,0.9,219,4,1,1,9,NULL),
(1970,'HBF-E','2021-09-20 12:22:07.248000','Female',NULL,4,1,220,4,1,1,9,NULL),
(1971,'HBF-A','2021-09-20 12:27:23.330000','Female',NULL,5,0.6,221,4,1,1,9,NULL),
(1972,'HBF-B','2021-09-20 12:32:27.092000','Female',NULL,5,0.7,222,4,1,1,9,NULL),
(1973,'HBF-C','2021-09-20 12:37:50.549000','Female',NULL,5,0.8,223,4,1,1,9,NULL),
(1974,'HBF-D','2021-09-20 12:43:24.185000','Female',NULL,5,0.9,224,4,1,1,9,NULL),
(1975,'HBF-E','2021-09-20 12:50:19.570000','Female',NULL,5,1,225,4,1,1,9,NULL),
(1976,'HBB-A','2021-09-20 12:59:52.680000','Female',NULL,1,0.6,226,4,1,1,10,NULL),
(1977,'HBB-B','2021-09-20 13:06:01.808000','Female',NULL,1,0.7,227,4,1,1,10,NULL),
(1978,'HBB-C','2021-09-20 13:10:52.550000','Female',NULL,1,0.8,228,4,1,1,10,NULL),
(1979,'HBB-D','2021-09-20 13:14:36.584000','Female',NULL,1,0.9,229,4,1,1,10,NULL),
(1980,'HBB-E','2021-09-20 13:20:27.226000','Female',NULL,1,1,230,4,1,1,10,NULL),
(1981,'HBB-A','2021-09-20 13:25:14.150000','Female',NULL,2,0.6,231,4,1,1,10,NULL),
(1982,'HBB-B','2021-09-20 13:34:15.991000','Female',NULL,2,0.7,232,4,1,1,10,NULL),
(1983,'HBB-C','2021-09-20 13:40:54.585000','Female',NULL,2,0.8,233,4,1,1,10,NULL),
(1984,'HBB-D','2021-09-20 13:45:32.799000','Female',NULL,2,0.9,234,4,1,1,10,NULL),
(1985,'HBB-E','2021-09-20 14:20:53.220000','Female',NULL,2,1,235,4,1,1,10,NULL),
(1986,'HBB-A','2021-09-20 15:15:54.391000','Female',NULL,3,0.6,236,4,1,1,10,NULL),
(1987,'HBB-B','2021-09-20 15:20:31.762000','Female',NULL,3,0.7,237,4,1,1,10,NULL),
(1988,'HBB-C','2021-09-20 15:25:08.783000','Female',NULL,3,0.8,238,4,1,1,10,NULL),
(1989,'HBB-D','2021-09-20 15:55:30.345000','Female',NULL,3,0.9,239,4,1,1,10,NULL),
(1990,'HBB-E','2021-09-20 16:00:18.592000','Female',NULL,3,1,240,4,1,1,10,NULL),
(1991,'HBB-A','2021-09-20 16:03:45.538000','Female',NULL,4,0.6,241,4,1,1,10,NULL),
(1992,'HBB-B','2021-09-20 16:08:05.628000','Female',NULL,4,0.7,242,4,1,1,10,1),
(1993,'HBB-C','2021-09-20 16:13:04.346000','Female','2021-09-20 16:16:26.127000',4,0.8,243,4,1,1,10,NULL),
(1994,'HBB-D','2021-09-20 16:20:43.987000','Female',NULL,4,0.9,244,4,1,1,10,NULL),
(1995,'HBB-E','2021-09-20 16:24:29.858000','Female',NULL,4,1,245,4,1,1,10,NULL),
(1996,'HBB-A','2021-09-20 16:28:03.009000','Female',NULL,5,0.6,246,4,1,1,10,NULL),
(1997,'HBB-B','2021-09-20 16:33:54.512000','Female',NULL,5,0.7,247,4,1,1,10,NULL),
(1998,'HBB-C','2021-09-20 16:37:52.823000','Female',NULL,5,0.8,248,4,1,1,10,NULL),
(1999,'HBB-D','2021-09-20 16:42:13.599000','Female',NULL,5,0.9,249,4,1,1,10,NULL),
(2000,'HBB-E','2021-09-20 16:46:34.642000','Female',NULL,5,1,250,4,1,1,10,NULL),
(2001,'FBS-A',NULL,'Male',NULL,1,0.6,1,5,1,NULL,1,NULL),
(2002,'FBS-B',NULL,'Male',NULL,1,0.7,2,5,1,NULL,1,NULL),
(2003,'FBS-C',NULL,'Male',NULL,1,0.8,3,5,1,NULL,1,NULL),
(2004,'FBS-D',NULL,'Male',NULL,1,0.9,4,5,1,NULL,1,NULL),
(2005,'FBS-E',NULL,'Male',NULL,1,1,5,5,1,NULL,1,NULL),
(2006,'FBS-A',NULL,'Male',NULL,2,0.6,6,5,1,NULL,1,NULL),
(2007,'FBS-B',NULL,'Male',NULL,2,0.7,7,5,1,NULL,1,NULL),
(2008,'FBS-C',NULL,'Male',NULL,2,0.8,8,5,1,NULL,1,NULL),
(2009,'FBS-D',NULL,'Male',NULL,2,0.9,9,5,1,NULL,1,NULL),
(2010,'FBS-E',NULL,'Male',NULL,2,1,10,5,1,NULL,1,NULL),
(2011,'FBS-A',NULL,'Male',NULL,3,0.6,11,5,1,NULL,1,NULL),
(2012,'FBS-B',NULL,'Male',NULL,3,0.7,12,5,1,NULL,1,NULL),
(2013,'FBS-C',NULL,'Male',NULL,3,0.8,13,5,1,NULL,1,NULL),
(2014,'FBS-D',NULL,'Male',NULL,3,0.9,14,5,1,NULL,1,NULL),
(2015,'FBS-E',NULL,'Male',NULL,3,1,15,5,1,NULL,1,NULL),
(2016,'FBS-A',NULL,'Male',NULL,4,0.6,16,5,1,NULL,1,NULL),
(2017,'FBS-B',NULL,'Male',NULL,4,0.7,17,5,1,NULL,1,NULL),
(2018,'FBS-C',NULL,'Male',NULL,4,0.8,18,5,1,NULL,1,NULL),
(2019,'FBS-D',NULL,'Male',NULL,4,0.9,19,5,1,NULL,1,NULL),
(2020,'FBS-E',NULL,'Male',NULL,4,1,20,5,1,NULL,1,NULL),
(2021,'FBS-A',NULL,'Male',NULL,5,0.6,21,5,1,NULL,1,NULL),
(2022,'FBS-B',NULL,'Male',NULL,5,0.7,22,5,1,NULL,1,NULL),
(2023,'FBS-C',NULL,'Male',NULL,5,0.8,23,5,1,NULL,1,NULL),
(2024,'FBS-D',NULL,'Male',NULL,5,0.9,24,5,1,NULL,1,1),
(2025,'FBS-E',NULL,'Male','2021-09-25 16:21:44.770000',5,1,25,5,1,NULL,1,1),
(2026,'FBF-A',NULL,'Male','2021-09-25 16:22:22.310000',1,0.6,26,5,1,NULL,2,NULL),
(2027,'FBF-B',NULL,'Male',NULL,1,0.7,27,5,1,NULL,2,NULL),
(2028,'FBF-C',NULL,'Male',NULL,1,0.8,28,5,1,NULL,2,NULL),
(2029,'FBF-D',NULL,'Male',NULL,1,0.9,29,5,1,NULL,2,NULL),
(2030,'FBF-E',NULL,'Male',NULL,1,1,30,5,1,NULL,2,NULL),
(2031,'FBF-A',NULL,'Male',NULL,2,0.6,31,5,1,NULL,2,NULL),
(2032,'FBF-B',NULL,'Male',NULL,2,0.7,32,5,1,NULL,2,NULL),
(2033,'FBF-C',NULL,'Male',NULL,2,0.8,33,5,1,NULL,2,NULL),
(2034,'FBF-D',NULL,'Male',NULL,2,0.9,34,5,1,NULL,2,NULL),
(2035,'FBF-E',NULL,'Male',NULL,2,1,35,5,1,NULL,2,NULL),
(2036,'FBF-A',NULL,'Male',NULL,3,0.6,36,5,1,NULL,2,NULL),
(2037,'FBF-B',NULL,'Male',NULL,3,0.7,37,5,1,NULL,2,NULL),
(2038,'FBF-C',NULL,'Male',NULL,3,0.8,38,5,1,NULL,2,NULL),
(2039,'FBF-D',NULL,'Male',NULL,3,0.9,39,5,1,NULL,2,NULL),
(2040,'FBF-E',NULL,'Male',NULL,3,1,40,5,1,NULL,2,NULL),
(2041,'FBF-A',NULL,'Male',NULL,4,0.6,41,5,1,NULL,2,NULL),
(2042,'FBF-B',NULL,'Male',NULL,4,0.7,42,5,1,NULL,2,NULL),
(2043,'FBF-C',NULL,'Male',NULL,4,0.8,43,5,1,NULL,2,NULL),
(2044,'FBF-D',NULL,'Male',NULL,4,0.9,44,5,1,NULL,2,NULL),
(2045,'FBF-E',NULL,'Male',NULL,4,1,45,5,1,NULL,2,NULL),
(2046,'FBF-A',NULL,'Male',NULL,5,0.6,46,5,1,NULL,2,NULL),
(2047,'FBF-B',NULL,'Male',NULL,5,0.7,47,5,1,NULL,2,NULL),
(2048,'FBF-C',NULL,'Male',NULL,5,0.8,48,5,1,NULL,2,NULL),
(2049,'FBF-D',NULL,'Male',NULL,5,0.9,49,5,1,NULL,2,NULL),
(2050,'FBF-E',NULL,'Male',NULL,5,1,50,5,1,NULL,2,NULL),
(2051,'BBS-A',NULL,'Male',NULL,1,0.6,51,5,1,NULL,3,NULL),
(2052,'BBS-B',NULL,'Male',NULL,1,0.7,52,5,1,NULL,3,NULL),
(2053,'BBS-C',NULL,'Male',NULL,1,0.8,53,5,1,NULL,3,NULL),
(2054,'BBS-D',NULL,'Male',NULL,1,0.9,54,5,1,NULL,3,NULL),
(2055,'BBS-E',NULL,'Male',NULL,1,1,55,5,1,NULL,3,NULL),
(2056,'BBS-A',NULL,'Male',NULL,2,0.6,56,5,1,NULL,3,NULL),
(2057,'BBS-B',NULL,'Male',NULL,2,0.7,57,5,1,NULL,3,NULL),
(2058,'BBS-C',NULL,'Male',NULL,2,0.8,58,5,1,NULL,3,NULL),
(2059,'BBS-D',NULL,'Male',NULL,2,0.9,59,5,1,NULL,3,NULL),
(2060,'BBS-E',NULL,'Male',NULL,2,1,60,5,1,NULL,3,NULL),
(2061,'BBS-A',NULL,'Male',NULL,3,0.6,61,5,1,NULL,3,NULL),
(2062,'BBS-B',NULL,'Male',NULL,3,0.7,62,5,1,NULL,3,NULL),
(2063,'BBS-C',NULL,'Male',NULL,3,0.8,63,5,1,NULL,3,NULL),
(2064,'BBS-D',NULL,'Male',NULL,3,0.9,64,5,1,NULL,3,NULL),
(2065,'BBS-E',NULL,'Male',NULL,3,1,65,5,1,NULL,3,NULL),
(2066,'BBS-A',NULL,'Male',NULL,4,0.6,66,5,1,NULL,3,NULL),
(2067,'BBS-B',NULL,'Male',NULL,4,0.7,67,5,1,NULL,3,NULL),
(2068,'BBS-C',NULL,'Male',NULL,4,0.8,68,5,1,NULL,3,NULL),
(2069,'BBS-D',NULL,'Male',NULL,4,0.9,69,5,1,NULL,3,NULL),
(2070,'BBS-E',NULL,'Male',NULL,4,1,70,5,1,NULL,3,NULL),
(2071,'BBS-A',NULL,'Male',NULL,5,0.6,71,5,1,NULL,3,NULL),
(2072,'BBS-B',NULL,'Male',NULL,5,0.7,72,5,1,NULL,3,NULL),
(2073,'BBS-C',NULL,'Male',NULL,5,0.8,73,5,1,NULL,3,NULL),
(2074,'BBS-D',NULL,'Male',NULL,5,0.9,74,5,1,NULL,3,NULL),
(2075,'BBS-E',NULL,'Male',NULL,5,1,75,5,1,NULL,3,NULL),
(2076,'BBF-A',NULL,'Male',NULL,1,0.6,76,5,1,NULL,4,NULL),
(2077,'BBF-B',NULL,'Male',NULL,1,0.7,77,5,1,NULL,4,NULL),
(2078,'BBF-C',NULL,'Male',NULL,1,0.8,78,5,1,NULL,4,NULL),
(2079,'BBF-D',NULL,'Male',NULL,1,0.9,79,5,1,NULL,4,NULL),
(2080,'BBF-E',NULL,'Male',NULL,1,1,80,5,1,NULL,4,NULL),
(2081,'BBF-A',NULL,'Male',NULL,2,0.6,81,5,1,NULL,4,NULL),
(2082,'BBF-B',NULL,'Male',NULL,2,0.7,82,5,1,NULL,4,NULL),
(2083,'BBF-C',NULL,'Male',NULL,2,0.8,83,5,1,NULL,4,NULL),
(2084,'BBF-D',NULL,'Male',NULL,2,0.9,84,5,1,NULL,4,NULL),
(2085,'BBF-E',NULL,'Male',NULL,2,1,85,5,1,NULL,4,NULL),
(2086,'BBF-A',NULL,'Male',NULL,3,0.6,86,5,1,NULL,4,NULL),
(2087,'BBF-B',NULL,'Male',NULL,3,0.7,87,5,1,NULL,4,NULL),
(2088,'BBF-C',NULL,'Male',NULL,3,0.8,88,5,1,NULL,4,NULL),
(2089,'BBF-D',NULL,'Male',NULL,3,0.9,89,5,1,NULL,4,NULL),
(2090,'BBF-E',NULL,'Male',NULL,3,1,90,5,1,NULL,4,NULL),
(2091,'BBF-A',NULL,'Male',NULL,4,0.6,91,5,1,NULL,4,NULL),
(2092,'BBF-B',NULL,'Male',NULL,4,0.7,92,5,1,NULL,4,NULL),
(2093,'BBF-C',NULL,'Male',NULL,4,0.8,93,5,1,NULL,4,NULL),
(2094,'BBF-D',NULL,'Male',NULL,4,0.9,94,5,1,NULL,4,NULL),
(2095,'BBF-E',NULL,'Male',NULL,4,1,95,5,1,NULL,4,NULL),
(2096,'BBF-A',NULL,'Male',NULL,5,0.6,96,5,1,NULL,4,NULL),
(2097,'BBF-B',NULL,'Male',NULL,5,0.7,97,5,1,NULL,4,NULL),
(2098,'BBF-C',NULL,'Male',NULL,5,0.8,98,5,1,NULL,4,NULL),
(2099,'BBF-D',NULL,'Male',NULL,5,0.9,99,5,1,NULL,4,NULL),
(2100,'BBF-E',NULL,'Male',NULL,5,1,100,5,1,NULL,4,NULL),
(2101,'TBF-A',NULL,'Male',NULL,1,0.6,101,5,1,NULL,5,NULL),
(2102,'TBF-B',NULL,'Male',NULL,1,0.7,102,5,1,NULL,5,NULL),
(2103,'TBF-C',NULL,'Male',NULL,1,0.8,103,5,1,NULL,5,NULL),
(2104,'TBF-D',NULL,'Male',NULL,1,0.9,104,5,1,NULL,5,NULL),
(2105,'TBF-E',NULL,'Male',NULL,1,1,105,5,1,NULL,5,NULL),
(2106,'TBF-A',NULL,'Male',NULL,2,0.6,106,5,1,NULL,5,NULL),
(2107,'TBF-B',NULL,'Male',NULL,2,0.7,107,5,1,NULL,5,NULL),
(2108,'TBF-C',NULL,'Male',NULL,2,0.8,108,5,1,NULL,5,NULL),
(2109,'TBF-D',NULL,'Male',NULL,2,0.9,109,5,1,NULL,5,NULL),
(2110,'TBF-E',NULL,'Male',NULL,2,1,110,5,1,NULL,5,NULL),
(2111,'TBF-A',NULL,'Male',NULL,3,0.6,111,5,1,NULL,5,NULL),
(2112,'TBF-B',NULL,'Male',NULL,3,0.7,112,5,1,NULL,5,NULL),
(2113,'TBF-C',NULL,'Male',NULL,3,0.8,113,5,1,NULL,5,NULL),
(2114,'TBF-D',NULL,'Male',NULL,3,0.9,114,5,1,NULL,5,NULL),
(2115,'TBF-E',NULL,'Male',NULL,3,1,115,5,1,NULL,5,NULL),
(2116,'TBF-A',NULL,'Male',NULL,4,0.6,116,5,1,NULL,5,NULL),
(2117,'TBF-B',NULL,'Male',NULL,4,0.7,117,5,1,NULL,5,NULL),
(2118,'TBF-C',NULL,'Male',NULL,4,0.8,118,5,1,NULL,5,NULL),
(2119,'TBF-D',NULL,'Male',NULL,4,0.9,119,5,1,NULL,5,NULL),
(2120,'TBF-E',NULL,'Male',NULL,4,1,120,5,1,NULL,5,NULL),
(2121,'TBF-A',NULL,'Male',NULL,5,0.6,121,5,1,NULL,5,NULL),
(2122,'TBF-B',NULL,'Male',NULL,5,0.7,122,5,1,NULL,5,NULL),
(2123,'TBF-C',NULL,'Male',NULL,5,0.8,123,5,1,NULL,5,NULL),
(2124,'TBF-D',NULL,'Male',NULL,5,0.9,124,5,1,NULL,5,NULL),
(2125,'TBF-E',NULL,'Male',NULL,5,1,125,5,1,NULL,5,NULL),
(2126,'TBB-A',NULL,'Male',NULL,1,0.6,126,5,1,NULL,6,NULL),
(2127,'TBB-B',NULL,'Male',NULL,1,0.7,127,5,1,NULL,6,NULL),
(2128,'TBB-C',NULL,'Male',NULL,1,0.8,128,5,1,NULL,6,NULL),
(2129,'TBB-D',NULL,'Male',NULL,1,0.9,129,5,1,NULL,6,1),
(2130,'TBB-E',NULL,'Male','2021-09-25 16:03:24.800000',1,1,130,5,1,NULL,6,NULL),
(2131,'TBB-A',NULL,'Male',NULL,2,0.6,131,5,1,NULL,6,NULL),
(2132,'TBB-B',NULL,'Male',NULL,2,0.7,132,5,1,NULL,6,NULL),
(2133,'TBB-C',NULL,'Male',NULL,2,0.8,133,5,1,NULL,6,NULL),
(2134,'TBB-D',NULL,'Male',NULL,2,0.9,134,5,1,NULL,6,NULL),
(2135,'TBB-E',NULL,'Male',NULL,2,1,135,5,1,NULL,6,NULL),
(2136,'TBB-A',NULL,'Male',NULL,3,0.6,136,5,1,NULL,6,NULL),
(2137,'TBB-B',NULL,'Male',NULL,3,0.7,137,5,1,NULL,6,NULL),
(2138,'TBB-C',NULL,'Male',NULL,3,0.8,138,5,1,NULL,6,NULL),
(2139,'TBB-D',NULL,'Male',NULL,3,0.9,139,5,1,NULL,6,NULL),
(2140,'TBB-E',NULL,'Male',NULL,3,1,140,5,1,NULL,6,NULL),
(2141,'TBB-A',NULL,'Male',NULL,4,0.6,141,5,1,NULL,6,NULL),
(2142,'TBB-B',NULL,'Male',NULL,4,0.7,142,5,1,NULL,6,NULL),
(2143,'TBB-C',NULL,'Male',NULL,4,0.8,143,5,1,NULL,6,NULL),
(2144,'TBB-D',NULL,'Male',NULL,4,0.9,144,5,1,NULL,6,NULL),
(2145,'TBB-E',NULL,'Male',NULL,4,1,145,5,1,NULL,6,NULL),
(2146,'TBB-A',NULL,'Male',NULL,5,0.6,146,5,1,NULL,6,NULL),
(2147,'TBB-B',NULL,'Male',NULL,5,0.7,147,5,1,NULL,6,NULL),
(2148,'TBB-C',NULL,'Male',NULL,5,0.8,148,5,1,NULL,6,NULL),
(2149,'TBB-D',NULL,'Male',NULL,5,0.9,149,5,1,NULL,6,NULL),
(2150,'TBB-E',NULL,'Male',NULL,5,1,150,5,1,NULL,6,NULL),
(2151,'LBB-A',NULL,'Male',NULL,1,0.6,151,5,1,NULL,7,NULL),
(2152,'LBB-B',NULL,'Male',NULL,1,0.7,152,5,1,NULL,7,NULL),
(2153,'LBB-C',NULL,'Male',NULL,1,0.8,153,5,1,NULL,7,NULL),
(2154,'LBB-D',NULL,'Male',NULL,1,0.9,154,5,1,NULL,7,NULL),
(2155,'LBB-E',NULL,'Male',NULL,1,1,155,5,1,NULL,7,NULL),
(2156,'LBB-A',NULL,'Male',NULL,2,0.6,156,5,1,NULL,7,NULL),
(2157,'LBB-B',NULL,'Male',NULL,2,0.7,157,5,1,NULL,7,NULL),
(2158,'LBB-C',NULL,'Male',NULL,2,0.8,158,5,1,NULL,7,NULL),
(2159,'LBB-D',NULL,'Male',NULL,2,0.9,159,5,1,NULL,7,NULL),
(2160,'LBB-E',NULL,'Male',NULL,2,1,160,5,1,NULL,7,NULL),
(2161,'LBB-A',NULL,'Male',NULL,3,0.6,161,5,1,NULL,7,NULL),
(2162,'LBB-B',NULL,'Male',NULL,3,0.7,162,5,1,NULL,7,NULL),
(2163,'LBB-C',NULL,'Male',NULL,3,0.8,163,5,1,NULL,7,NULL),
(2164,'LBB-D',NULL,'Male',NULL,3,0.9,164,5,1,NULL,7,NULL),
(2165,'LBB-E',NULL,'Male',NULL,3,1,165,5,1,NULL,7,NULL),
(2166,'LBB-A',NULL,'Male',NULL,4,0.6,166,5,1,NULL,7,NULL),
(2167,'LBB-B',NULL,'Male',NULL,4,0.7,167,5,1,NULL,7,NULL),
(2168,'LBB-C',NULL,'Male',NULL,4,0.8,168,5,1,NULL,7,NULL),
(2169,'LBB-D',NULL,'Male',NULL,4,0.9,169,5,1,NULL,7,NULL),
(2170,'LBB-E',NULL,'Male',NULL,4,1,170,5,1,NULL,7,NULL),
(2171,'LBB-A',NULL,'Male',NULL,5,0.6,171,5,1,NULL,7,NULL),
(2172,'LBB-B',NULL,'Male',NULL,5,0.7,172,5,1,NULL,7,NULL),
(2173,'LBB-C',NULL,'Male',NULL,5,0.8,173,5,1,NULL,7,NULL),
(2174,'LBB-D',NULL,'Male',NULL,5,0.9,174,5,1,NULL,7,NULL),
(2175,'LBB-E',NULL,'Male',NULL,5,1,175,5,1,NULL,7,NULL),
(2176,'LBF-A',NULL,'Male',NULL,1,0.6,176,5,1,NULL,8,NULL),
(2177,'LBF-B',NULL,'Male',NULL,1,0.7,177,5,1,NULL,8,NULL),
(2178,'LBF-C',NULL,'Male',NULL,1,0.8,178,5,1,NULL,8,NULL),
(2179,'LBF-D',NULL,'Male',NULL,1,0.9,179,5,1,NULL,8,NULL),
(2180,'LBF-E',NULL,'Male',NULL,1,1,180,5,1,NULL,8,NULL),
(2181,'LBF-A',NULL,'Male',NULL,2,0.6,181,5,1,NULL,8,NULL),
(2182,'LBF-B',NULL,'Male',NULL,2,0.7,182,5,1,NULL,8,NULL),
(2183,'LBF-C',NULL,'Male',NULL,2,0.8,183,5,1,NULL,8,NULL),
(2184,'LBF-D',NULL,'Male',NULL,2,0.9,184,5,1,NULL,8,NULL),
(2185,'LBF-E',NULL,'Male',NULL,2,1,185,5,1,NULL,8,NULL),
(2186,'LBF-A',NULL,'Male',NULL,3,0.6,186,5,1,NULL,8,NULL),
(2187,'LBF-B',NULL,'Male',NULL,3,0.7,187,5,1,NULL,8,NULL),
(2188,'LBF-C',NULL,'Male',NULL,3,0.8,188,5,1,NULL,8,NULL),
(2189,'LBF-D',NULL,'Male',NULL,3,0.9,189,5,1,NULL,8,NULL),
(2190,'LBF-E',NULL,'Male',NULL,3,1,190,5,1,NULL,8,NULL),
(2191,'LBF-A',NULL,'Male',NULL,4,0.6,191,5,1,NULL,8,NULL),
(2192,'LBF-B',NULL,'Male',NULL,4,0.7,192,5,1,NULL,8,NULL),
(2193,'LBF-C',NULL,'Male',NULL,4,0.8,193,5,1,NULL,8,NULL),
(2194,'LBF-D',NULL,'Male',NULL,4,0.9,194,5,1,NULL,8,NULL),
(2195,'LBF-E',NULL,'Male',NULL,4,1,195,5,1,NULL,8,NULL),
(2196,'LBF-A',NULL,'Male',NULL,5,0.6,196,5,1,NULL,8,NULL),
(2197,'LBF-B',NULL,'Male',NULL,5,0.7,197,5,1,NULL,8,NULL),
(2198,'LBF-C',NULL,'Male',NULL,5,0.8,198,5,1,NULL,8,NULL),
(2199,'LBF-D',NULL,'Male',NULL,5,0.9,199,5,1,NULL,8,NULL),
(2200,'LBF-E',NULL,'Male',NULL,5,1,200,5,1,NULL,8,NULL),
(2201,'HBF-A',NULL,'Male',NULL,1,0.6,201,5,1,NULL,9,1),
(2202,'HBF-B',NULL,'Male','2021-09-25 15:37:22.495000',1,0.7,202,5,1,NULL,9,NULL),
(2203,'HBF-C','2021-09-20 10:26:08.303000','Male',NULL,1,0.8,203,5,1,1,9,NULL),
(2204,'HBF-D','2021-09-20 10:40:50.555000','Male',NULL,1,0.9,204,5,1,1,9,NULL),
(2205,'HBF-E','2021-09-20 11:04:42.279000','Male',NULL,1,1,205,5,1,1,9,NULL),
(2206,'HBF-A','2021-09-20 11:09:22.718000','Male',NULL,2,0.6,206,5,1,1,9,NULL),
(2207,'HBF-B','2021-09-20 11:14:51.307000','Male',NULL,2,0.7,207,5,1,1,9,NULL),
(2208,'HBF-C','2021-09-20 11:19:28.868000','Male',NULL,2,0.8,208,5,1,1,9,NULL),
(2209,'HBF-D','2021-09-20 11:25:39.013000','Male',NULL,2,0.9,209,5,1,1,9,NULL),
(2210,'HBF-E','2021-09-20 11:29:12.823000','Male',NULL,2,1,210,5,1,1,9,NULL),
(2211,'HBF-A','2021-09-20 11:34:34.596000','Male',NULL,3,0.6,211,5,1,1,9,NULL),
(2212,'HBF-B','2021-09-20 11:40:59.577000','Male',NULL,3,0.7,212,5,1,1,9,NULL),
(2213,'HBF-C','2021-09-20 11:47:38.704000','Male',NULL,3,0.8,213,5,1,1,9,NULL),
(2214,'HBF-D','2021-09-20 11:52:39.470000','Male',NULL,3,0.9,214,5,1,1,9,NULL),
(2215,'HBF-E','2021-09-20 11:57:57.042000','Male',NULL,3,1,215,5,1,1,9,NULL),
(2216,'HBF-A','2021-09-20 12:02:58.491000','Male',NULL,4,0.6,216,5,1,1,9,NULL),
(2217,'HBF-B','2021-09-20 12:07:31.530000','Male',NULL,4,0.7,217,5,1,1,9,NULL),
(2218,'HBF-C','2021-09-20 12:12:03.863000','Male',NULL,4,0.8,218,5,1,1,9,NULL),
(2219,'HBF-D','2021-09-20 12:17:03.953000','Male',NULL,4,0.9,219,5,1,1,9,NULL),
(2220,'HBF-E','2021-09-20 12:22:34.197000','Male',NULL,4,1,220,5,1,1,9,NULL),
(2221,'HBF-A','2021-09-20 12:27:40.875000','Male',NULL,5,0.6,221,5,1,1,9,NULL),
(2222,'HBF-B','2021-09-20 12:33:29.070000','Male',NULL,5,0.7,222,5,1,1,9,NULL),
(2223,'HBF-C','2021-09-20 12:38:16.084000','Male',NULL,5,0.8,223,5,1,1,9,NULL),
(2224,'HBF-D','2021-09-20 12:43:45.220000','Male',NULL,5,0.9,224,5,1,1,9,NULL),
(2225,'HBF-E','2021-09-20 12:50:47.709000','Male',NULL,5,1,225,5,1,1,9,NULL),
(2226,'HBB-A','2021-09-20 13:00:19.502000','Male',NULL,1,0.6,226,5,1,1,10,NULL),
(2227,'HBB-B','2021-09-20 13:06:32.548000','Male',NULL,1,0.7,227,5,1,1,10,NULL),
(2228,'HBB-C','2021-09-20 13:11:11.473000','Male',NULL,1,0.8,228,5,1,1,10,NULL),
(2229,'HBB-D','2021-09-20 13:14:54.001000','Male',NULL,1,0.9,229,5,1,1,10,NULL),
(2230,'HBB-E','2021-09-20 13:20:49.756000','Male',NULL,1,1,230,5,1,1,10,NULL),
(2231,'HBB-A','2021-09-20 13:25:29.528000','Male',NULL,2,0.6,231,5,1,1,10,NULL),
(2232,'HBB-B','2021-09-20 13:35:16.410000','Male',NULL,2,0.7,232,5,1,1,10,NULL),
(2233,'HBB-C','2021-09-20 13:41:14.525000','Male',NULL,2,0.8,233,5,1,1,10,NULL),
(2234,'HBB-D','2021-09-20 13:45:52.810000','Male',NULL,2,0.9,234,5,1,1,10,NULL),
(2235,'HBB-E','2021-09-20 14:21:09.325000','Male',NULL,2,1,235,5,1,1,10,NULL),
(2236,'HBB-A','2021-09-20 15:16:15.904000','Male',NULL,3,0.6,236,5,1,1,10,NULL),
(2237,'HBB-B','2021-09-20 15:20:51.030000','Male',NULL,3,0.7,237,5,1,1,10,NULL),
(2238,'HBB-C','2021-09-20 15:26:25.404000','Male',NULL,3,0.8,238,5,1,1,10,NULL),
(2239,'HBB-D','2021-09-20 15:55:51.079000','Male',NULL,3,0.9,239,5,1,1,10,NULL),
(2240,'HBB-E','2021-09-20 16:00:42.616000','Male',NULL,3,1,240,5,1,1,10,NULL),
(2241,'HBB-A','2021-09-20 16:04:00.073000','Male',NULL,4,0.6,241,5,1,1,10,NULL),
(2242,'HBB-B','2021-09-20 16:08:23.107000','Male',NULL,4,0.7,242,5,1,1,10,1),
(2243,'HBB-C','2021-09-20 16:13:24.316000','Male','2021-09-20 16:16:52.787000',4,0.8,243,5,1,1,10,NULL),
(2244,'HBB-D','2021-09-20 16:21:04.981000','Male',NULL,4,0.9,244,5,1,1,10,NULL),
(2245,'HBB-E','2021-09-20 16:24:45.786000','Male',NULL,4,1,245,5,1,1,10,NULL),
(2246,'HBB-A','2021-09-20 16:28:26.765000','Male',NULL,5,0.6,246,5,1,1,10,NULL),
(2247,'HBB-B','2021-09-20 16:34:12.345000','Male',NULL,5,0.7,247,5,1,1,10,NULL),
(2248,'HBB-C','2021-09-20 16:38:08.832000','Male',NULL,5,0.8,248,5,1,1,10,NULL),
(2249,'HBB-D','2021-09-20 16:42:30.848000','Male',NULL,5,0.9,249,5,1,1,10,NULL),
(2250,'HBB-E','2021-09-20 16:46:57.159000','Male',NULL,5,1,250,5,1,1,10,NULL),
(2251,'FBS-A',NULL,'Female',NULL,1,0.6,1,5,1,NULL,1,NULL),
(2252,'FBS-B',NULL,'Female',NULL,1,0.7,2,5,1,NULL,1,NULL),
(2253,'FBS-C',NULL,'Female',NULL,1,0.8,3,5,1,NULL,1,NULL),
(2254,'FBS-D',NULL,'Female',NULL,1,0.9,4,5,1,NULL,1,NULL),
(2255,'FBS-E',NULL,'Female',NULL,1,1,5,5,1,NULL,1,NULL),
(2256,'FBS-A',NULL,'Female',NULL,2,0.6,6,5,1,NULL,1,NULL),
(2257,'FBS-B',NULL,'Female',NULL,2,0.7,7,5,1,NULL,1,NULL),
(2258,'FBS-C',NULL,'Female',NULL,2,0.8,8,5,1,NULL,1,NULL),
(2259,'FBS-D',NULL,'Female',NULL,2,0.9,9,5,1,NULL,1,NULL),
(2260,'FBS-E',NULL,'Female',NULL,2,1,10,5,1,NULL,1,NULL),
(2261,'FBS-A',NULL,'Female',NULL,3,0.6,11,5,1,NULL,1,NULL),
(2262,'FBS-B',NULL,'Female',NULL,3,0.7,12,5,1,NULL,1,NULL),
(2263,'FBS-C',NULL,'Female',NULL,3,0.8,13,5,1,NULL,1,NULL),
(2264,'FBS-D',NULL,'Female',NULL,3,0.9,14,5,1,NULL,1,NULL),
(2265,'FBS-E',NULL,'Female',NULL,3,1,15,5,1,NULL,1,NULL),
(2266,'FBS-A',NULL,'Female',NULL,4,0.6,16,5,1,NULL,1,NULL),
(2267,'FBS-B',NULL,'Female',NULL,4,0.7,17,5,1,NULL,1,NULL),
(2268,'FBS-C',NULL,'Female',NULL,4,0.8,18,5,1,NULL,1,NULL),
(2269,'FBS-D',NULL,'Female',NULL,4,0.9,19,5,1,NULL,1,NULL),
(2270,'FBS-E',NULL,'Female',NULL,4,1,20,5,1,NULL,1,NULL),
(2271,'FBS-A',NULL,'Female',NULL,5,0.6,21,5,1,NULL,1,NULL),
(2272,'FBS-B',NULL,'Female',NULL,5,0.7,22,5,1,NULL,1,NULL),
(2273,'FBS-C',NULL,'Female',NULL,5,0.8,23,5,1,NULL,1,NULL),
(2274,'FBS-D',NULL,'Female',NULL,5,0.9,24,5,1,NULL,1,1),
(2275,'FBS-E',NULL,'Female','2021-09-25 16:21:44.770000',5,1,25,5,1,NULL,1,1),
(2276,'FBF-A',NULL,'Female','2021-09-25 16:22:22.310000',1,0.6,26,5,1,NULL,2,NULL),
(2277,'FBF-B',NULL,'Female',NULL,1,0.7,27,5,1,NULL,2,NULL),
(2278,'FBF-C',NULL,'Female',NULL,1,0.8,28,5,1,NULL,2,NULL),
(2279,'FBF-D',NULL,'Female',NULL,1,0.9,29,5,1,NULL,2,NULL),
(2280,'FBF-E',NULL,'Female',NULL,1,1,30,5,1,NULL,2,NULL),
(2281,'FBF-A',NULL,'Female',NULL,2,0.6,31,5,1,NULL,2,NULL),
(2282,'FBF-B',NULL,'Female',NULL,2,0.7,32,5,1,NULL,2,NULL),
(2283,'FBF-C',NULL,'Female',NULL,2,0.8,33,5,1,NULL,2,NULL),
(2284,'FBF-D',NULL,'Female',NULL,2,0.9,34,5,1,NULL,2,NULL),
(2285,'FBF-E',NULL,'Female',NULL,2,1,35,5,1,NULL,2,NULL),
(2286,'FBF-A',NULL,'Female',NULL,3,0.6,36,5,1,NULL,2,NULL),
(2287,'FBF-B',NULL,'Female',NULL,3,0.7,37,5,1,NULL,2,NULL),
(2288,'FBF-C',NULL,'Female',NULL,3,0.8,38,5,1,NULL,2,NULL),
(2289,'FBF-D',NULL,'Female',NULL,3,0.9,39,5,1,NULL,2,NULL),
(2290,'FBF-E',NULL,'Female',NULL,3,1,40,5,1,NULL,2,NULL),
(2291,'FBF-A',NULL,'Female',NULL,4,0.6,41,5,1,NULL,2,NULL),
(2292,'FBF-B',NULL,'Female',NULL,4,0.7,42,5,1,NULL,2,NULL),
(2293,'FBF-C',NULL,'Female',NULL,4,0.8,43,5,1,NULL,2,NULL),
(2294,'FBF-D',NULL,'Female',NULL,4,0.9,44,5,1,NULL,2,NULL),
(2295,'FBF-E',NULL,'Female',NULL,4,1,45,5,1,NULL,2,NULL),
(2296,'FBF-A',NULL,'Female',NULL,5,0.6,46,5,1,NULL,2,NULL),
(2297,'FBF-B',NULL,'Female',NULL,5,0.7,47,5,1,NULL,2,NULL),
(2298,'FBF-C',NULL,'Female',NULL,5,0.8,48,5,1,NULL,2,NULL),
(2299,'FBF-D',NULL,'Female',NULL,5,0.9,49,5,1,NULL,2,NULL),
(2300,'FBF-E',NULL,'Female',NULL,5,1,50,5,1,NULL,2,NULL),
(2301,'BBS-A',NULL,'Female',NULL,1,0.6,51,5,1,NULL,3,NULL),
(2302,'BBS-B',NULL,'Female',NULL,1,0.7,52,5,1,NULL,3,NULL),
(2303,'BBS-C',NULL,'Female',NULL,1,0.8,53,5,1,NULL,3,NULL),
(2304,'BBS-D',NULL,'Female',NULL,1,0.9,54,5,1,NULL,3,NULL),
(2305,'BBS-E',NULL,'Female',NULL,1,1,55,5,1,NULL,3,NULL),
(2306,'BBS-A',NULL,'Female',NULL,2,0.6,56,5,1,NULL,3,NULL),
(2307,'BBS-B',NULL,'Female',NULL,2,0.7,57,5,1,NULL,3,NULL),
(2308,'BBS-C',NULL,'Female',NULL,2,0.8,58,5,1,NULL,3,NULL),
(2309,'BBS-D',NULL,'Female',NULL,2,0.9,59,5,1,NULL,3,NULL),
(2310,'BBS-E',NULL,'Female',NULL,2,1,60,5,1,NULL,3,NULL),
(2311,'BBS-A',NULL,'Female',NULL,3,0.6,61,5,1,NULL,3,NULL),
(2312,'BBS-B',NULL,'Female',NULL,3,0.7,62,5,1,NULL,3,NULL),
(2313,'BBS-C',NULL,'Female',NULL,3,0.8,63,5,1,NULL,3,NULL),
(2314,'BBS-D',NULL,'Female',NULL,3,0.9,64,5,1,NULL,3,NULL),
(2315,'BBS-E',NULL,'Female',NULL,3,1,65,5,1,NULL,3,NULL),
(2316,'BBS-A',NULL,'Female',NULL,4,0.6,66,5,1,NULL,3,NULL),
(2317,'BBS-B',NULL,'Female',NULL,4,0.7,67,5,1,NULL,3,NULL),
(2318,'BBS-C',NULL,'Female',NULL,4,0.8,68,5,1,NULL,3,NULL),
(2319,'BBS-D',NULL,'Female',NULL,4,0.9,69,5,1,NULL,3,NULL),
(2320,'BBS-E',NULL,'Female',NULL,4,1,70,5,1,NULL,3,NULL),
(2321,'BBS-A',NULL,'Female',NULL,5,0.6,71,5,1,NULL,3,NULL),
(2322,'BBS-B',NULL,'Female',NULL,5,0.7,72,5,1,NULL,3,NULL),
(2323,'BBS-C',NULL,'Female',NULL,5,0.8,73,5,1,NULL,3,NULL),
(2324,'BBS-D',NULL,'Female',NULL,5,0.9,74,5,1,NULL,3,NULL),
(2325,'BBS-E',NULL,'Female',NULL,5,1,75,5,1,NULL,3,NULL),
(2326,'BBF-A',NULL,'Female',NULL,1,0.6,76,5,1,NULL,4,NULL),
(2327,'BBF-B',NULL,'Female',NULL,1,0.7,77,5,1,NULL,4,NULL),
(2328,'BBF-C',NULL,'Female',NULL,1,0.8,78,5,1,NULL,4,NULL),
(2329,'BBF-D',NULL,'Female',NULL,1,0.9,79,5,1,NULL,4,NULL),
(2330,'BBF-E',NULL,'Female',NULL,1,1,80,5,1,NULL,4,NULL),
(2331,'BBF-A',NULL,'Female',NULL,2,0.6,81,5,1,NULL,4,NULL),
(2332,'BBF-B',NULL,'Female',NULL,2,0.7,82,5,1,NULL,4,NULL),
(2333,'BBF-C',NULL,'Female',NULL,2,0.8,83,5,1,NULL,4,NULL),
(2334,'BBF-D',NULL,'Female',NULL,2,0.9,84,5,1,NULL,4,NULL),
(2335,'BBF-E',NULL,'Female',NULL,2,1,85,5,1,NULL,4,NULL),
(2336,'BBF-A',NULL,'Female',NULL,3,0.6,86,5,1,NULL,4,NULL),
(2337,'BBF-B',NULL,'Female',NULL,3,0.7,87,5,1,NULL,4,NULL),
(2338,'BBF-C',NULL,'Female',NULL,3,0.8,88,5,1,NULL,4,NULL),
(2339,'BBF-D',NULL,'Female',NULL,3,0.9,89,5,1,NULL,4,NULL),
(2340,'BBF-E',NULL,'Female',NULL,3,1,90,5,1,NULL,4,NULL),
(2341,'BBF-A',NULL,'Female',NULL,4,0.6,91,5,1,NULL,4,NULL),
(2342,'BBF-B',NULL,'Female',NULL,4,0.7,92,5,1,NULL,4,NULL),
(2343,'BBF-C',NULL,'Female',NULL,4,0.8,93,5,1,NULL,4,NULL),
(2344,'BBF-D',NULL,'Female',NULL,4,0.9,94,5,1,NULL,4,NULL),
(2345,'BBF-E',NULL,'Female',NULL,4,1,95,5,1,NULL,4,NULL),
(2346,'BBF-A',NULL,'Female',NULL,5,0.6,96,5,1,NULL,4,NULL),
(2347,'BBF-B',NULL,'Female',NULL,5,0.7,97,5,1,NULL,4,NULL),
(2348,'BBF-C',NULL,'Female',NULL,5,0.8,98,5,1,NULL,4,NULL),
(2349,'BBF-D',NULL,'Female',NULL,5,0.9,99,5,1,NULL,4,NULL),
(2350,'BBF-E',NULL,'Female',NULL,5,1,100,5,1,NULL,4,NULL),
(2351,'TBF-A',NULL,'Female',NULL,1,0.6,101,5,1,NULL,5,NULL),
(2352,'TBF-B',NULL,'Female',NULL,1,0.7,102,5,1,NULL,5,NULL),
(2353,'TBF-C',NULL,'Female',NULL,1,0.8,103,5,1,NULL,5,NULL),
(2354,'TBF-D',NULL,'Female',NULL,1,0.9,104,5,1,NULL,5,NULL),
(2355,'TBF-E',NULL,'Female',NULL,1,1,105,5,1,NULL,5,NULL),
(2356,'TBF-A',NULL,'Female',NULL,2,0.6,106,5,1,NULL,5,NULL),
(2357,'TBF-B',NULL,'Female',NULL,2,0.7,107,5,1,NULL,5,NULL),
(2358,'TBF-C',NULL,'Female',NULL,2,0.8,108,5,1,NULL,5,NULL),
(2359,'TBF-D',NULL,'Female',NULL,2,0.9,109,5,1,NULL,5,NULL),
(2360,'TBF-E',NULL,'Female',NULL,2,1,110,5,1,NULL,5,NULL),
(2361,'TBF-A',NULL,'Female',NULL,3,0.6,111,5,1,NULL,5,NULL),
(2362,'TBF-B',NULL,'Female',NULL,3,0.7,112,5,1,NULL,5,NULL),
(2363,'TBF-C',NULL,'Female',NULL,3,0.8,113,5,1,NULL,5,NULL),
(2364,'TBF-D',NULL,'Female',NULL,3,0.9,114,5,1,NULL,5,NULL),
(2365,'TBF-E',NULL,'Female',NULL,3,1,115,5,1,NULL,5,NULL),
(2366,'TBF-A',NULL,'Female',NULL,4,0.6,116,5,1,NULL,5,NULL),
(2367,'TBF-B',NULL,'Female',NULL,4,0.7,117,5,1,NULL,5,NULL),
(2368,'TBF-C',NULL,'Female',NULL,4,0.8,118,5,1,NULL,5,NULL),
(2369,'TBF-D',NULL,'Female',NULL,4,0.9,119,5,1,NULL,5,NULL),
(2370,'TBF-E',NULL,'Female',NULL,4,1,120,5,1,NULL,5,NULL),
(2371,'TBF-A',NULL,'Female',NULL,5,0.6,121,5,1,NULL,5,NULL),
(2372,'TBF-B',NULL,'Female',NULL,5,0.7,122,5,1,NULL,5,NULL),
(2373,'TBF-C',NULL,'Female',NULL,5,0.8,123,5,1,NULL,5,NULL),
(2374,'TBF-D',NULL,'Female',NULL,5,0.9,124,5,1,NULL,5,NULL),
(2375,'TBF-E',NULL,'Female',NULL,5,1,125,5,1,NULL,5,NULL),
(2376,'TBB-A',NULL,'Female',NULL,1,0.6,126,5,1,NULL,6,NULL),
(2377,'TBB-B',NULL,'Female',NULL,1,0.7,127,5,1,NULL,6,NULL),
(2378,'TBB-C',NULL,'Female',NULL,1,0.8,128,5,1,NULL,6,NULL),
(2379,'TBB-D',NULL,'Female',NULL,1,0.9,129,5,1,NULL,6,1),
(2380,'TBB-E',NULL,'Female','2021-09-25 16:03:24.800000',1,1,130,5,1,NULL,6,NULL),
(2381,'TBB-A',NULL,'Female',NULL,2,0.6,131,5,1,NULL,6,NULL),
(2382,'TBB-B',NULL,'Female',NULL,2,0.7,132,5,1,NULL,6,NULL),
(2383,'TBB-C',NULL,'Female',NULL,2,0.8,133,5,1,NULL,6,NULL),
(2384,'TBB-D',NULL,'Female',NULL,2,0.9,134,5,1,NULL,6,NULL),
(2385,'TBB-E',NULL,'Female',NULL,2,1,135,5,1,NULL,6,NULL),
(2386,'TBB-A',NULL,'Female',NULL,3,0.6,136,5,1,NULL,6,NULL),
(2387,'TBB-B',NULL,'Female',NULL,3,0.7,137,5,1,NULL,6,NULL),
(2388,'TBB-C',NULL,'Female',NULL,3,0.8,138,5,1,NULL,6,NULL),
(2389,'TBB-D',NULL,'Female',NULL,3,0.9,139,5,1,NULL,6,NULL),
(2390,'TBB-E',NULL,'Female',NULL,3,1,140,5,1,NULL,6,NULL),
(2391,'TBB-A',NULL,'Female',NULL,4,0.6,141,5,1,NULL,6,NULL),
(2392,'TBB-B',NULL,'Female',NULL,4,0.7,142,5,1,NULL,6,NULL),
(2393,'TBB-C',NULL,'Female',NULL,4,0.8,143,5,1,NULL,6,NULL),
(2394,'TBB-D',NULL,'Female',NULL,4,0.9,144,5,1,NULL,6,NULL),
(2395,'TBB-E',NULL,'Female',NULL,4,1,145,5,1,NULL,6,NULL),
(2396,'TBB-A',NULL,'Female',NULL,5,0.6,146,5,1,NULL,6,NULL),
(2397,'TBB-B',NULL,'Female',NULL,5,0.7,147,5,1,NULL,6,NULL),
(2398,'TBB-C',NULL,'Female',NULL,5,0.8,148,5,1,NULL,6,NULL),
(2399,'TBB-D',NULL,'Female',NULL,5,0.9,149,5,1,NULL,6,NULL),
(2400,'TBB-E',NULL,'Female',NULL,5,1,150,5,1,NULL,6,NULL),
(2401,'LBB-A',NULL,'Female',NULL,1,0.6,151,5,1,NULL,7,NULL),
(2402,'LBB-B',NULL,'Female',NULL,1,0.7,152,5,1,NULL,7,NULL),
(2403,'LBB-C',NULL,'Female',NULL,1,0.8,153,5,1,NULL,7,NULL),
(2404,'LBB-D',NULL,'Female',NULL,1,0.9,154,5,1,NULL,7,NULL),
(2405,'LBB-E',NULL,'Female',NULL,1,1,155,5,1,NULL,7,NULL),
(2406,'LBB-A',NULL,'Female',NULL,2,0.6,156,5,1,NULL,7,NULL),
(2407,'LBB-B',NULL,'Female',NULL,2,0.7,157,5,1,NULL,7,NULL),
(2408,'LBB-C',NULL,'Female',NULL,2,0.8,158,5,1,NULL,7,NULL),
(2409,'LBB-D',NULL,'Female',NULL,2,0.9,159,5,1,NULL,7,NULL),
(2410,'LBB-E',NULL,'Female',NULL,2,1,160,5,1,NULL,7,NULL),
(2411,'LBB-A',NULL,'Female',NULL,3,0.6,161,5,1,NULL,7,NULL),
(2412,'LBB-B',NULL,'Female',NULL,3,0.7,162,5,1,NULL,7,NULL),
(2413,'LBB-C',NULL,'Female',NULL,3,0.8,163,5,1,NULL,7,NULL),
(2414,'LBB-D',NULL,'Female',NULL,3,0.9,164,5,1,NULL,7,NULL),
(2415,'LBB-E',NULL,'Female',NULL,3,1,165,5,1,NULL,7,NULL),
(2416,'LBB-A',NULL,'Female',NULL,4,0.6,166,5,1,NULL,7,NULL),
(2417,'LBB-B',NULL,'Female',NULL,4,0.7,167,5,1,NULL,7,NULL),
(2418,'LBB-C',NULL,'Female',NULL,4,0.8,168,5,1,NULL,7,NULL),
(2419,'LBB-D',NULL,'Female',NULL,4,0.9,169,5,1,NULL,7,NULL),
(2420,'LBB-E',NULL,'Female',NULL,4,1,170,5,1,NULL,7,NULL),
(2421,'LBB-A',NULL,'Female',NULL,5,0.6,171,5,1,NULL,7,NULL),
(2422,'LBB-B',NULL,'Female',NULL,5,0.7,172,5,1,NULL,7,NULL),
(2423,'LBB-C',NULL,'Female',NULL,5,0.8,173,5,1,NULL,7,NULL),
(2424,'LBB-D',NULL,'Female',NULL,5,0.9,174,5,1,NULL,7,NULL),
(2425,'LBB-E',NULL,'Female',NULL,5,1,175,5,1,NULL,7,NULL),
(2426,'LBF-A',NULL,'Female',NULL,1,0.6,176,5,1,NULL,8,NULL),
(2427,'LBF-B',NULL,'Female',NULL,1,0.7,177,5,1,NULL,8,NULL),
(2428,'LBF-C',NULL,'Female',NULL,1,0.8,178,5,1,NULL,8,NULL),
(2429,'LBF-D',NULL,'Female',NULL,1,0.9,179,5,1,NULL,8,NULL),
(2430,'LBF-E',NULL,'Female',NULL,1,1,180,5,1,NULL,8,NULL),
(2431,'LBF-A',NULL,'Female',NULL,2,0.6,181,5,1,NULL,8,NULL),
(2432,'LBF-B',NULL,'Female',NULL,2,0.7,182,5,1,NULL,8,NULL),
(2433,'LBF-C',NULL,'Female',NULL,2,0.8,183,5,1,NULL,8,NULL),
(2434,'LBF-D',NULL,'Female',NULL,2,0.9,184,5,1,NULL,8,NULL),
(2435,'LBF-E',NULL,'Female',NULL,2,1,185,5,1,NULL,8,NULL),
(2436,'LBF-A',NULL,'Female',NULL,3,0.6,186,5,1,NULL,8,NULL),
(2437,'LBF-B',NULL,'Female',NULL,3,0.7,187,5,1,NULL,8,NULL),
(2438,'LBF-C',NULL,'Female',NULL,3,0.8,188,5,1,NULL,8,NULL),
(2439,'LBF-D',NULL,'Female',NULL,3,0.9,189,5,1,NULL,8,NULL),
(2440,'LBF-E',NULL,'Female',NULL,3,1,190,5,1,NULL,8,NULL),
(2441,'LBF-A',NULL,'Female',NULL,4,0.6,191,5,1,NULL,8,NULL),
(2442,'LBF-B',NULL,'Female',NULL,4,0.7,192,5,1,NULL,8,NULL),
(2443,'LBF-C',NULL,'Female',NULL,4,0.8,193,5,1,NULL,8,NULL),
(2444,'LBF-D',NULL,'Female',NULL,4,0.9,194,5,1,NULL,8,NULL),
(2445,'LBF-E',NULL,'Female',NULL,4,1,195,5,1,NULL,8,NULL),
(2446,'LBF-A',NULL,'Female',NULL,5,0.6,196,5,1,NULL,8,NULL),
(2447,'LBF-B',NULL,'Female',NULL,5,0.7,197,5,1,NULL,8,NULL),
(2448,'LBF-C',NULL,'Female',NULL,5,0.8,198,5,1,NULL,8,NULL),
(2449,'LBF-D',NULL,'Female',NULL,5,0.9,199,5,1,NULL,8,NULL),
(2450,'LBF-E',NULL,'Female',NULL,5,1,200,5,1,NULL,8,NULL),
(2451,'HBF-A',NULL,'Female',NULL,1,0.6,201,5,1,NULL,9,1),
(2452,'HBF-B',NULL,'Female','2021-09-25 15:37:22.495000',1,0.7,202,5,1,NULL,9,NULL),
(2453,'HBF-C','2021-09-20 10:26:08.303000','Female',NULL,1,0.8,203,5,1,1,9,NULL),
(2454,'HBF-D','2021-09-20 10:40:50.555000','Female',NULL,1,0.9,204,5,1,1,9,NULL),
(2455,'HBF-E','2021-09-20 11:04:42.279000','Female',NULL,1,1,205,5,1,1,9,NULL),
(2456,'HBF-A','2021-09-20 11:09:22.718000','Female',NULL,2,0.6,206,5,1,1,9,NULL),
(2457,'HBF-B','2021-09-20 11:14:51.307000','Female',NULL,2,0.7,207,5,1,1,9,NULL),
(2458,'HBF-C','2021-09-20 11:19:28.868000','Female',NULL,2,0.8,208,5,1,1,9,NULL),
(2459,'HBF-D','2021-09-20 11:25:39.013000','Female',NULL,2,0.9,209,5,1,1,9,NULL),
(2460,'HBF-E','2021-09-20 11:29:12.823000','Female',NULL,2,1,210,5,1,1,9,NULL),
(2461,'HBF-A','2021-09-20 11:34:34.596000','Female',NULL,3,0.6,211,5,1,1,9,NULL),
(2462,'HBF-B','2021-09-20 11:40:59.577000','Female',NULL,3,0.7,212,5,1,1,9,NULL),
(2463,'HBF-C','2021-09-20 11:47:38.704000','Female',NULL,3,0.8,213,5,1,1,9,NULL),
(2464,'HBF-D','2021-09-20 11:52:39.470000','Female',NULL,3,0.9,214,5,1,1,9,NULL),
(2465,'HBF-E','2021-09-20 11:57:57.042000','Female',NULL,3,1,215,5,1,1,9,NULL),
(2466,'HBF-A','2021-09-20 12:02:58.491000','Female',NULL,4,0.6,216,5,1,1,9,NULL),
(2467,'HBF-B','2021-09-20 12:07:31.530000','Female',NULL,4,0.7,217,5,1,1,9,NULL),
(2468,'HBF-C','2021-09-20 12:12:03.863000','Female',NULL,4,0.8,218,5,1,1,9,NULL),
(2469,'HBF-D','2021-09-20 12:17:03.953000','Female',NULL,4,0.9,219,5,1,1,9,NULL),
(2470,'HBF-E','2021-09-20 12:22:34.197000','Female',NULL,4,1,220,5,1,1,9,NULL),
(2471,'HBF-A','2021-09-20 12:27:40.875000','Female',NULL,5,0.6,221,5,1,1,9,NULL),
(2472,'HBF-B','2021-09-20 12:33:29.070000','Female',NULL,5,0.7,222,5,1,1,9,NULL),
(2473,'HBF-C','2021-09-20 12:38:16.084000','Female',NULL,5,0.8,223,5,1,1,9,NULL),
(2474,'HBF-D','2021-09-20 12:43:45.220000','Female',NULL,5,0.9,224,5,1,1,9,NULL),
(2475,'HBF-E','2021-09-20 12:50:47.709000','Female',NULL,5,1,225,5,1,1,9,NULL),
(2476,'HBB-A','2021-09-20 13:00:19.502000','Female',NULL,1,0.6,226,5,1,1,10,NULL),
(2477,'HBB-B','2021-09-20 13:06:32.548000','Female',NULL,1,0.7,227,5,1,1,10,NULL),
(2478,'HBB-C','2021-09-20 13:11:11.473000','Female',NULL,1,0.8,228,5,1,1,10,NULL),
(2479,'HBB-D','2021-09-20 13:14:54.001000','Female',NULL,1,0.9,229,5,1,1,10,NULL),
(2480,'HBB-E','2021-09-20 13:20:49.756000','Female',NULL,1,1,230,5,1,1,10,NULL),
(2481,'HBB-A','2021-09-20 13:25:29.528000','Female',NULL,2,0.6,231,5,1,1,10,NULL),
(2482,'HBB-B','2021-09-20 13:35:16.410000','Female',NULL,2,0.7,232,5,1,1,10,NULL),
(2483,'HBB-C','2021-09-20 13:41:14.525000','Female',NULL,2,0.8,233,5,1,1,10,NULL),
(2484,'HBB-D','2021-09-20 13:45:52.810000','Female',NULL,2,0.9,234,5,1,1,10,NULL),
(2485,'HBB-E','2021-09-20 14:21:09.325000','Female',NULL,2,1,235,5,1,1,10,NULL),
(2486,'HBB-A','2021-09-20 15:16:15.904000','Female',NULL,3,0.6,236,5,1,1,10,NULL),
(2487,'HBB-B','2021-09-20 15:20:51.030000','Female',NULL,3,0.7,237,5,1,1,10,NULL),
(2488,'HBB-C','2021-09-20 15:26:25.404000','Female',NULL,3,0.8,238,5,1,1,10,NULL),
(2489,'HBB-D','2021-09-20 15:55:51.079000','Female',NULL,3,0.9,239,5,1,1,10,NULL),
(2490,'HBB-E','2021-09-20 16:00:42.616000','Female',NULL,3,1,240,5,1,1,10,NULL),
(2491,'HBB-A','2021-09-20 16:04:00.073000','Female',NULL,4,0.6,241,5,1,1,10,NULL),
(2492,'HBB-B','2021-09-20 16:08:23.107000','Female',NULL,4,0.7,242,5,1,1,10,1),
(2493,'HBB-C','2021-09-20 16:13:24.316000','Female','2021-09-20 16:16:52.787000',4,0.8,243,5,1,1,10,NULL),
(2494,'HBB-D','2021-09-20 16:21:04.981000','Female',NULL,4,0.9,244,5,1,1,10,NULL),
(2495,'HBB-E','2021-09-20 16:24:45.786000','Female',NULL,4,1,245,5,1,1,10,NULL),
(2496,'HBB-A','2021-09-20 16:28:26.765000','Female',NULL,5,0.6,246,5,1,1,10,NULL),
(2497,'HBB-B','2021-09-20 16:34:12.345000','Female',NULL,5,0.7,247,5,1,1,10,NULL),
(2498,'HBB-C','2021-09-20 16:38:08.832000','Female',NULL,5,0.8,248,5,1,1,10,NULL),
(2499,'HBB-D','2021-09-20 16:42:30.848000','Female',NULL,5,0.9,249,5,1,1,10,NULL),
(2500,'HBB-E','2021-09-20 16:46:57.159000','Female',NULL,5,1,250,5,1,1,10,NULL),

/*Compulsary asana */
(2501,'Comp','2022-05-28 20:59:36.687000','Male',NULL,-1,1,256,1,1,1,11,NULL),
(2502,'Comp','2022-05-28 21:00:21.603000','Female','2022-05-28 21:11:38.752000',-1,1,259,1,1,1,11,1),
(2503,'Comp','2022-05-28 21:01:22.386000','Male',NULL,-1,1,98,1,1,1,11,NULL),
(2504,'Comp','2022-05-28 21:01:51.421000','Female','2022-05-28 21:15:16.250000',-1,1,257,1,1,1,11,1),
(2505,'Comp','2022-05-28 21:02:56.771000','Male',NULL,-1,1,141,1,1,1,11,NULL),
(2506,'Comp','2022-05-28 21:03:25.682000','Female','2022-05-28 21:15:49.743000',-1,1,252,1,1,1,11,1),
(2507,'Comp','2022-05-28 21:04:52.679000','Male',NULL,-1,1,261,1,1,1,11,NULL),
(2508,'Comp','2022-05-28 21:05:46.526000','Female','2022-05-28 21:14:19.229000',-1,1,267,1,1,1,11,1),
(2509,'Comp','2022-05-28 21:17:32.783000','Male',NULL,-1,1,78,1,1,1,11,NULL),
(2510,'Comp','2022-05-28 21:18:13.511000','Female',NULL,-1,1,98,1,1,1,11,NULL),
(2511,'Comp','2022-05-28 21:18:47.886000','Male',NULL,-1,1,263,1,1,1,11,NULL),
(2512,'Comp','2022-05-28 21:20:39.699000','Female',NULL,-1,1,281,1,1,1,11,NULL),



/* Asanas 1 to 10 for Artistic Group */
(2523,'grp','2022-06-03 07:33:43.916000','Male',NULL,-1,1,289,5,1,1,1,NULL),
(2524,'grp','2022-06-03 07:34:15.194000','Female',NULL,-1,1,289,5,1,1,1,NULL),
(2525,'grp','2022-06-03 07:35:58.509000','Male',NULL,-1,1,290,5,1,1,2,NULL),
(2526,'grp','2022-06-03 07:36:33.246000','Female',NULL,-1,1,290,5,1,1,2,NULL),
(2527,'grp','2022-06-03 07:37:11.330000','Male',NULL,-1,1,291,5,1,1,3,NULL),
(2528,'grp','2022-06-03 07:37:48.394000','Female',NULL,-1,1,291,5,1,1,3,NULL),
(2529,'grp','2022-06-03 07:38:56.006000','Male',NULL,-1,1,292,5,1,1,4,NULL),
(2530,'grp','2022-06-03 07:39:30.115000','Female',NULL,-1,1,292,5,1,1,4,NULL),
(2531,'grp','2022-06-03 07:40:05.496000','Male',NULL,-1,1,293,5,1,1,5,NULL),
(2532,'grp','2022-06-03 07:40:40.985000','Female',NULL,-1,1,293,5,1,1,5,NULL),
(2533,'grp','2022-06-03 07:41:33.196000','Male',NULL,-1,1,294,5,1,1,6,NULL),
(2534,'grp','2022-06-03 07:42:09.009000','Female',NULL,-1,1,294,5,1,1,6,NULL),
(2535,'grp','2022-06-03 07:42:42.043000','Male',NULL,-1,1,295,5,1,1,7,NULL),
(2536,'grp','2022-06-03 07:43:20.911000','Female',NULL,-1,1,295,5,1,1,7,NULL),
(2537,'grp','2022-06-03 07:44:04.616000','Male',NULL,-1,1,296,5,1,1,8,NULL),
(2538,'grp','2022-06-03 07:44:48.509000','Female',NULL,-1,1,296,5,1,1,8,NULL),
(2539,'grp','2022-06-03 07:45:21.769000','Male',NULL,-1,1,297,5,1,1,9,NULL),
(2540,'grp','2022-06-03 07:45:56.752000','Female',NULL,-1,1,297,5,1,1,9,NULL),
(2541,'grp','2022-06-03 07:46:34.127000','Male',NULL,-1,1,298,5,1,1,10,NULL),
(2542,'grp','2022-06-03 07:47:08.618000','Female',NULL,-1,1,298,5,1,1,10,NULL);




/* Participants Male and Female */

/*INSERT INTO `participants` 
(id,aadhar_number,accept_rules,address_line_1,address_line_2,approval_status,birth_certificate,certificate_number,district,dob,email,enabled,first_name,gender,image,khelo_india_id,last_name,medical_certificate,payment_receipt,payment_transaction_id,phone_number,physically_fit,postal_code,prn_number,town,age_category_id,club_id,state_id) VALUES 
(1,'',_binary '\0','West Bengal','West Bengal',_binary '',NULL,NULL,'West Bengal','2010-02-23 00:00:00.000000','akash@ghosh.com',_binary '','Akash ','Male',NULL,NULL,'Ghosh',NULL,NULL,'','9874563210',_binary '','560897',200001,'West Bengal',1,18,36),
(2,'',_binary '\0','Maharastra','Maharastra',_binary '',NULL,NULL,'Maharastra','2007-11-03 00:00:00.000000','preetnilesh@borkar.com',_binary '','Preet Nilesh','Male',NULL,NULL,' Borkar',NULL,NULL,'','9874563210',_binary '','564025',200002,'Maharastra',1,10,21),
(3,'',_binary '\0','chattisgarh','chattisgarh',_binary '',NULL,NULL,'chattisgarh','2004-11-13 00:00:00.000000','prabhakar@singh.com',_binary '','Prabhakar ','Male',NULL,NULL,'Singh',NULL,NULL,'','9814628178',_binary '','560045',200003,'chattisgarh',1,2,7),
(4,'',_binary '\0','Karnataka','Karnataka',_binary '',NULL,NULL,'Karnataka','2008-06-02 00:00:00.000000','shivanand@ramappakundagol.com',_binary '','Shivanand ','Male',NULL,NULL,'Ramappa Kundagol',NULL,NULL,'','9874563210',_binary '','560097',200004,'Karnataka',1,8,16),
(5,'',_binary '\0','West Bengal','West Bengal',_binary '',NULL,NULL,'West Bengal','2008-07-22 00:00:00.000000','rajdeep@dalal.com',_binary '','Rajdeep','Male',NULL,NULL,' Dalal',NULL,NULL,'','9874563210',_binary '','560078',200005,'West Bengal',1,18,36),
(6,'',_binary '\0','Maharastra','Maharastra',_binary '',NULL,NULL,'Maharastra','2005-09-22 00:00:00.000000','sumit@dilipbandale.com',_binary '','Sumit ','Male',NULL,NULL,'Dilip Bandale',NULL,NULL,'','9814628178',_binary '','560078',200006,'Maharastra',1,10,21),
(7,'',_binary '\0','Tamilnadu','Tamilnadu',_binary '',NULL,NULL,'Tamilnadu','2005-11-05 00:00:00.000000','nsri@balaji.com',_binary '','N Sri','Male',NULL,NULL,' Balaji',NULL,NULL,'','9874563210',_binary '','560089',200007,'Tamilnadu',1,15,31),
(8,'',_binary '\0','Haryana','Haryana',_binary '\0','',NULL,'Haryana','2007-12-03 00:00:00.000000','deepanshu@12.com',_binary '','Deepanshu','Male','',NULL,'   ','','','','9874563210',_binary '','560078',200008,'Haryana',1,6,13),
(9,'',_binary '\0','tripura','tripura',_binary '',NULL,NULL,'tripura','2003-08-18 00:00:00.000000','tanmoy@das.com',_binary '','Tanmoy','Male',NULL,NULL,' Das',NULL,NULL,'','9874563210',_binary '','560089',200009,'tripura',1,16,33),
(10,'',_binary '\0','tripura','tripura',_binary '',NULL,NULL,'tripura','2006-11-28 00:00:00.000000','Bigoypoul@12.com',_binary '','Bigoypoul','Male',NULL,NULL,'  ',NULL,NULL,'','9831977507',_binary '','560095',200010,'tripura',1,16,33),
(11,'',_binary '\0','Maharastra','Maharastra',_binary '',NULL,NULL,'Maharastra','2005-05-28 00:00:00.000000','jaysandeep@kalekar.com',_binary '','Jay ','Male',NULL,NULL,'Sandeep Kalekar',NULL,NULL,'','9814628178',_binary '','560096',200011,'Maharastra',1,10,21),
(12,'',_binary '\0','chattisgarh','chattisgarh',_binary '',NULL,NULL,'chattisgarh','2005-08-31 00:00:00.000000','prakashkumar@sahu.com',_binary '','Prakash ','Male',NULL,NULL,'kumar Sahu',NULL,NULL,'','9831977507',_binary '','560448',200012,'chattisgarh',1,2,7),
(13,'',_binary '\0','Maharastra','Maharastra',_binary '',NULL,NULL,'Maharastra','2005-10-05 00:00:00.000000','rupesh@mogalalisange.com',_binary '','Rupesh ','Male',NULL,NULL,'Mogalali Sange',NULL,NULL,'','9814628178',_binary '','560448',200013,'Maharastra',1,10,21),
(14,'',_binary '\0','gujarat','gujarat',_binary '',NULL,NULL,'gujarat','2008-06-06 00:00:00.000000','karan@joshi.com',_binary '','Karan ','Male',NULL,NULL,'Joshi',NULL,NULL,'','9874563210',_binary '','560098',200014,'gujarat',1,5,11),
(15,'',_binary '\0','odisha','odisha',_binary '',NULL,NULL,'odisha','2008-08-13 00:00:00.000000','abhijit@tripathy.com',_binary '','Abhijit ','Male',NULL,NULL,'Tripathy',NULL,NULL,'','9874563210',_binary '','560075',200015,'odisha',1,12,26),
(16,'',_binary '\0','assam','assam',_binary '',NULL,NULL,'assam','2005-07-09 00:00:00.000000','sumit@dey.com',_binary '','Sumit ','Male',NULL,NULL,'Dey',NULL,NULL,'','9814628178',_binary '','560755',200016,'assam',1,1,4),
(17,'`',_binary '\0','Maharastra','Maharastra',_binary '',NULL,NULL,'Maharastra','2008-10-15 00:00:00.000000','shrumal@mohanbanait.com',_binary '','Shrumal','Male',NULL,NULL,' Mohan Banait',NULL,NULL,'','9874563210',_binary '','560489',200017,'Maharastra',1,10,21),
(18,'',_binary '\0','West Bengal','West Bengal',_binary '',NULL,NULL,'West Bengal','2008-10-05 00:00:00.000000','nil@sarkar.com',_binary '','Nil','Male',NULL,NULL,' Sarkar',NULL,NULL,'','9831977507',_binary '','560789',200018,'West Bengal',1,18,36),
(19,'',_binary '\0','Haryana','Haryana',_binary '',NULL,NULL,'Haryana','2004-04-27 00:00:00.000000','rohit@kumar.com',_binary '','Rohit','Male',NULL,NULL,' Kumar',NULL,NULL,'','9814628178',_binary '','560015',200019,'Haryana',1,6,13),
(20,'',_binary '\0','tripura','tripura',_binary '',NULL,NULL,'tripura','2007-10-28 00:00:00.000000','raiyam@alam.com',_binary '','Raiyam','Male',NULL,NULL,'Alam',NULL,NULL,'','9874563210',_binary '','560448',200020,'tripura',1,16,33),
(21,'',_binary '\0','tripura','tripura',_binary '',NULL,NULL,'tripura','2005-12-06 00:00:00.000000','gitin@saha.com',_binary '','Gitin','Male',NULL,NULL,'Saha',NULL,NULL,'','9814628178',_binary '','560075',200021,'tripura',1,16,33),
(22,'',_binary '\0','Haryana','Haryana',_binary '\0','',NULL,'Haryana','2001-08-08 00:00:00.000000','sagar@ranga.com',_binary '','Sagar ','Male','',NULL,'Ranga','','','','9874563210',_binary '','560789',200022,'Haryana',1,6,13),
(23,'',_binary '\0','Haryana','Haryana',_binary '',NULL,NULL,'Haryana','2007-02-10 00:00:00.000000','jeetu@12.com',_binary '','Jeetu','Male',NULL,NULL,'  ',NULL,NULL,'','9874563210',_binary '','560089',200023,'Haryana',1,6,13),
(24,'',_binary '\0','Maharastra','Maharastra',_binary '',NULL,NULL,'Maharastra','2009-07-04 00:00:00.000000','aryan@bibhishankharat.com',_binary '','Aryan ','Male',NULL,NULL,'Bibhishan Kharat',NULL,NULL,'','9874563210',_binary '','560447',200024,'Maharastra',1,10,21),
(25,'',_binary '\0','Maharastra','Maharastra',_binary '',NULL,NULL,'Maharastra','2008-02-28 00:00:00.000000','nibodh@avinashpatil.com',_binary '','Nibodh ','Male',NULL,NULL,'Avinash Patil',NULL,NULL,'','9874563210',_binary '','560089',200025,'Maharastra',1,10,21),
(26,'',_binary '\0','punducherry','punducherry',_binary '',NULL,NULL,'punducherry','2008-11-03 00:00:00.000000','vishnu@s.com',_binary '',' Vishnu ','Male',NULL,NULL,'S.',NULL,NULL,'','9874563210',_binary '','560489',200026,'punducherry',1,13,27),
(27,'',_binary '\0','puducherry','puducherry',_binary '',NULL,NULL,'puducherry','2009-10-20 00:00:00.000000','taran@b.com',_binary '',' Taran ','Male',NULL,NULL,'B.',NULL,NULL,'','9814628178',_binary '','560789',200027,'puducherry',1,13,27),
(28,'',_binary '\0','tripura','tripura',_binary '',NULL,NULL,'tripura','2008-01-10 00:00:00.000000','somyodeep@nath.com',_binary '','Somyodeep ','Male',NULL,NULL,'Nath',NULL,NULL,'','9874563210',_binary '','560785',200028,'tripura',1,16,33),
(29,'',_binary '\0','tripura','tripura',_binary '',NULL,NULL,'tripura','2009-12-02 00:00:00.000000','pratik@mujumder.com',_binary '','Pratik ','Male',NULL,NULL,'Mujumder',NULL,NULL,'','9874563210',_binary '','560045',200029,'tripura',1,16,33),
(30,'',_binary '\0','West Bengal','West Bengal',_binary '',NULL,NULL,'West Bengal','2007-09-14 00:00:00.000000','sayan@debnath.com',_binary '','Sayan ','Male',NULL,NULL,'Debnath',NULL,NULL,'','9814628178',_binary '','560075',200030,'West Bengal',1,18,36),
(31,'',_binary '\0','West Bengal','West Bengal',_binary '',NULL,NULL,'West Bengal','2006-08-12 00:00:00.000000','avarjit@saha.com',_binary '','Avarjit ','Male',NULL,NULL,'Saha',NULL,NULL,'','9874563210',_binary '','560095',200031,'West Bengal',1,18,36),
(32,'',_binary '\0','uttarakhand','uttarakhand',_binary '',NULL,NULL,'uttarakhand','2010-11-09 00:00:00.000000','rishiraj@pandey.com',_binary '','Rishiraj','Male',NULL,NULL,' Pandey',NULL,NULL,'','9874563210',_binary '','560078',200032,'uttarakhand',1,17,34),
(33,'',_binary '\0','uttarakhand','uttarakhand',_binary '',NULL,NULL,'uttarakhand','2008-05-10 00:00:00.000000','om@nandan.com',_binary '',' Om ','Male',NULL,NULL,'Nandan',NULL,NULL,'','9874563210',_binary '','560085',200033,'uttarakhand',1,17,34),
(34,'',_binary '\0','Maharastra','Maharastra',_binary '',NULL,NULL,'Maharastra','2009-03-03 00:00:00.000000','nanaknarayan@abhang.com',_binary '','Nanak ','Male',NULL,NULL,'Narayan Abhang',NULL,NULL,'','9814628178',_binary '','560078',200034,'Maharastra',1,10,21),
(35,'',_binary '\0','Maharastra','Maharastra',_binary '',NULL,NULL,'Maharastra','2012-10-01 00:00:00.000000','anshrupesh@mayekar.com',_binary '','Ansh ','Male',NULL,NULL,'Rupesh Mayekar',NULL,NULL,'','9814628178',_binary '','560089',200035,'Maharastra',1,10,21),
(36,'',_binary '\0','Tamilnadu','Tamilnadu',_binary '',NULL,NULL,'Tamilnadu','2011-08-18 00:00:00.000000','devesh@k.com',_binary '','Devesh','Male',NULL,NULL,' K.',NULL,NULL,'','9814628178',_binary '','560098',200036,'Tamilnadu',1,15,31),
(37,'',_binary '\0','Tamilnadu','Tamilnadu',_binary '',NULL,NULL,'Tamilnadu','2011-08-10 00:00:00.000000','sarvesh@k.com',_binary '','Sarvesh','Male',NULL,NULL,' K.',NULL,NULL,'','9814628178',_binary '','560089',200037,'Tamilnadu',1,15,31),
(38,'',_binary '\0','Tamilnadu','Tamilnadu',_binary '',NULL,NULL,'Tamilnadu','2006-12-07 00:00:00.000000','kavikumar@s.com',_binary '','Kavikumar ','Male',NULL,NULL,'S.',NULL,NULL,'','9831977507',_binary '','560089',200038,'Tamilnadu',1,15,31),
(39,'',_binary '\0','Tamilnadu','Tamilnadu',_binary '',NULL,NULL,'Tamilnadu','2004-06-15 00:00:00.000000','abinesh@kumarb.com',_binary '','Abinesh ','Male',NULL,NULL,'Kumar B.',NULL,NULL,'','9814628178',_binary '','560075',200039,'Tamilnadu',1,15,31),
(40,'',_binary '\0','Maharastra','Maharastra',_binary '',NULL,NULL,'Maharastra','2005-07-12 00:00:00.000000','ommahesh@rajbhar.com',_binary '','Om Mahesh ','Male',NULL,NULL,'Rajbhar',NULL,NULL,'','9814628178',_binary '','560078',200040,'Maharastra',1,10,21),
(41,'',_binary '\0','Maharastra','Maharastra',_binary '',NULL,NULL,'Maharastra','2011-01-04 00:00:00.000000','swaraj@sunnyfiske.com',_binary '','Swaraj ','Male',NULL,NULL,'Sunny Fiske',NULL,NULL,'','9831977507',_binary '','560089',200041,'Maharastra',1,10,21),
(42,'',_binary '\0','Haryana','Haryana',_binary '',NULL,NULL,'Haryana','2005-12-07 00:00:00.000000','gourav@12.com',_binary '','Gourav','Male',NULL,NULL,'  ',NULL,NULL,'','9835550587',_binary '','560087',200042,'Haryana',1,6,13),
(43,'',_binary '\0','Haryana','Haryana',_binary '',NULL,NULL,'Haryana','2005-01-01 00:00:00.000000','parbhat@kumar.com',_binary '','Parbhat','Male',NULL,NULL,' Kumar',NULL,NULL,'','9831977507',_binary '','560098',200043,'Haryana',1,6,13),
(44,'',_binary '\0','Maharastra','Maharastra',_binary '',NULL,NULL,'Maharastra','2011-12-22 00:00:00.000000','tripti@rameshdongre.com',_binary '','Tripti','Female',NULL,NULL,'Ramesh Dongre',NULL,NULL,'','9874563210',_binary '','560075',200044,'Maharastra',1,10,21),
(45,'',_binary '\0','Haryana','Haryana',_binary '',NULL,NULL,'Haryana','2007-07-19 00:00:00.000000','manvi@vyas.com',_binary '','Manvi','Female',NULL,NULL,'Vyas',NULL,NULL,'','9874563210',_binary '','560075',200045,'Haryana',1,6,13),
(46,'',_binary '\0','West Bengal','West Bengal',_binary '',NULL,NULL,'West Bengal','2011-02-26 00:00:00.000000','aranya@hutait.com',_binary '','Aranya','Female',NULL,NULL,'Hutait',NULL,NULL,'','9874563210',_binary '','560075',200046,'West Bengal',1,18,36),
(47,'',_binary '\0','Maharastra','Maharastra',_binary '',NULL,NULL,'Maharastra','2006-09-01 00:00:00.000000','mrunali@mohanbanit.com',_binary '','Mrunali','Female',NULL,NULL,'Mohan Banait',NULL,NULL,'','9874563210',_binary '','560075',200047,'Maharastra',1,10,21),
(48,'',_binary '\0','Maharastra','Maharastra',_binary '',NULL,NULL,'Maharastra','2005-11-05 00:00:00.000000','tanvi@bhushanredij.com',_binary '','Tanvi','Female',NULL,NULL,'Bhushan Redij',NULL,NULL,'','9874563210',_binary '','560075',200048,'Maharastra',1,10,21),
(49,'',_binary '\0','West Bengal','West Bengal',_binary '',NULL,NULL,'West Bengal','2005-10-14 00:00:00.000000','sathi@mondal.com',_binary '','Sathi ','Female',NULL,NULL,'Mondal',NULL,NULL,'','9874563210',_binary '','560075',200049,'West Bengal',1,18,36),
(50,'',_binary '\0','Manipur','Manipur',_binary '',NULL,NULL,'Manipur','2009-09-12 00:00:00.000000','chungkham@soniadevi.com',_binary '','Chungkham','Female',NULL,NULL,'Sonia Devi',NULL,NULL,'','9874563210',_binary '','560075',200050,'Manipur',1,11,22),
(51,'',_binary '\0','tripura','tripura',_binary '',NULL,NULL,'tripura','2005-03-22 00:00:00.000000','puja@saha.com',_binary '','Puja','Female',NULL,NULL,'Saha',NULL,NULL,'','9595831356',_binary '','560095',200051,'tripura',1,16,33),
(52,'',_binary '\0','tripura','tripura',_binary '',NULL,NULL,'tripura','2006-01-16 00:00:00.000000','rima@begum.com',_binary '','Rima','Female',NULL,NULL,'Begum',NULL,NULL,'','9814628178',_binary '','560075',200052,'tripura',1,16,33),
(53,'',_binary '\0','Maharastra','Maharastra',_binary '',NULL,NULL,'Maharastra','2010-03-04 00:00:00.000000','pranjal@somnathvhanna.com',_binary '','Pranjal','Female',NULL,NULL,'Somnath Vhanna',NULL,NULL,'','9874563210',_binary '','560075',200053,'Maharastra',1,10,21),
(54,'',_binary '\0','Goa','Goa',_binary '',NULL,NULL,'Goa','2012-08-10 00:00:00.000000','niral@maheshwadekar.com',_binary '','Niral','Female',NULL,NULL,'Mahesh Wadekar',NULL,NULL,'','9874563210',_binary '','560075',200054,'Goa',1,4,10),
(55,'',_binary '\0','Goa','Goa',_binary '',NULL,NULL,'Goa','2006-07-28 00:00:00.000000','farzeen@zakati.com',_binary '','Farzeen','Female',NULL,NULL,'Zakati',NULL,NULL,'','9874563210',_binary '','560075',200055,'Goa',1,4,10),
(56,'',_binary '\0','Maharastra','Maharastra',_binary '',NULL,NULL,'Maharastra','2012-10-28 00:00:00.000000','devanshi@nagrajwakale.com',_binary '','Devanshi','Female',NULL,NULL,'Nagraj Wakale',NULL,NULL,'','9874563210',_binary '','560075',200056,'Maharastra',1,10,21),
(57,'',_binary '\0','Tamilnadu','Tamilnadu',_binary '',NULL,NULL,'Tamilnadu','2008-02-17 00:00:00.000000','navya@sh.com',_binary '','Navya','Female',NULL,NULL,'SH',NULL,NULL,'','9874563210',_binary '','560075',200057,'Tamilnadu',1,15,31),
(58,'',_binary '\0','Maharastra','Maharastra',_binary '',NULL,NULL,'Maharastra','2007-08-18 00:00:00.000000','rudrakshi@pankajbhave.com',_binary '','Rudrakshi','Female',NULL,NULL,'Pankaj Bhave',NULL,NULL,'','9874563210',_binary '','560075',200058,'Maharastra',1,10,21),
(59,'',_binary '\0','Maharastra','Maharastra',_binary '',NULL,NULL,'Maharastra','2006-12-26 00:00:00.000000','sejal@sunilsutar.com',_binary '','Sejal','Female',NULL,NULL,'Sunil Sutar',NULL,NULL,'','9874563210',_binary '','560075',200059,'Maharastra',1,10,21),
(60,'',_binary '\0','Goa','Goa',_binary '',NULL,NULL,'Goa','2008-08-24 00:00:00.000000','aashnee@bhatsarmalkar.com',_binary '','Aashnee ','Female',NULL,NULL,'Bhat Sarmalkar',NULL,NULL,'','9831977507',_binary '','560075',200060,'Goa',1,4,10),
(61,'',_binary '\0','Haryana','Haryana',_binary '',NULL,NULL,'Haryana','2011-08-31 00:00:00.000000','prerna@12.com',_binary '','Prerna','Female',NULL,NULL,'  ',NULL,NULL,'','9831977507',_binary '','560089',200061,'Haryana',1,6,13),
(62,'',_binary '\0','tripura','tripura',_binary '',NULL,NULL,'tripura','2007-10-29 00:00:00.000000','som@priyadeb.com',_binary '','Som','Female',NULL,NULL,'Priya Deb',NULL,NULL,'','9831977507',_binary '','560078',200062,'tripura',1,16,33),
(63,'',_binary '\0','tripura','tripura',_binary '',NULL,NULL,'tripura','2007-04-30 00:00:00.000000','supriya@devnath.com',_binary '','Supriya','Female',NULL,NULL,'Debnath',NULL,NULL,'','9831977507',_binary '','560075',200063,'tripura',1,16,33),
(64,'',_binary '\0','Madya pradesh','Madya pradesh',_binary '',NULL,NULL,'Madya pradesh','2007-12-08 00:00:00.000000','nishitha@godbole.com',_binary '','Nishitha','Female',NULL,NULL,'Godbole',NULL,NULL,'','9874563210',_binary '','560075',200064,'Madya pradesh',1,9,20),
(65,'',_binary '\0','Madya pradesh','Madya pradesh',_binary '',NULL,NULL,'Madya pradesh','2007-11-10 00:00:00.000000','riya@12.com',_binary '','Riya','Female',NULL,NULL,'  ',NULL,NULL,'','9874563210',_binary '','560075',200065,'Madya pradesh',1,9,20),
(66,'',_binary '\0','Rajasthan','Rajasthan',_binary '',NULL,NULL,'Rajasthan','2005-02-01 00:00:00.000000','tamanna@12.com',_binary '','Tamanna','Female',NULL,NULL,'  ',NULL,NULL,'','9874563210',_binary '','560075',200066,'Rajasthan',1,14,29),
(67,'',_binary '\0','Rajasthan','Rajasthan',_binary '',NULL,NULL,'Rajasthan','2004-11-23 00:00:00.000000','cheshta@12.com',_binary '','Cheshta','Female',NULL,NULL,'  ',NULL,NULL,'','9874563210',_binary '','560075',200067,'Rajasthan',1,14,29),
(68,'',_binary '\0','Jharkhand','Jharkhand',_binary '',NULL,NULL,'Jharkhand','2008-09-25 00:00:00.000000','shreya@bhattacharjee.com',_binary '','Shreya','Female',NULL,NULL,'Bhattacharjee',NULL,NULL,'','9874563210',_binary '','560075',200068,'Jharkhand',1,7,15),
(69,'',_binary '\0','Jharkhand','Jharkhand',_binary '',NULL,NULL,'Jharkhand','2009-12-16 00:00:00.000000','naisha@sarkar.com',_binary '','Naisha','Female',NULL,NULL,'Sarkar',NULL,NULL,'','9874563210',_binary '','560075',200069,'Jharkhand',1,7,15),
(70,'',_binary '\0','Tamilnadu','Tamilnadu',_binary '',NULL,NULL,'Tamilnadu','2008-08-08 00:00:00.000000','dharshini@m.com',_binary '','Dharshini','Female',NULL,NULL,'M.',NULL,NULL,'','9874563210',_binary '','560075',200070,'Tamilnadu',1,15,31),
(71,'',_binary '\0','Tamilnadu','Tamilnadu',_binary '',NULL,NULL,'Tamilnadu','2008-10-09 00:00:00.000000','oviyea@c.com',_binary '','Oviyea','Female',NULL,NULL,'C.',NULL,NULL,'','9874563210',_binary '','560075',200071,'Tamilnadu',1,15,31),
(72,'',_binary '\0','Maharastra','Maharastra',_binary '',NULL,NULL,'Maharastra','2010-08-06 00:00:00.000000','vaidehi@rupeshmayekar.com',_binary '','Vaidehi','Female',NULL,NULL,'Rupesh Mayekar',NULL,NULL,'','9874563210',_binary '','560075',200072,'Maharastra',1,10,21),
(73,'',_binary '\0','Maharastra','Maharastra',_binary '',NULL,NULL,'Maharastra','2008-11-28 00:00:00.000000','yuganka@kishorrajam.com',_binary '','Yuganka','Female',NULL,NULL,'Kishor Rajam',NULL,NULL,'','9874563210',_binary '','560075',200073,'Maharastra',1,10,21),
(74,'',_binary '\0','Haryana','Haryana',_binary '',NULL,NULL,'Haryana','2009-05-26 00:00:00.000000','karuna@12.com',_binary '','Karuna','Female',NULL,NULL,'  ',NULL,NULL,'','9831977507',_binary '','560089',200074,'Haryana',1,6,13),
(75,'',_binary '\0','Haryana','Haryana',_binary '',NULL,NULL,'Haryana','2010-08-31 00:00:00.000000','lavanya@12.com',_binary '','Lavanya','Female',NULL,NULL,'  ',NULL,NULL,'','9835550587',_binary '','560087',200075,'Haryana',1,6,13),
(76,'',_binary '\0','Maharastra','Maharastra',_binary '',NULL,NULL,'Maharastra','2007-03-28 00:00:00.000000','swara@sandeepgujar.com',_binary '','Swara','Female',NULL,NULL,'Sandeep Gujar',NULL,NULL,'','9874563210',_binary '','560075',200076,'Maharastra',1,10,21),
(77,'',_binary '\0','Maharastra','Maharastra',_binary '',NULL,NULL,'Maharastra','2007-12-15 00:00:00.000000','geeta@sarangShinde.com',_binary '','Geeta','Female',NULL,NULL,'Sarang Shinde',NULL,NULL,'','9874563210',_binary '','560075',200077,'Maharastra',1,10,21),
(78,'',_binary '\0','Delhi','Delhi',_binary '',NULL,NULL,'Delhi','2011-02-11 00:00:00.000000','vaishnavi@kumari.com',_binary '','Vaishnavi','Female',NULL,NULL,'Kumari',NULL,NULL,'','9874563210',_binary '','560075',200078,'Delhi',1,3,9),
(79,'',_binary '\0','Delhi','Delhi',_binary '',NULL,NULL,'Delhi','2009-05-04 00:00:00.000000','afifa@arshad.com',_binary '','Afifa','Female',NULL,NULL,'Arshad',NULL,NULL,'','9874563210',_binary '','560075',200079,'Delhi',1,3,9),
(80,'',_binary '\0','Karnataka','Karnataka',_binary '',NULL,NULL,'Karnataka','2008-08-08 00:00:00.000000','neha@vkoorse.com',_binary '','Neha ','Female',NULL,NULL,'V Koorse',NULL,NULL,'','9874563210',_binary '','560075',200080,'Karnataka',1,8,16),
(81,'',_binary '\0','Karnataka','Karnataka',_binary '',NULL,NULL,'Karnataka','2009-02-18 00:00:00.000000','niharika@r.com',_binary '','Niharika','Female',NULL,NULL,'R.',NULL,NULL,'','9874563210',_binary '','560075',200081,'Karnataka',1,8,16),
(82,'',_binary '\0','Tamilnadu','Tamilnadu',_binary '',NULL,NULL,'Tamilnadu','2006-05-02 00:00:00.000000','shivani@d.com',_binary '','Shivani','Female',NULL,NULL,'D.',NULL,NULL,'','9874563210',_binary '','560075',200082,'Tamilnadu',1,15,31),
(83,'',_binary '\0','Tamilnadu','Tamilnadu',_binary '',NULL,NULL,'Tamilnadu','2006-03-11 00:00:00.000000','theejha@aswinit.com',_binary '','Theejha','Female',NULL,NULL,'Aswini T',NULL,NULL,'','9874563210',_binary '','560075',200083,'Tamilnadu',1,15,31),
(84,'',_binary '\0','Goa','Goa',_binary '',NULL,NULL,'Goa','2011-06-14 00:00:00.000000','yashica@chevli.com',_binary '','Yashica','Female',NULL,NULL,'Chevli',NULL,NULL,'','9874563210',_binary '','560075',200084,'Goa',1,4,10),
(85,'',_binary '\0','Goa','Goa',_binary '',NULL,NULL,'Goa','2011-04-14 00:00:00.000000','manaswi@das.com',_binary '','Manaswi','Female',NULL,NULL,'Das',NULL,NULL,'','9874563210',_binary '','560075',200085,'Goa',1,4,10),
(86,'',_binary '\0','Haryana','Haryana',_binary '',NULL,NULL,'Haryana','2005-01-29 00:00:00.000000','kajal@12.com',_binary '','Kajal','Female',NULL,NULL,'  ',NULL,NULL,'','9814628178',_binary '','560087',200086,'Haryana',1,6,13),
(87,'',_binary '\0','Haryana','Haryana',_binary '',NULL,NULL,'Haryana','2005-12-13 00:00:00.000000','kafi@12.com',_binary '','kafi','Female',NULL,NULL,'  ',NULL,NULL,'','9835550587',_binary '','560075',200087,'Haryana',1,6,13),
(88,'',_binary '\0','Haryana','Haryana',_binary '',NULL,NULL,'Haryana','2007-10-05 00:00:00.000000','srishti@12.com',_binary '','Srishti','Female',NULL,NULL,'   ',NULL,NULL,'','9814628178',_binary '','560075',200088,'Haryana',1,6,13),
(89,'',_binary '\0','Haryana','Haryana',_binary '',NULL,NULL,'Haryana','2006-09-05 00:00:00.000000','arnav@12.com',_binary '','Arnav','Male',NULL,NULL,'  ',NULL,NULL,'','9814628178',_binary '','560075',200089,'Haryana',1,6,13),
(90,'',_binary '\0','Haryana','Haryana',_binary '',NULL,NULL,'Haryana','2008-09-30 00:00:00.000000','parth@saini.com',_binary '','Parth','Male',NULL,NULL,'Saini',NULL,NULL,'','9752591903',_binary '','560075',200090,'Haryana',1,6,13);
*/

/* Teams 
   Sequence to be populated */

/*INSERT INTO `participant_teams`
(id,chest_number,created_time,different_asanas_for_participants,final_score,gender,last_modified_time,name,penalty,sequence_number,status,asana_category_id,age_category_id,championship_id,created_by,last_modified_by)
VALUES
(1,'TRUEM001','2022-05-27 13:40:55.584000',_binary '\0',NULL,'Male',NULL,'Traditional Single Male 1',NULL,1,0,1,1,1,1,NULL),
(2,'TRUEM002','2022-05-27 13:40:55.584000',_binary '\0',NULL,'Male',NULL,'Traditional Single Male 2',NULL,2,0,1,1,1,1,NULL),
(3,'TRUEM003','2022-05-27 13:40:55.584000',_binary '\0',NULL,'Male',NULL,'Traditional Single Male 3',NULL,3,0,1,1,1,1,NULL),
(4,'TRUEM004','2022-05-27 13:40:55.584000',_binary '\0',NULL,'Male',NULL,'Traditional Single Male 4',NULL,4,0,1,1,1,1,NULL),
(5,'TRUEM005','2022-05-27 13:40:55.584000',_binary '\0',NULL,'Male',NULL,'Traditional Single Male 5',NULL,5,0,1,1,1,1,NULL),
(6,'TRUEM006','2022-05-27 13:40:55.584000',_binary '\0',NULL,'Male',NULL,'Traditional Single Male 6',NULL,6,0,1,1,1,1,NULL),
(7,'TRUEM007','2022-05-27 13:40:55.584000',_binary '\0',NULL,'Male',NULL,'Traditional Single Male 7',NULL,7,0,1,1,1,1,NULL),
(8,'TRUEM008','2022-05-27 13:40:55.584000',_binary '\0',NULL,'Male',NULL,'Traditional Single Male 8',NULL,8,0,1,1,1,1,NULL),
(9,'TRUEM009','2022-05-27 13:40:55.584000',_binary '\0',NULL,'Male',NULL,'Traditional Single Male 9',NULL,9,0,1,1,1,1,NULL),
(10,'TRUEM010','2022-05-27 13:40:55.584000',_binary '\0',NULL,'Male',NULL,'Traditional Single Male 10',NULL,10,0,1,1,1,1,NULL),

(11,'TRUEF001','2022-05-27 13:40:55.584000',_binary '\0',NULL,'Female',NULL,'Traditional Single Female 1',NULL,1,0,1,1,1,1,NULL),
(12,'TRUEF002','2022-05-27 13:40:55.584000',_binary '\0',NULL,'Female',NULL,'Traditional Single Female 2',NULL,2,0,1,1,1,1,NULL),
(13,'TRUEF003','2022-05-27 13:40:55.584000',_binary '\0',NULL,'Female',NULL,'Traditional Single Female 3',NULL,3,0,1,1,1,1,NULL),
(14,'TRUEF004','2022-05-27 13:40:55.584000',_binary '\0',NULL,'Female',NULL,'Traditional Single Female 4',NULL,4,0,1,1,1,1,NULL),
(15,'TRUEF005','2022-05-27 13:40:55.584000',_binary '\0',NULL,'Female',NULL,'Traditional Single Female 5',NULL,5,0,1,1,1,1,NULL),
(16,'TRUEF006','2022-05-27 13:40:55.584000',_binary '\0',NULL,'Female',NULL,'Traditional Single Female 6',NULL,6,0,1,1,1,1,NULL),
(17,'TRUEF007','2022-05-27 13:40:55.584000',_binary '\0',NULL,'Female',NULL,'Traditional Single Female 7',NULL,7,0,1,1,1,1,NULL),
(18,'TRUEF008','2022-05-27 13:40:55.584000',_binary '\0',NULL,'Female',NULL,'Traditional Single Female 8',NULL,8,0,1,1,1,1,NULL),
(19,'TRUEF009','2022-05-27 13:40:55.584000',_binary '\0',NULL,'Female',NULL,'Traditional Single Female 9',NULL,9,0,1,1,1,1,NULL),
(20,'TRUEF0010','2022-06-01 15:23:17.129000',_binary '\0',NULL,'Female','2022-06-01 15:27:23.862000','Traditional Single Female 10',NULL,10,0,1,1,1,1,1),

(21,'ASUEM001','2022-05-27 13:40:55.584000',_binary '\0',NULL,'Male',NULL,'Artistic Single Male 1',NULL,1,0,2,1,1,1,NULL),
(22,'ASUEM002','2022-05-27 13:40:55.584000',_binary '\0',NULL,'Male',NULL,'Artistic Single Male 2',NULL,2,0,2,1,1,1,NULL),
(23,'ASUEM003','2022-05-27 13:40:55.584000',_binary '\0',NULL,'Male',NULL,'Artistic Single Male 3',NULL,3,0,2,1,1,1,NULL),
(24,'ASUEM004','2022-05-27 13:40:55.584000',_binary '\0',NULL,'Male',NULL,'Artistic Single Male 4',NULL,4,0,2,1,1,1,NULL),
(25,'ASUEM005','2022-05-27 13:40:55.584000',_binary '\0',NULL,'Male',NULL,'Artistic Single Male 5',NULL,5,0,2,1,1,1,NULL),
(26,'ASUEM006','2022-05-27 13:40:55.584000',_binary '\0',NULL,'Male',NULL,'Artistic Single Male 6',NULL,6,0,2,1,1,1,NULL),
(27,'ASUEM007','2022-05-27 13:40:55.584000',_binary '\0',NULL,'Male',NULL,'Artistic Single Male 7',NULL,7,0,2,1,1,1,NULL),
(28,'ASUEM008','2022-05-27 13:40:55.584000',_binary '\0',NULL,'Male',NULL,'Artistic Single Male 8',NULL,8,0,2,1,1,1,NULL),
(29,'ASUEM009','2022-05-27 13:40:55.584000',_binary '\0',NULL,'Male',NULL,'Artistic Single Male 9',NULL,9,0,2,1,1,1,NULL),
(30,'ASUEM010','2022-05-27 13:40:55.584000',_binary '\0',NULL,'Male',NULL,'Artistic Single Male 10',NULL,10,0,2,1,1,1,NULL),
(31,'ASUEM011','2022-05-27 13:40:55.584000',_binary '\0',NULL,'Male',NULL,'Artistic Single Male 11',NULL,11,0,2,1,1,1,NULL),

(32,'ASUEF001','2022-05-27 13:40:55.584000',_binary '\0',NULL,'Female',NULL,'Artistic Single Female 1',NULL,1,0,2,1,1,1,NULL),
(33,'ASUEF002','2022-05-27 13:40:55.584000',_binary '\0',NULL,'Female',NULL,'Artistic Single Female 2',NULL,2,0,2,1,1,1,NULL),
(34,'ASUEF003','2022-05-27 13:40:55.584000',_binary '\0',NULL,'Female',NULL,'Artistic Single Female 3',NULL,3,0,2,1,1,1,NULL),
(35,'ASUEF004','2022-05-27 13:40:55.584000',_binary '\0',NULL,'Female',NULL,'Artistic Single Female 4',NULL,4,0,2,1,1,1,NULL),
(36,'ASUEF005','2022-05-27 13:40:55.584000',_binary '\0',NULL,'Female',NULL,'Artistic Single Female 5',NULL,5,0,2,1,1,1,NULL),
(37,'ASUEF006','2022-05-27 13:40:55.584000',_binary '\0',NULL,'Female',NULL,'Artistic Single Female 6',NULL,6,0,2,1,1,1,NULL),
(38,'ASUEF007','2022-05-27 13:40:55.584000',_binary '\0',NULL,'Female',NULL,'Artistic Single Female 7',NULL,7,0,2,1,1,1,NULL),
(39,'ASUEF008','2022-05-27 13:40:55.584000',_binary '\0',NULL,'Female',NULL,'Artistic Single Female 8',NULL,8,0,2,1,1,1,NULL),
(40,'ASUEF009','2022-05-27 13:40:55.584000',_binary '\0',NULL,'Female',NULL,'Artistic Single Female 9',NULL,9,0,2,1,1,1,NULL),
(41,'ASUEF010','2022-05-27 13:40:55.584000',_binary '\0',NULL,'Female',NULL,'Artistic Single Female 10',NULL,10,0,2,1,1,1,NULL),
(42,'ASUEF011','2022-05-27 13:40:55.584000',_binary '\0',NULL,'Female',NULL,'Artistic Single Female 11',NULL,11,0,2,1,1,1,NULL),

(43,'APUEM001','2022-05-27 13:40:55.584000',_binary '',NULL,'Male',NULL,'Artistic Pair Male 1',NULL,1,0,3,1,1,1,NULL),
(44,'APUEM002','2022-05-27 13:40:55.584000',_binary '',NULL,'Male',NULL,'Artistic Pair Male 2',NULL,2,0,3,1,1,1,NULL),
(45,'APUEM003','2022-05-27 13:40:55.584000',_binary '',NULL,'Male',NULL,'Artistic Pair Male 3',NULL,3,0,3,1,1,1,NULL),
(46,'APUEM004','2022-05-27 13:40:55.584000',_binary '',NULL,'Male',NULL,'Artistic Pair Male 4',NULL,4,0,3,1,1,1,NULL),
(47,'APUEM005','2022-05-27 13:40:55.584000',_binary '',NULL,'Male',NULL,'Artistic Pair Male 5',NULL,5,0,3,1,1,1,NULL),
(48,'APUEM006','2022-06-01 15:36:29.464000',_binary '',NULL,'Male','2022-06-01 15:37:39.552000','Artistic Pair Male 6',NULL,6,0,3,1,1,1,1),

(49,'APUEF001','2022-05-27 13:40:55.584000',_binary '',NULL,'Female',NULL,'Artistic Pair Female 1',NULL,1,0,3,1,1,1,NULL),
(50,'APUEF002','2022-05-27 13:40:55.584000',_binary '',NULL,'Female',NULL,'Artistic Pair Female 2',NULL,2,0,3,1,1,1,NULL),
(51,'APUEF003','2022-05-27 13:40:55.584000',_binary '',NULL,'Female',NULL,'Artistic Pair Female 3',NULL,3,0,3,1,1,1,NULL),
(52,'APUEF004','2022-05-27 13:40:55.584000',_binary '',NULL,'Female',NULL,'Artistic Pair Female 4',NULL,4,0,3,1,1,1,NULL),
(53,'APUEF005','2022-05-27 13:40:55.584000',_binary '',NULL,'Female',NULL,'Artistic Pair Female 5',NULL,5,0,3,1,1,1,NULL),
(54,'APUEF006','2022-05-27 13:40:55.584000',_binary '',NULL,'Female',NULL,'Artistic Pair Female 6',NULL,6,0,3,1,1,1,NULL),

(55,'RPUEM001','2022-05-27 13:40:55.584000',_binary '\0',NULL,'Male',NULL,'Rhythmic Pair Male 1',NULL,1,0,4,1,1,1,NULL),
(56,'RPUEM002','2022-05-27 13:40:55.584000',_binary '\0',NULL,'Male',NULL,'Rhythmic Pair Male 2',NULL,2,0,4,1,1,1,NULL),
(57,'RPUEM003','2022-05-27 13:40:55.584000',_binary '\0',NULL,'Male',NULL,'Rhythmic Pair Male 3',NULL,3,0,4,1,1,1,NULL),
(58,'RPUEM004','2022-05-27 13:40:55.584000',_binary '\0',NULL,'Male',NULL,'Rhythmic Pair Male 4',NULL,4,0,4,1,1,1,NULL),
(59,'RPUEM005','2022-05-27 13:40:55.584000',_binary '\0',NULL,'Male',NULL,'Rhythmic Pair Male 5',NULL,5,0,4,1,1,1,NULL),
(60,'RPUEM006','2022-05-27 13:40:55.584000',_binary '\0',NULL,'Male',NULL,'Rhythmic Pair Male 6',NULL,6,0,4,1,1,1,NULL),

(61,'RPUEF001','2022-05-27 13:40:55.584000',_binary '\0',NULL,'Female',NULL,'Rhythmic Pair Female 1',NULL,1,0,4,1,1,1,NULL),
(62,'RPUEF002','2022-05-27 13:40:55.584000',_binary '\0',NULL,'Female',NULL,'Rhythmic Pair Female 2',NULL,2,0,4,1,1,1,NULL),
(63,'RPUEF003','2022-05-27 13:40:55.584000',_binary '\0',NULL,'Female',NULL,'Rhythmic Pair Female 3',NULL,3,0,4,1,1,1,NULL),
(64,'RPUEF004','2022-05-27 13:40:55.584000',_binary '\0',NULL,'Female',NULL,'Rhythmic Pair Female 4',NULL,4,0,4,1,1,1,NULL),
(65,'RPUEF005','2022-05-27 13:40:55.584000',_binary '\0',NULL,'Female',NULL,'Rhythmic Pair Female 5',NULL,5,0,4,1,1,1,NULL),
(66,'RPUEF006','2022-05-27 13:40:55.584000',_binary '\0',NULL,'Female',NULL,'Rhythmic Pair Female 6',NULL,6,0,4,1,1,1,NULL),

(67,'AGUEM001','2022-05-27 13:40:55.584000',_binary '\0',NULL,'Male',NULL,'Artistic Group Male 1',NULL,1,0,5,1,1,1,NULL),
(68,'AGUEM002','2022-05-27 13:40:55.584000',_binary '\0',NULL,'Male',NULL,'Artistic Group Male 2',NULL,2,0,5,1,1,1,NULL),
(69,'AGUEM003','2022-05-27 13:40:55.584000',_binary '\0',NULL,'Male',NULL,'Artistic Group Male 3',NULL,3,0,5,1,1,1,NULL),
(70,'AGUEM004','2022-06-01 15:13:41.643000',_binary '\0',NULL,'Male',NULL,'Artistic Group Male 4',NULL,4,0,5,1,1,1,NULL),
(71,'AGUEM005','2022-06-01 15:16:17.773000',_binary '\0',NULL,'Male',NULL,'Artistic Group Male 5',NULL,5,0,5,1,1,1,NULL),

(72,'AGUEF001','2022-05-27 13:40:55.584000',_binary '\0',NULL,'Female',NULL,'Artistic Group Female 1',NULL,1,0,5,1,1,1,NULL),
(73,'AGUEF002','2022-05-27 13:40:55.584000',_binary '\0',NULL,'Female',NULL,'Artistic Group Female 2',NULL,2,0,5,1,1,1,NULL),
(74,'AGUEF003','2022-05-27 13:40:55.584000',_binary '\0',NULL,'Female',NULL,'Artistic Group Female 3',NULL,3,0,5,1,1,1,NULL),
(75,'AGUEF004','2022-06-01 15:19:39.968000',_binary '\0',NULL,'Female',NULL,'Artistic Group Female 4',NULL,4,0,5,1,1,1,NULL); */

/*INSERT INTO `championship_participant_teams`
(id,execution_time,status,championship_rounds_id,participant_teams_id,user_id)
VALUES */
/* Male Tradtional */
/*
(1,NULL,'SCHEDULED', 1,1,NULL), 
(2,NULL,'SCHEDULED', 1,2,NULL),
(3,NULL,'SCHEDULED', 1,3,NULL),
(4,NULL,'SCHEDULED', 1,4,NULL),
(5,NULL,'SCHEDULED', 1,5,NULL),
(6,NULL,'SCHEDULED', 1,6,NULL),
(7,NULL,'SCHEDULED', 1,7,NULL),
(8,NULL,'SCHEDULED', 1,8,NULL),
(9,NULL,'SCHEDULED', 1,9,NULL),
(10,NULL,'SCHEDULED', 1,10,NULL),*/
/* Male AS */
/*(11,NULL,'SCHEDULED', 3,21,NULL),
(12,NULL,'SCHEDULED', 3,22,NULL),
(13,NULL,'SCHEDULED', 3,23,NULL),
(14,NULL,'SCHEDULED', 3,24,NULL),
(15,NULL,'SCHEDULED', 3,25,NULL),
(16,NULL,'SCHEDULED', 3,26,NULL),
(17,NULL,'SCHEDULED', 3,27,NULL),
(18,NULL,'SCHEDULED', 3,28,NULL),
(19,NULL,'SCHEDULED', 3,29,NULL),
(20,NULL,'SCHEDULED', 3,30,NULL),
(21,NULL,'SCHEDULED', 3,31,NULL),*/
/* Male AP */
/*(22,NULL,'SCHEDULED', 4,43,NULL),
(23,NULL,'SCHEDULED', 4,44,NULL),
(24,NULL,'SCHEDULED', 4,45,NULL),
(25,NULL,'SCHEDULED', 4,46,NULL),
(26,NULL,'SCHEDULED', 4,47,NULL),
(27,NULL,'SCHEDULED', 4,48,NULL),*/

/* Male RP */
/*(28,NULL,'SCHEDULED', 5,55,NULL), 
(29,NULL,'SCHEDULED', 5,56,NULL),
(30,NULL,'SCHEDULED', 5,57,NULL),
(31,NULL,'SCHEDULED', 5,58,NULL),
(32,NULL,'SCHEDULED', 5,59,NULL),
(33,NULL,'SCHEDULED', 5,60,NULL),*/
/* Male AG */
/*(34,NULL,'SCHEDULED', 6,67,NULL),
(35,NULL,'SCHEDULED', 6,68,NULL),
(36,NULL,'SCHEDULED', 6,69,NULL),
(37,NULL,'SCHEDULED', 6,70,NULL),
(38,NULL,'SCHEDULED', 6,71,NULL),*/


/* Female Tradtional */
/*(41,NULL,'SCHEDULED', 7,11,NULL), 
(42,NULL,'SCHEDULED', 7,12,NULL),
(43,NULL,'SCHEDULED', 7,13,NULL),
(44,NULL,'SCHEDULED', 7,14,NULL),
(45,NULL,'SCHEDULED', 7,15,NULL),
(46,NULL,'SCHEDULED', 7,16,NULL),
(47,NULL,'SCHEDULED', 7,17,NULL),
(48,NULL,'SCHEDULED', 7,18,NULL),
(49,NULL,'SCHEDULED', 7,19,NULL),
(50,NULL,'SCHEDULED', 7,20,NULL),*/

/* female AS */
/*(51,NULL,'SCHEDULED', 9,32,NULL),
(52,NULL,'SCHEDULED', 9,33,NULL),
(53,NULL,'SCHEDULED', 9,34,NULL),
(54,NULL,'SCHEDULED', 9,35,NULL),
(55,NULL,'SCHEDULED', 9,36,NULL),
(56,NULL,'SCHEDULED', 9,37,NULL),
(57,NULL,'SCHEDULED', 9,38,NULL),
(58,NULL,'SCHEDULED', 9,39,NULL),
(59,NULL,'SCHEDULED', 9,40,NULL),
(60,NULL,'SCHEDULED', 9,41,NULL),
(61,NULL,'SCHEDULED', 9,42,NULL),*/
/* Female AP */
/*(62,NULL,'SCHEDULED', 10,49,NULL),
(63,NULL,'SCHEDULED', 10,50,NULL),
(64,NULL,'SCHEDULED', 10,51,NULL),
(65,NULL,'SCHEDULED', 10,52,NULL),
(66,NULL,'SCHEDULED', 10,53,NULL),
(67,NULL,'SCHEDULED', 10,54,NULL),*/
/* Male RP */
/*(68,NULL,'SCHEDULED', 11,61,NULL), 
(69,NULL,'SCHEDULED', 11,62,NULL),
(70,NULL,'SCHEDULED', 11,63,NULL),
(71,NULL,'SCHEDULED', 11,64,NULL),
(72,NULL,'SCHEDULED', 11,65,NULL),
(73,NULL,'SCHEDULED', 11,66,NULL),*/
/* Male AG */
/*(74,NULL,'SCHEDULED', 12,72,NULL),
(75,NULL,'SCHEDULED', 12,73,NULL),
(76,NULL,'SCHEDULED', 12,74,NULL),
(77,NULL,'SCHEDULED', 12,75,NULL);*/


/* Assign Participants to Teams */

/*INSERT INTO `participantteam_participants`(`id`,`sequence_number`,`participant_id`,`participantteam_id`)VALUES 
(1,88,88,20),
(2,89,89,48),
(3,90,90,48),
(4,87,87,75),
(5,86,86,75),
(6,74,74,75),
(7,75,75,75),
(8,45,45,75),
(9,42,42,70),
(10,23,23,70),
(11,43,43,70),
(12,19,19,70),
(13,22,22,70),
(14,21,21,71),
(15,29,29,71),
(16,20,20,71),
(17,28,28,71),
(18,9,9,71),
(19,47,47,72),
(20,76,76,72),
(21,58,58,72),
(22,48,48,72),
(23,77,77,72),
(24,57,57,73),
(25,71,71,73),
(26,70,70,73),
(27,82,82,73),
(28,83,83,73),
(29,54,54,74),
(30,55,55,74),
(31,60,60,74),
(32,84,84,74),
(33,85,85,74),
(34,13,13,67),
(35,42,40,67),
(36,6,6,67),
(37,11,11,67),
(38,2,2,67),
(39,36,36,68),
(40,38,38,68),
(41,39,39,68),
(42,37,37,68),
(43,7,7,68),
(44,31,31,69),
(45,5,5,69),
(46,30,30,69),
(47,18,18,69),
(48,1,1,69),
(49,64,64,49),
(50,65,65,49),
(51,66,66,50),
(52,67,67,50),
(53,68,68,51),
(54,69,69,51),
(55,70,70,52),
(56,71,71,52),
(57,72,72,53),
(58,73,73,53),
(59,74,74,54),
(60,75,75,54),
(61,22,22,43),
(62,23,23,43),
(63,24,24,44),
(64,25,25,44),
(65,26,26,45),
(66,27,27,45),
(67,28,28,46),
(68,29,29,46),
(69,30,30,47),
(70,31,31,47),
(71,53,53,32),
(72,62,62,41),
(73,11,63,42),
(74,54,54,33),
(75,55,55,34),
(76,56,56,35),
(77,57,57,36),
(78,58,58,37),
(79,59,59,38),
(80,60,60,39),
(81,61,61,40),
(93,76,76,61),
(94,77,77,61),
(95,78,78,62),
(96,79,79,62),
(97,80,80,63),
(98,81,81,63),
(99,82,82,64),
(100,83,83,64),
(101,84,84,65),
(102,85,85,65),
(103,86,86,66),
(104,87,87,66),
(105,32,32,55),
(106,33,33,55),
(107,34,34,56),
(108,35,35,56),
(109,36,36,57),
(110,37,37,57),
(111,38,38,58),
(112,39,39,58),
(113,40,40,59),
(114,41,41,59),
(115,42,42,60),
(116,43,43,60),
(117,44,44,11),
(118,45,45,12),
(119,46,46,13),
(120,47,47,14),
(121,48,48,15),
(122,49,49,16),
(123,50,50,17),
(124,51,51,18),
(125,52,52,19),
(126,1,1,1),
(127,10,10,10),
(128,2,2,2),
(129,3,3,3),
(130,4,4,4),
(131,5,5,5),
(132,6,6,6),
(133,7,7,7),
(134,8,8,8),
(135,9,9,9),
(136,11,11,21),
(137,12,12,22),
(138,20,20,30),
(139,21,21,31),
(140,13,13,23),
(141,14,14,24),
(142,15,15,25),
(143,16,16,26),
(144,17,17,27),
(145,18,18,28),
(146,19,19,29);
*/

/* Questions */

/*INSERT INTO `asana_evaluation_questions` (`id`,`common_for_each_participant`,`created_time`,`for_each_asana`,`last_modified_time`,`question`,`reference_marks`,`championship_id`,`championship_category_id`,`created_by`,`last_modified_by`,`role_id`) VALUES (1,_binary '\0','2022-05-26 11:08:14.160000',_binary '','2022-05-26 12:21:20.608000','\r\nAccuracy of Posture - 4 Marks\r\na) Stretch, Bend, Curve, Twist\r\nb) Palm, Toes, Fingers perfection\r\nc) Alignment, symmetry, Tiltness\r\nd) Face Direction\r\n\r\nTime consumed and process followed to reach the final position and reaching back to normal position.\r\nSmooth Movements - 2 Marks\r\na) Smooth movements\r\nb) No Jerks\r\nc) No excess Stretching \r\nd) No supported movements',6,1,1,1,1,3),
(2,_binary '\0','2022-05-26 11:11:06.644000',_binary '','2022-05-26 12:27:51.339000','Stability/ Tremblinglessness -1 Marks\r\na) Hand/ leg muscles stability\r\nb) Abdominal muscles stability\r\nc) Face stability\r\nd) Normal Breathing\r\n\r\nStresslessnes, Grace & Presentation-1 Marks\r\na) Expression (Smile, Eye Position, Closed Mouth)\r\nb) Decent Makeup/ Costume\r\nc) Walking/ Standing/ Greeting\r\nd) Confidence, Calmness',2,1,1,1,1,3),
(3,_binary '\0','2022-05-26 11:08:59.676000',_binary '','2022-05-26 12:27:09.307000','\r\nAccuracy of Posture - 4 Marks\r\na) Stretch, Bend, Curve, Twist\r\nb) Palm, Toes, Fingers perfection\r\nc) Alignment, symmetry, Tiltness\r\nd) Face Direction\r\n\r\nTime consumed and process followed to reach the final \r\nposition and reaching back to normal position.\r\nSmooth Movements - 2 Marks\r\na) Smooth movements\r\nb) No Jerks\r\nc) No excess Stretching \r\nd) No supported movements',6,1,6,1,1,3),
(4,_binary '\0','2022-05-26 11:12:55.137000',_binary '','2022-05-26 12:28:20.014000','Stability/ Tremblinglessness -1 Marks\r\na) Hand/ leg muscles stability\r\nb) Abdominal muscles stability\r\nc) Face stability\r\nd) Normal Breathing\r\n\r\nStresslessnes, Grace & Presentation-1 Marks\r\na) Expression (Smile, Eye Position, Closed Mouth)\r\nb) Decent Makeup/ Costume\r\nc) Walking/ Standing/ Greeting\r\nd) Confidence, Calmness',2,1,6,1,1,3),
(5,_binary '','2022-05-26 11:22:09.431000',_binary '',NULL,'a) 100% holding time is compulsory for athletes.\r\nb) For holding time of 75% and more, the marks will be given as per Annexure I.\r\nc) For holding time less than 75 %, then deduction of 1 mark will be done and athletes has to perform again i.e 2nd attempt.\r\nd) In case of 2nd attempt, for holding time of 75% and more will be given marks as per Annexure II.\r\ne) In 2nd attempt, if the athlete holds less than 75% then penalty will be levied. The marks will be freeze and zero will be displayed for that particular asana',2,1,1,1,NULL,5),
(6,_binary '','2022-05-26 11:22:44.706000',_binary '','2022-05-26 11:22:56.825000','a) 100% holding time is compulsory for athletes.\r\nb) For holding time of 75% and more, the marks will be given as per Annexure I.\r\nc) For holding time less than 75 %, then deduction of 1 mark will be done and athletes has to perform again i.e 2nd attempt.\r\nd) In case of 2nd attempt, for holding time of 75% and more will be given marks as per Annexure II.\r\ne) In 2nd attempt, if the athlete holds less than 75% then penalty will be levied. The marks will be freeze and zero will be displayed for that particular asana',2,1,6,1,1,5),
(7,_binary '','2022-05-26 16:51:57.206000',_binary '','2022-05-26 16:53:16.454000','In sequence?',2,1,1,1,1,6),
(8,_binary '','2022-05-26 16:52:44.640000',_binary '','2022-05-26 16:52:58.928000','In sequence?',2,1,6,1,1,6),
(9,_binary '\0','2022-05-26 12:23:44.702000',_binary '','2022-05-26 12:24:03.083000','Perfection of Posture\r\nAccuracy of Posture - 4 Marks\r\na) Stretch, Bend, Curve, Twist\r\nb) Palm, Toes, Fingers perfection\r\nc) Alignment, symmetry, Tiltness\r\nd) Face Direction\r\n\r\nTime consumed and process followed to reach the final position and reaching back to normal position.\r\nSmooth Movements- 3 Marks\r\na) Smooth movements\r\nb) No Jerks\r\nc) No excess Stretching \r\nd) No supported movements\r\n\r\nStability/ Tremblinglessness - 2 Marks\r\na) Hand/ leg muscles stability\r\nb) Abdominal muscles stability\r\nc) Face stability\r\nd) Normal Breathing\r\n\r\nStresslessnes, Grace & Presentation -1 Marks\r\na) Expression (Smile, Eye Position, Closed Mouth)\r\nb) Decent Makeup/ Costume\r\nc) Walking/ Standing/ Greeting\r\nd) Confidence, Calmness\r\n',10,1,2,1,1,3),
(10,_binary '\0','2022-05-26 12:26:14.359000',_binary '','2022-05-26 12:26:31.996000','Perfection of Posture\r\nAccuracy of Posture - 4 Marks\r\na) Stretch, Bend, Curve, Twist\r\nb) Palm, Toes, Fingers perfection\r\nc) Alignment, symmetry, Tiltness\r\nd) Face Direction\r\n\r\nTime consumed and process followed to reach the final position and reaching back to normal position.\r\nSmooth Movements- 3 Marks\r\na) Smooth movements\r\nb) No Jerks\r\nc) No excess Stretching \r\nd) No supported movements\r\n\r\nStability/ Tremblinglessness - 2 Marks\r\na) Hand/ leg muscles stability\r\nb) Abdominal muscles stability\r\nc) Face stability\r\nd) Normal Breathing\r\n\r\nStresslessnes, Grace & Presentation -1 Marks\r\na) Expression (Smile, Eye Position, Closed Mouth)\r\nb) Decent Makeup/ Costume\r\nc) Walking/ Standing/ Greeting\r\nd) Confidence, Calmness\r\n',10,1,7,1,1,3),
(11,_binary '\0','2022-05-26 11:34:37.379000',_binary '\0','2022-05-26 11:34:50.240000',' Costume',5,1,2,1,1,4),
(12,_binary '\0','2022-05-26 11:36:27.936000',_binary '\0','2022-05-26 11:36:43.100000','Theme, Character & Expression\r\n',10,1,2,1,1,4),
(13,_binary '\0','2022-05-26 11:37:31.902000',_binary '\0','2022-05-26 11:37:41.219000','Rhythm & Music',10,1,2,1,1,4),
(14,_binary '\0','2022-05-26 11:38:14.478000',_binary '\0','2022-05-26 11:38:25.474000','Use of Floor',5,1,2,1,1,4),
(15,_binary '\0','2022-05-26 11:39:04.004000',_binary '\0','2022-05-26 11:39:21.052000','Artistic Steps',10,1,2,1,1,4),
(16,_binary '\0','2022-05-26 11:41:42.228000',_binary '\0','2022-05-26 11:42:00.875000','Costume',5,1,7,1,1,4),
(17,_binary '\0','2022-05-26 11:42:47.155000',_binary '\0','2022-05-26 11:42:59.867000','Theme, Character & Expression\r\n',10,1,7,1,1,4),
(18,_binary '\0','2022-05-26 11:43:37.240000',_binary '\0','2022-05-26 11:43:50.418000','Rhythm & Music',10,1,7,1,1,4),
(19,_binary '\0','2022-05-26 11:44:29.938000',_binary '\0','2022-05-26 11:44:42.447000','Use of Floor',5,1,7,1,1,4),
(20,_binary '\0','2022-05-26 11:45:26.803000',_binary '\0','2022-05-26 11:45:39.083000','Artistic Steps',10,1,7,1,1,4),
(21,_binary '\0','2022-05-26 12:32:32.200000',_binary '\0','2022-05-26 12:32:46.093000','Whole Performance Time (TW)',5,1,2,1,1,5),
(22,_binary '','2022-05-26 12:33:20.449000',_binary '','2022-05-26 12:33:38.005000','Asana Time (TA)\r\n',5,1,2,1,1,5),
(23,_binary '\0','2022-05-26 12:34:13.428000',_binary '\0','2022-05-26 12:34:29.272000','Whole Performance Time (TW)',5,1,7,1,1,5),
(24,_binary '','2022-05-26 12:35:11.649000',_binary '','2022-05-26 12:35:33.935000','Asana Time (TA)',5,1,7,1,1,5),
(25,_binary '','2022-05-26 12:48:58.006000',_binary '','2022-05-26 12:49:11.182000','In sequence?',2,1,2,1,1,6),
(26,_binary '','2022-05-26 12:50:42.474000',_binary '','2022-05-26 12:57:55.931000','In sequence?',2,1,7,1,1,6),
(27,_binary '\0','2022-05-30 16:03:05.342000',_binary '\0',NULL,'Penalty for not covering all categories ',0,1,2,1,NULL,6),
(28,_binary '\0','2022-05-30 16:03:26.811000',_binary '\0',NULL,'Penalty for not covering all categories ',0,1,7,1,NULL,6),
(29,_binary '\0','2022-05-26 13:00:49.147000',_binary '','2022-05-26 13:01:05.404000','Perfection of Posture\r\nAccuracy of Posture - 4 Marks\r\na) Stretch, Bend, Curve, Twist\r\nb) Palm, Toes, Fingers perfection\r\nc) Alignment, symmetry, Tiltness\r\nd) Face Direction\r\n\r\nTime consumed and process followed to reach the final position and reaching back to normal position.\r\nSmooth Movements- 3 Marks\r\na) Smooth movements\r\nb) No Jerks\r\nc) No excess Stretching \r\nd) No supported movements\r\n\r\nStability/ Tremblinglessness - 2 Marks\r\na) Hand/ leg muscles stability\r\nb) Abdominal muscles stability\r\nc) Face stability\r\nd) Normal Breathing\r\n\r\nStresslessnes, Grace & Presentation -1 Marks\r\na) Expression (Smile, Eye Position, Closed Mouth)\r\nb) Decent Makeup/ Costume\r\nc) Walking/ Standing/ Greeting\r\nd) Confidence, Calmness\r\n',10,1,3,1,1,3),
(30,_binary '\0','2022-05-26 13:02:01.060000',_binary '','2022-05-26 13:02:14.974000','Perfection of Posture\r\nAccuracy of Posture - 4 Marks\r\na) Stretch, Bend, Curve, Twist\r\nb) Palm, Toes, Fingers perfection\r\nc) Alignment, symmetry, Tiltness\r\nd) Face Direction\r\n\r\nTime consumed and process followed to reach the final position and reaching back to normal position.\r\nSmooth Movements- 3 Marks\r\na) Smooth movements\r\nb) No Jerks\r\nc) No excess Stretching \r\nd) No supported movements\r\n\r\nStability/ Tremblinglessness - 2 Marks\r\na) Hand/ leg muscles stability\r\nb) Abdominal muscles stability\r\nc) Face stability\r\nd) Normal Breathing\r\n\r\nStresslessnes, Grace & Presentation -1 Marks\r\na) Expression (Smile, Eye Position, Closed Mouth)\r\nb) Decent Makeup/ Costume\r\nc) Walking/ Standing/ Greeting\r\nd) Confidence, Calmness\r\n',10,1,8,1,1,3),
(31,_binary '','2022-05-26 13:03:46.538000',_binary '','2022-05-26 13:04:01.302000','Pyramidal/ Structural/ Set formation',10,1,3,1,1,3),
(32,_binary '','2022-05-26 13:04:44.390000',_binary '','2022-05-26 13:05:01.576000','Pyramidal/ Structural/ Set formation',10,1,8,1,1,3),
(33,_binary '\0','2022-05-26 13:16:34.601000',_binary '\0','2022-05-26 13:19:29.988000','Costume',5,1,3,1,1,4),
(34,_binary '\0','2022-05-26 13:17:08.870000',_binary '\0','2022-05-26 13:19:54.304000','Theme, Character & Expression\r\n',10,1,3,1,1,4),
(35,_binary '\0','2022-05-26 13:17:37.511000',_binary '\0','2022-05-26 13:19:16.246000','Rhythm & Music',10,1,3,1,1,4),
(36,_binary '\0','2022-05-26 13:18:09.609000',_binary '\0','2022-05-26 13:19:02.269000','Use of Floor',5,1,3,1,1,4),
(37,_binary '\0','2022-05-26 13:18:38.611000',_binary '\0','2022-05-26 13:18:50.038000','Artistic Steps',10,1,3,1,1,4),
(38,_binary '\0','2022-05-26 13:20:51.627000',_binary '\0','2022-05-26 13:23:46.986000','Costume',5,1,8,1,1,4),
(39,_binary '\0','2022-05-26 13:21:36.401000',_binary '\0','2022-05-26 13:24:00.585000','Theme, Character & Expression\r\n',10,1,8,1,1,4),
(40,_binary '\0','2022-05-26 13:22:11.559000',_binary '\0','2022-05-26 13:24:12.569000','Rhythm & Music ',10,1,8,1,1,4),
(41,_binary '\0','2022-05-26 13:22:43.641000',_binary '\0','2022-05-26 13:24:26.587000','Use of Floor',5,1,8,1,1,4),
(42,_binary '\0','2022-05-26 13:23:21.173000',_binary '\0','2022-05-26 13:24:41.791000','Artistic Steps',10,1,8,1,1,4),
(43,_binary '\0','2022-05-26 13:26:26.507000',_binary '\0','2022-05-26 13:27:53.958000','Whole Performance Time (TW)',5,1,3,1,1,5),
(44,_binary '','2022-05-26 13:27:13.639000',_binary '','2022-05-26 13:28:09.579000','Asana Time (TA)\r\n',5,1,3,1,1,5),
(45,_binary '\0','2022-05-26 13:28:55.855000',_binary '\0','2022-05-26 13:29:45.595000','Whole Performance Time (TW) ',5,1,8,1,1,5),
(46,_binary '','2022-05-26 13:29:27.466000',_binary '','2022-05-26 13:29:59.777000','Asana Time (TA)',5,1,8,1,1,5),
(47,_binary '','2022-05-26 13:32:59.344000',_binary '','2022-05-26 13:34:11.135000','In sequence?',2,1,3,1,1,6),
(48,_binary '','2022-05-26 13:33:46.681000',_binary '','2022-05-26 13:34:27.552000','In sequence?',2,1,8,1,1,6),
(49,_binary '\0','2022-05-30 16:03:43.959000',_binary '\0',NULL,'Penalty for not covering all categories ',0,1,3,1,NULL,6),
(50,_binary '\0','2022-05-30 16:04:04.932000',_binary '\0',NULL,'Penalty for not covering all categories ',0,1,8,1,NULL,6),
(51,_binary '\0','2022-05-26 13:36:52.073000',_binary '','2022-05-26 13:37:43.010000','Perfection of Posture\r\nAccuracy of Posture - 4 Marks\r\na) Stretch, Bend, Curve, Twist\r\nb) Palm, Toes, Fingers perfection\r\nc) Alignment, symmetry, Tiltness\r\nd) Face Direction\r\n\r\nTime consumed and process followed to reach the final position and reaching back to normal position.\r\nSmooth Movements- 3 Marks\r\na) Smooth movements\r\nb) No Jerks\r\nc) No excess Stretching \r\nd) No supported movements\r\n\r\nStability/ Tremblinglessness - 2 Marks\r\na) Hand/ leg muscles stability\r\nb) Abdominal muscles stability\r\nc) Face stability\r\nd) Normal Breathing\r\n\r\nStresslessnes, Grace & Presentation -1 Marks\r\na) Expression (Smile, Eye Position, Closed Mouth)\r\nb) Decent Makeup/ Costume\r\nc) Walking/ Standing/ Greeting\r\nd) Confidence, Calmness\r\n',10,1,4,1,1,3),
(52,_binary '\0','2022-05-26 13:37:26.169000',_binary '','2022-05-26 13:37:55.945000','Perfection of Posture\r\nAccuracy of Posture - 4 Marks\r\na) Stretch, Bend, Curve, Twist\r\nb) Palm, Toes, Fingers perfection\r\nc) Alignment, symmetry, Tiltness\r\nd) Face Direction\r\n\r\nTime consumed and process followed to reach the final position and reaching back to normal position.\r\nSmooth Movements- 3 Marks\r\na) Smooth movements\r\nb) No Jerks\r\nc) No excess Stretching \r\nd) No supported movements\r\n\r\nStability/ Tremblinglessness - 2 Marks\r\na) Hand/ leg muscles stability\r\nb) Abdominal muscles stability\r\nc) Face stability\r\nd) Normal Breathing\r\n\r\nStresslessnes, Grace & Presentation -1 Marks\r\na) Expression (Smile, Eye Position, Closed Mouth)\r\nb) Decent Makeup/ Costume\r\nc) Walking/ Standing/ Greeting\r\nd) Confidence, Calmness\r\n',10,1,9,1,1,3),
(53,_binary '\0','2022-05-26 13:44:04.138000',_binary '\0','2022-05-26 13:47:18.062000','Costume',2,1,4,1,1,4),
(54,_binary '\0','2022-05-26 13:44:37.456000',_binary '\0','2022-05-26 13:47:28.767000','Theme, Character & Expression',5,1,4,1,1,4),
(55,_binary '\0','2022-05-26 13:45:11.332000',_binary '\0','2022-05-26 13:47:40.667000','Rhythm & Music ',10,1,4,1,1,4),
(56,_binary '\0','2022-05-26 13:45:56.098000',_binary '\0','2022-05-26 13:47:51.719000','Synchronization ',8,1,4,1,1,4),
(57,_binary '\0','2022-05-26 13:46:28.828000',_binary '\0','2022-05-26 13:48:05.488000','Use of Floor',5,1,4,1,1,4),
(58,_binary '\0','2022-05-26 13:46:57.490000',_binary '\0','2022-05-26 13:48:16.674000','Artistic Floor',10,1,4,1,1,4),
(59,_binary '\0','2022-05-26 13:48:57.769000',_binary '\0','2022-05-26 13:51:57.044000','Costume',2,1,9,1,1,4),
(60,_binary '\0','2022-05-26 13:49:31.418000',_binary '\0','2022-05-26 13:53:45.472000','Theme, Character & Expression',5,1,9,1,1,4),
(61,_binary '\0','2022-05-26 13:50:00.274000',_binary '\0','2022-05-26 13:53:56.171000','Rhythm & Music',10,1,9,1,1,4),
(62,_binary '\0','2022-05-26 13:50:37.358000',_binary '\0','2022-05-26 13:54:05.394000','Synchronization',8,1,9,1,1,4),
(63,_binary '\0','2022-05-26 13:51:09.345000',_binary '\0','2022-05-26 13:54:16.757000','Use of Floor',5,1,9,1,1,4),
(64,_binary '\0','2022-05-26 13:51:41.085000',_binary '\0','2022-05-26 13:54:30.856000','Artistic Floor',10,1,9,1,1,4),
(65,_binary '\0','2022-05-26 13:55:26.276000',_binary '\0','2022-05-26 13:57:26.732000','Whole Performance Time (TW)',5,1,4,1,1,5),
(66,_binary '','2022-05-26 13:56:03.299000',_binary '','2022-05-26 13:57:50.211000','Asana Time (TA)\r\n',5,1,4,1,1,5),
(67,_binary '\0','2022-05-26 13:56:43.398000',_binary '\0','2022-05-26 13:58:01.148000','Whole Performance Time (TW)',5,1,9,1,1,5),
(68,_binary '','2022-05-26 13:57:12.652000',_binary '','2022-05-26 13:58:13.429000','Asana Time (TA)\r\n',5,1,9,1,1,5),
(69,_binary '','2022-05-26 13:59:21.652000',_binary '','2022-05-26 14:00:01.528000','In sequence?',2,1,4,1,1,6),
(70,_binary '','2022-05-26 13:59:43.010000',_binary '','2022-05-26 14:00:13.708000','In sequence?',2,1,9,1,1,6),
(71,_binary '\0','2022-05-30 16:04:21.121000',_binary '\0',NULL,'Penalty for not covering all categories ',0,1,4,1,NULL,6),
(72,_binary '\0','2022-05-30 16:04:36.461000',_binary '\0',NULL,'Penalty for not covering all categories ',0,1,9,1,NULL,6),
(73,_binary '','2022-05-26 14:02:25.069000',_binary '','2022-05-26 14:03:38.514000','Perfection of Posture\r\nAccuracy of Posture - 4 Marks\r\na) Stretch, Bend, Curve, Twist\r\nb) Palm, Toes, Fingers perfection\r\nc) Alignment, symmetry, Tiltness\r\nd) Face Direction\r\n\r\nTime consumed and process followed to reach the final position and reaching back to normal position.\r\nSmooth Movements- 3 Marks\r\na) Smooth movements\r\nb) No Jerks\r\nc) No excess Stretching \r\nd) No supported movements\r\n\r\nStability/ Tremblinglessness - 2 Marks\r\na) Hand/ leg muscles stability\r\nb) Abdominal muscles stability\r\nc) Face stability\r\nd) Normal Breathing\r\n\r\nStresslessnes, Grace & Presentation -1 Marks\r\na) Expression (Smile, Eye Position, Closed Mouth)\r\nb) Decent Makeup/ Costume\r\nc) Walking/ Standing/ Greeting\r\nd) Confidence, Calmness\r\n',10,1,5,1,1,3),
(74,_binary '','2022-05-26 14:03:15.751000',_binary '','2022-05-26 14:03:58.377000','Perfection of Posture\r\nAccuracy of Posture - 4 Marks\r\na) Stretch, Bend, Curve, Twist\r\nb) Palm, Toes, Fingers perfection\r\nc) Alignment, symmetry, Tiltness\r\nd) Face Direction\r\n\r\nTime consumed and process followed to reach the final position and reaching back to normal position.\r\nSmooth Movements- 3 Marks\r\na) Smooth movements\r\nb) No Jerks\r\nc) No excess Stretching \r\nd) No supported movements\r\n\r\nStability/ Tremblinglessness - 2 Marks\r\na) Hand/ leg muscles stability\r\nb) Abdominal muscles stability\r\nc) Face stability\r\nd) Normal Breathing\r\n\r\nStresslessnes, Grace & Presentation -1 Marks\r\na) Expression (Smile, Eye Position, Closed Mouth)\r\nb) Decent Makeup/ Costume\r\nc) Walking/ Standing/ Greeting\r\nd) Confidence, Calmness\r\n',10,1,10,1,1,3),
(75,_binary '','2022-05-26 14:09:28.570000',_binary '','2022-05-26 14:10:35.254000','Pyramidal Formation (PF)',10,1,5,1,1,3),
(76,_binary '','2022-05-26 14:10:10.784000',_binary '','2022-05-26 14:10:51.730000','Pyramidal Formation (PF)',10,1,10,1,1,3),
(77,_binary '\0','2022-05-26 14:12:13.687000',_binary '\0','2022-05-26 14:14:58.849000','Costume',5,1,5,1,1,4),
(78,_binary '\0','2022-05-26 14:12:53.609000',_binary '\0','2022-05-26 14:15:14.976000','Theme, Character & Expression',10,1,5,1,1,4),
(79,_binary '\0','2022-05-26 14:13:25.147000',_binary '\0','2022-05-26 14:15:33.307000','Rhythm & Music ',10,1,5,1,1,4),
(80,_binary '\0','2022-05-26 14:14:04.476000',_binary '\0','2022-05-26 14:15:45.389000','Use of Floor',5,1,5,1,1,4),
(81,_binary '\0','2022-05-26 14:14:41.925000',_binary '\0','2022-05-26 14:16:00.898000','Artistic Floor',10,1,5,1,1,4),
(82,_binary '\0','2022-05-26 14:17:06.769000',_binary '\0','2022-05-26 14:19:45.267000','Costume',5,1,10,1,1,4),
(83,_binary '\0','2022-05-26 14:17:45.126000',_binary '\0','2022-05-26 14:19:55.476000','Theme, Character & Expression',10,1,10,1,1,4),
(84,_binary '\0','2022-05-26 14:18:13.272000',_binary '\0','2022-05-26 14:20:05.085000','Rhythm & Music',10,1,10,1,1,4),
(85,_binary '\0','2022-05-26 14:18:48.025000',_binary '\0','2022-05-26 14:20:14.905000','Use of Floor',5,1,10,1,1,4),
(86,_binary '\0','2022-05-26 14:19:19.541000',_binary '\0','2022-05-26 14:20:26.098000','Artistic Floor',10,1,10,1,1,4),
(87,_binary '\0','2022-05-26 14:22:00.118000',_binary '\0','2022-05-26 14:23:18.696000','Whole Performance Time (TW)',5,1,5,1,1,5),
(88,_binary '','2022-05-26 14:23:00.741000',_binary '','2022-05-26 14:23:46.862000','Asana Time (TA)',5,1,5,1,1,5),
(89,_binary '\0','2022-05-26 14:24:14.135000',_binary '\0','2022-05-26 14:25:04.362000','Whole Performance Time (TW)',5,1,10,1,1,5),
(90,_binary '','2022-05-26 14:24:54.089000',_binary '','2022-05-26 14:25:15.292000','Asana Time (TA)\r\n',5,1,10,1,1,5),
(91,_binary '','2022-05-26 14:26:56.086000',_binary '','2022-05-26 14:27:36.454000','In sequence?',2,1,5,1,1,6),
(92,_binary '','2022-05-26 14:27:21.550000',_binary '','2022-05-26 14:27:55.565000','In sequence?',2,1,10,1,1,6),
(93,_binary '\0','2022-05-30 16:04:54.138000',_binary '\0',NULL,'Penalty for not covering all categories ',0,1,5,1,NULL,6),
(94,_binary '\0','2022-05-30 16:05:09.035000',_binary '\0',NULL,'Penalty for not covering all categories ',0,1,10,1,NULL,6);
*/

/* assign compulsary asana's to teams */
/*INSERT INTO `participantteam_asanas` (`asana_code`,`id`,`base_value`,`compulsory`,`round_number`,`sequence_number`,`asana_id`,`participantteam_id`,`participant_team_participants_id`) VALUES
('C ',1,1,1,1,1,256,1,126),
('C ',2,1,1,1,2,98,1,126),
('C ',3,1,1,1,3,141,1,126),
('C ',4,1,1,1,4,261,1,126),
('C ',5,1,1,2,1,78,1,126),
('C ',6,1,1,2,2,263,1,126),

('C ',7,1,1,1,1,256,2,128),
('C ',8,1,1,1,2,98,2,128),
('C ',9,1,1,1,3,141,2,128),
('C ',10,1,1,1,4,261,2,128),
('C ',11,1,1,2,1,78,2,128),
('C ',12,1,1,2,2,263,2,128),

('C ',13,1,1,1,1,256,3,129),
('C ',14,1,1,1,2,98,3,129),
('C ',15,1,1,1,3,141,3,129),
('C ',16,1,1,1,4,261,3,129),
('C ',17,1,1,2,1,78,3,129),
('C ',18,1,1,2,2,263,3,129),

('C ',19,1,1,1,1,256,4,130),
('C ',20,1,1,1,2,98,4,130),
('C ',21,1,1,1,3,141,4,130),
('C ',22,1,1,1,4,261,4,130),
('C ',23,1,1,2,1,78,4,130),
('C ',24,1,1,2,2,263,4,130),

('C ',25,1,1,1,1,256,5,131),
('C ',26,1,1,1,2,98,5,131),
('C ',27,1,1,1,3,141,5,131),
('C ',28,1,1,1,4,261,5,131),
('C ',29,1,1,2,1,78,5,131),
('C ',30,1,1,2,2,263,5,131),

('C ',31,1,1,1,1,256,6,132),
('C ',32,1,1,1,2,98,6,132),
('C ',33,1,1,1,3,141,6,132),
('C ',34,1,1,1,4,261,6,132),
('C ',35,1,1,2,1,78,6,132),
('C ',36,1,1,2,2,263,6,132),

('C ',37,1,1,1,1,256,7,133),
('C ',38,1,1,1,2,98,7,133),
('C ',39,1,1,1,3,141,7,133),
('C ',40,1,1,1,4,261,7,133),
('C ',41,1,1,2,1,78,7,133),
('C ',42,1,1,2,2,263,7,133),

('C ',43,1,1,1,1,256,8,134),
('C ',44,1,1,1,2,98,8,134),
('C ',45,1,1,1,3,141,8,134),
('C ',46,1,1,1,4,261,8,134),
('C ',47,1,1,2,1,78,8,134),
('C ',48,1,1,2,2,263,8,134),

('C ',49,1,1,1,1,256,9,135),
('C ',50,1,1,1,2,98,9,135),
('C ',51,1,1,1,3,141,9,135),
('C ',52,1,1,1,4,261,9,135),
('C ',53,1,1,2,1,78,9,135),
('C ',54,1,1,2,2,263,9,135),

('C ',55,1,1,1,1,256,10,127),
('C ',56,1,1,1,2,98,10,127),
('C ',57,1,1,1,3,141,10,127),
('C ',58,1,1,1,4,261,10,127),
('C ',59,1,1,2,1,78,10,127),
('C ',60,1,1,2,2,263,10,127),

('C ',61,1,1,1,1,259,11,117),
('C ',62,1,1,1,2,257,11,117),
('C ',63,1,1,1,3,252,11,117),
('C ',64,1,1,1,4,267,11,117),
('C ',65,1,1,2,1,98,11,117),
('C ',66,1,1,2,2,281,11,117),

('C ',67,1,1,1,1,259,12,118),
('C ',68,1,1,1,2,257,12,118),
('C ',69,1,1,1,3,252,12,118),
('C ',70,1,1,1,4,267,12,118),
('C ',71,1,1,2,1,98,12,118),
('C ',72,1,1,2,2,281,12,118),

('C ',73,1,1,1,1,259,13,119),
('C ',74,1,1,1,2,257,13,119),
('C ',75,1,1,1,3,252,13,119),
('C ',76,1,1,1,4,267,13,119),
('C ',77,1,1,2,1,98,13,119),
('C ',78,1,1,2,2,281,13,119),

('C ',79,1,1,1,1,259,14,120),
('C ',80,1,1,1,2,257,14,120),
('C ',81,1,1,1,3,252,14,120),
('C ',82,1,1,1,4,267,14,120),
('C ',83,1,1,2,1,98,14,120),
('C ',84,1,1,2,2,281,14,120),

('C ',85,1,1,1,1,259,15,121),
('C ',86,1,1,1,2,257,15,121),
('C ',87,1,1,1,3,252,15,121),
('C ',88,1,1,1,4,267,15,121),
('C ',89,1,1,2,1,98,15,121),
('C ',90,1,1,2,2,281,15,121),

('C ',91,1,1,1,1,259,16,122),
('C ',92,1,1,1,2,257,16,122),
('C ',93,1,1,1,3,252,16,122),
('C ',94,1,1,1,4,267,16,122),
('C ',95,1,1,2,1,98,16,122),
('C ',96,1,1,2,2,281,16,122),

('C ',97,1,1,1,1,259,17,123),
('C ',98,1,1,1,2,257,17,123),
('C ',99,1,1,1,3,252,17,123),
('C ',100,1,1,1,4,267,17,123),
('C ',101,1,1,2,1,98,17,123),
('C ',102,1,1,2,2,281,17,123),

('C ',103,1,1,1,1,259,18,124),
('C ',104,1,1,1,2,257,18,124),
('C ',105,1,1,1,3,252,18,124),
('C ',106,1,1,1,4,267,18,124),
('C ',107,1,1,2,1,98,18,124),
('C ',108,1,1,2,2,281,18,124),

('C ',109,1,1,1,1,259,19,125),
('C ',110,1,1,1,2,257,19,125),
('C ',111,1,1,1,3,252,19,125),
('C ',112,1,1,1,4,267,19,125),
('C ',113,1,1,2,1,98,19,125),
('C ',114,1,1,2,2,281,19,125),

('C ',115,1,1,1,1,259,20,1),
('C ',116,1,1,1,2,257,20,1),
('C ',117,1,1,1,3,252,20,1),
('C ',118,1,1,1,4,267,20,1),
('C ',119,1,1,2,1,98,20,1),
('C ',120,1,1,2,2,281,20,1);*/


/* delete Tradtional asana optional to teams */

/*INSERT INTO `participantteam_asanas` (`id`,`base_value`,`compulsory`,`round_number`,`sequence_number`,`asana_id`,`participantteam_id`,`participant_team_participants_id`) VALUES
(115,0.8,_binary '\0',1,1,3,21,64),
(116,1,_binary '\0',1,2,15,21,64),
(117,0.7,_binary '\0',1,3,237,21,64),
(118,0.8,_binary '\0',1,4,203,21,64),
(119,1,_binary '\0',1,5,210,21,64),
(120,0.7,_binary '\0',1,6,122,21,64),
(121,0.8,_binary '\0',1,7,138,21,64),
(122,0.8,_binary '\0',1,8,158,21,64),
(123,0.9,_binary '\0',1,9,19,21,64),
(124,0.6,_binary '\0',1,10,36,21,64),
(125,0.8,_binary '\0',1,1,3,22,67),
(126,1,_binary '\0',1,2,15,22,67),
(127,0.7,_binary '\0',1,3,237,22,67),
(128,0.8,_binary '\0',1,4,203,22,67),
(129,1,_binary '\0',1,5,210,22,67),
(130,0.7,_binary '\0',1,6,122,22,67),
(131,0.8,_binary '\0',1,7,138,22,67),
(132,0.8,_binary '\0',1,8,158,22,67),
(133,0.9,_binary '\0',1,9,19,22,67),
(134,0.6,_binary '\0',1,10,36,22,67),
(135,0.8,_binary '\0',1,1,3,23,68),
(136,1,_binary '\0',1,2,15,23,68),
(137,0.7,_binary '\0',1,3,237,23,68),
(138,0.8,_binary '\0',1,4,203,23,68),
(139,1,_binary '\0',1,5,210,23,68),
(140,0.7,_binary '\0',1,6,122,23,68),
(141,0.8,_binary '\0',1,7,138,23,68),
(142,0.8,_binary '\0',1,8,158,23,68),
(143,0.9,_binary '\0',1,9,19,23,68),
(144,0.6,_binary '\0',1,10,36,23,68),
(145,0.8,_binary '\0',1,1,3,24,69),
(146,1,_binary '\0',1,2,15,24,69),
(147,0.7,_binary '\0',1,3,237,24,69),
(148,0.8,_binary '\0',1,4,203,24,69),
(149,1,_binary '\0',1,5,210,24,69),
(150,0.7,_binary '\0',1,6,122,24,69),
(151,0.8,_binary '\0',1,7,138,24,69),
(152,0.8,_binary '\0',1,8,158,24,69),
(153,0.9,_binary '\0',1,9,19,24,69),
(154,0.6,_binary '\0',1,10,36,24,69),
(155,0.8,_binary '\0',1,1,3,25,70),
(156,1,_binary '\0',1,2,15,25,70),
(157,0.7,_binary '\0',1,3,237,25,70),
(158,0.8,_binary '\0',1,4,203,25,70),
(159,1,_binary '\0',1,5,210,25,70),
(160,0.7,_binary '\0',1,6,122,25,70),
(161,0.8,_binary '\0',1,7,138,25,70),
(162,0.8,_binary '\0',1,8,158,25,70),
(163,0.9,_binary '\0',1,9,19,25,70),
(164,0.6,_binary '\0',1,10,36,25,70),
(165,0.8,_binary '\0',1,1,3,26,71),
(166,1,_binary '\0',1,2,15,26,71),
(167,0.7,_binary '\0',1,3,237,26,71),
(168,0.8,_binary '\0',1,4,203,26,71),
(169,1,_binary '\0',1,5,210,26,71),
(170,0.7,_binary '\0',1,6,122,26,71),
(171,0.8,_binary '\0',1,7,138,26,71),
(172,0.8,_binary '\0',1,8,158,26,71),
(173,0.9,_binary '\0',1,9,19,26,71),
(174,0.6,_binary '\0',1,10,36,26,71),
(175,0.8,_binary '\0',1,1,3,27,72),
(176,1,_binary '\0',1,2,15,27,72),
(177,0.7,_binary '\0',1,3,237,27,72),
(178,0.8,_binary '\0',1,4,203,27,72),
(179,1,_binary '\0',1,5,210,27,72),
(180,0.7,_binary '\0',1,6,122,27,72),
(181,0.8,_binary '\0',1,7,138,27,72),
(182,0.8,_binary '\0',1,8,158,27,72),
(183,0.9,_binary '\0',1,9,19,27,72),
(184,0.6,_binary '\0',1,10,36,27,72),
(185,0.8,_binary '\0',1,1,3,28,73),
(186,1,_binary '\0',1,2,15,28,73),
(187,0.7,_binary '\0',1,3,237,28,73),
(188,0.8,_binary '\0',1,4,203,28,73),
(189,1,_binary '\0',1,5,210,28,73),
(190,0.7,_binary '\0',1,6,122,28,73),
(191,0.8,_binary '\0',1,7,138,28,73),
(192,0.8,_binary '\0',1,8,158,28,73),
(193,0.9,_binary '\0',1,9,19,28,73),
(194,0.6,_binary '\0',1,10,36,28,73),
(195,0.8,_binary '\0',1,1,3,29,74),
(196,1,_binary '\0',1,2,15,29,74),
(197,0.7,_binary '\0',1,3,237,29,74),
(198,0.8,_binary '\0',1,4,203,29,74),
(199,1,_binary '\0',1,5,210,29,74),
(200,0.7,_binary '\0',1,6,122,29,74),
(201,0.8,_binary '\0',1,7,138,29,74),
(202,0.8,_binary '\0',1,8,158,29,74),
(203,0.9,_binary '\0',1,9,19,29,74),
(204,0.6,_binary '\0',1,10,36,29,74),
(205,0.8,_binary '\0',1,1,3,30,65),
(206,1,_binary '\0',1,2,15,30,65),
(207,0.7,_binary '\0',1,3,237,30,65),
(208,0.8,_binary '\0',1,4,203,30,65),
(209,1,_binary '\0',1,5,210,30,65),
(210,0.7,_binary '\0',1,6,122,30,65),
(211,0.8,_binary '\0',1,7,138,30,65),
(212,0.8,_binary '\0',1,8,158,30,65),
(213,0.9,_binary '\0',1,9,19,30,65),
(214,0.6,_binary '\0',1,10,36,30,65),
(215,0.8,_binary '\0',1,1,3,31,66),
(216,1,_binary '\0',1,2,15,31,66),
(217,0.7,_binary '\0',1,3,237,31,66),
(218,0.8,_binary '\0',1,4,203,31,66),
(219,1,_binary '\0',1,5,210,31,66),
(220,0.7,_binary '\0',1,6,122,31,66),
(221,0.8,_binary '\0',1,7,138,31,66),
(222,0.8,_binary '\0',1,8,158,31,66),
(223,0.9,_binary '\0',1,9,19,31,66),
(224,0.6,_binary '\0',1,10,36,31,66),
(225,0.8,_binary '\0',1,1,3,32,53),
(226,1,_binary '\0',1,2,15,32,53),
(227,0.7,_binary '\0',1,3,237,32,53),
(228,0.8,_binary '\0',1,4,203,32,53),
(229,1,_binary '\0',1,5,210,32,53),
(230,0.7,_binary '\0',1,6,122,32,53),
(231,0.8,_binary '\0',1,7,138,32,53),
(232,0.8,_binary '\0',1,8,158,32,53),
(233,0.9,_binary '\0',1,9,19,32,53),
(234,0.6,_binary '\0',1,10,36,32,53),
(235,0.8,_binary '\0',1,1,3,33,56),
(236,1,_binary '\0',1,2,15,33,56),
(237,0.7,_binary '\0',1,3,237,33,56),
(238,0.8,_binary '\0',1,4,203,33,56),
(239,1,_binary '\0',1,5,210,33,56),
(240,0.7,_binary '\0',1,6,122,33,56),
(241,0.8,_binary '\0',1,7,138,33,56),
(242,0.8,_binary '\0',1,8,158,33,56),
(243,0.9,_binary '\0',1,9,19,33,56),
(244,0.6,_binary '\0',1,10,36,33,56),
(245,0.8,_binary '\0',1,1,3,34,57),
(246,1,_binary '\0',1,2,15,34,57),
(247,0.7,_binary '\0',1,3,237,34,57),
(248,0.8,_binary '\0',1,4,203,34,57),
(249,1,_binary '\0',1,5,210,34,57),
(250,0.7,_binary '\0',1,6,122,34,57),
(251,0.8,_binary '\0',1,7,138,34,57),
(252,0.8,_binary '\0',1,8,158,34,57),
(253,0.9,_binary '\0',1,9,19,34,57),
(254,0.6,_binary '\0',1,10,36,34,57),
(255,0.8,_binary '\0',1,1,3,35,58),
(256,1,_binary '\0',1,2,15,35,58),
(257,0.7,_binary '\0',1,3,237,35,58),
(258,0.8,_binary '\0',1,4,203,35,58),
(259,1,_binary '\0',1,5,210,35,58),
(260,0.7,_binary '\0',1,6,122,35,58),
(261,0.8,_binary '\0',1,7,138,35,58),
(262,0.8,_binary '\0',1,8,158,35,58),
(263,0.9,_binary '\0',1,9,19,35,58),
(264,0.6,_binary '\0',1,10,36,35,58),
(265,0.8,_binary '\0',1,1,3,36,59),
(266,1,_binary '\0',1,2,15,36,59),
(267,0.7,_binary '\0',1,3,237,36,59),
(268,0.8,_binary '\0',1,4,203,36,59),
(269,1,_binary '\0',1,5,210,36,59),
(270,0.7,_binary '\0',1,6,122,36,59),
(271,0.8,_binary '\0',1,7,138,36,59),
(272,0.8,_binary '\0',1,8,158,36,59),
(273,0.9,_binary '\0',1,9,19,36,59),
(274,0.6,_binary '\0',1,10,36,36,59),
(275,0.8,_binary '\0',1,1,3,37,60),
(276,1,_binary '\0',1,2,15,37,60),
(277,0.7,_binary '\0',1,3,237,37,60),
(278,0.8,_binary '\0',1,4,203,37,60),
(279,1,_binary '\0',1,5,210,37,60),
(280,0.7,_binary '\0',1,6,122,37,60),
(281,0.8,_binary '\0',1,7,138,37,60),
(282,0.8,_binary '\0',1,8,158,37,60),
(283,0.9,_binary '\0',1,9,19,37,60),
(284,0.6,_binary '\0',1,10,36,37,60),
(285,0.8,_binary '\0',1,1,3,38,61),
(286,1,_binary '\0',1,2,15,38,61),
(287,0.7,_binary '\0',1,3,237,38,61),
(288,0.8,_binary '\0',1,4,203,38,61),
(289,1,_binary '\0',1,5,210,38,61),
(290,0.7,_binary '\0',1,6,122,38,61),
(291,0.8,_binary '\0',1,7,138,38,61),
(292,0.8,_binary '\0',1,8,158,38,61),
(293,0.9,_binary '\0',1,9,19,38,61),
(294,0.6,_binary '\0',1,10,36,38,61),
(295,0.8,_binary '\0',1,1,3,39,62),
(296,1,_binary '\0',1,2,15,39,62),
(297,0.7,_binary '\0',1,3,237,39,62),
(298,0.8,_binary '\0',1,4,203,39,62),
(299,1,_binary '\0',1,5,210,39,62),
(300,0.7,_binary '\0',1,6,122,39,62),
(301,0.8,_binary '\0',1,7,138,39,62),
(302,0.8,_binary '\0',1,8,158,39,62),
(303,0.9,_binary '\0',1,9,19,39,62),
(304,0.6,_binary '\0',1,10,36,39,62),
(305,0.8,_binary '\0',1,1,3,40,63),
(306,1,_binary '\0',1,2,15,40,63),
(307,0.7,_binary '\0',1,3,237,40,63),
(308,0.8,_binary '\0',1,4,203,40,63),
(309,1,_binary '\0',1,5,210,40,63),
(310,0.7,_binary '\0',1,6,122,40,63),
(311,0.8,_binary '\0',1,7,138,40,63),
(312,0.8,_binary '\0',1,8,158,40,63),
(313,0.9,_binary '\0',1,9,19,40,63),
(314,0.6,_binary '\0',1,10,36,40,63),
(315,0.8,_binary '\0',1,1,3,41,54),
(316,1,_binary '\0',1,2,15,41,54),
(317,0.7,_binary '\0',1,3,237,41,54),
(318,0.8,_binary '\0',1,4,203,41,54),
(319,1,_binary '\0',1,5,210,41,54),
(320,0.7,_binary '\0',1,6,122,41,54),
(321,0.8,_binary '\0',1,7,138,41,54),
(322,0.8,_binary '\0',1,8,158,41,54),
(323,0.9,_binary '\0',1,9,19,41,54),
(324,0.6,_binary '\0',1,10,36,41,54),
(325,0.8,_binary '\0',1,1,3,42,55),
(326,1,_binary '\0',1,2,15,42,55),
(327,0.7,_binary '\0',1,3,237,42,55),
(328,0.8,_binary '\0',1,4,203,42,55),
(329,1,_binary '\0',1,5,210,42,55),
(330,0.7,_binary '\0',1,6,122,42,55),
(331,0.8,_binary '\0',1,7,138,42,55),
(332,0.8,_binary '\0',1,8,158,42,55),
(333,0.9,_binary '\0',1,9,19,42,55),
(334,0.6,_binary '\0',1,10,36,42,55),
(335,0.8,_binary '\0',1,1,3,43,43),
(336,1,_binary '\0',1,2,15,43,43),
(337,0.7,_binary '\0',1,3,237,43,43),
(338,0.8,_binary '\0',1,4,203,43,43),
(339,1,_binary '\0',1,5,210,43,43),
(340,0.7,_binary '\0',1,6,122,43,43),
(341,0.8,_binary '\0',1,7,138,43,43),
(342,0.8,_binary '\0',1,8,158,43,43),
(343,0.9,_binary '\0',1,9,19,43,43),
(344,0.6,_binary '\0',1,10,36,43,43),
(345,0.6,_binary '\0',1,1,51,43,44),
(346,0.8,_binary '\0',1,2,83,43,44),
(347,0.8,_binary '\0',1,3,103,43,44),
(348,0.6,_binary '\0',1,4,106,43,44),
(349,0.6,_binary '\0',1,5,246,43,44),
(350,0.9,_binary '\0',1,6,119,43,44),
(351,0.8,_binary '\0',1,7,143,43,44),
(352,0.7,_binary '\0',1,8,212,43,44),
(353,0.6,_binary '\0',1,9,161,43,44),
(354,0.7,_binary '\0',1,10,132,43,44),
(355,0.8,_binary '\0',1,1,3,44,45),
(356,1,_binary '\0',1,2,15,44,45),
(357,0.7,_binary '\0',1,3,237,44,45),
(358,0.8,_binary '\0',1,4,203,44,45),
(359,1,_binary '\0',1,5,210,44,45),
(360,0.7,_binary '\0',1,6,122,44,45),
(361,0.8,_binary '\0',1,7,138,44,45),
(362,0.8,_binary '\0',1,8,158,44,45),
(363,0.9,_binary '\0',1,9,19,44,45),
(364,0.6,_binary '\0',1,10,36,44,45),
(365,0.6,_binary '\0',1,1,51,44,46),
(366,0.8,_binary '\0',1,2,83,44,46),
(367,0.8,_binary '\0',1,3,103,44,46),
(368,0.6,_binary '\0',1,4,106,44,46),
(369,0.6,_binary '\0',1,5,246,44,46),
(370,0.9,_binary '\0',1,6,119,44,46),
(371,0.8,_binary '\0',1,7,143,44,46),
(372,0.7,_binary '\0',1,8,212,44,46),
(373,0.6,_binary '\0',1,9,161,44,46),
(374,0.7,_binary '\0',1,10,132,44,46),
(375,0.8,_binary '\0',1,1,3,45,47),
(376,1,_binary '\0',1,2,15,45,47),
(377,0.7,_binary '\0',1,3,237,45,47),
(378,0.8,_binary '\0',1,4,203,45,47),
(379,1,_binary '\0',1,5,210,45,47),
(380,0.7,_binary '\0',1,6,122,45,47),
(381,0.8,_binary '\0',1,7,138,45,47),
(382,0.8,_binary '\0',1,8,158,45,47),
(383,0.9,_binary '\0',1,9,19,45,47),
(384,0.6,_binary '\0',1,10,36,45,47),
(385,0.6,_binary '\0',1,1,51,45,48),
(386,0.8,_binary '\0',1,2,83,45,48),
(387,0.8,_binary '\0',1,3,103,45,48),
(388,0.6,_binary '\0',1,4,106,45,48),
(389,0.6,_binary '\0',1,5,246,45,48),
(390,0.9,_binary '\0',1,6,119,45,48),
(391,0.8,_binary '\0',1,7,143,45,48),
(392,0.7,_binary '\0',1,8,212,45,48),
(393,0.6,_binary '\0',1,9,161,45,48),
(394,0.7,_binary '\0',1,10,132,45,48),
(395,0.8,_binary '\0',1,1,3,46,49),
(396,1,_binary '\0',1,2,15,46,49),
(397,0.7,_binary '\0',1,3,237,46,49),
(398,0.8,_binary '\0',1,4,203,46,49),
(399,1,_binary '\0',1,5,210,46,49),
(400,0.7,_binary '\0',1,6,122,46,49),
(401,0.8,_binary '\0',1,7,138,46,49),
(402,0.8,_binary '\0',1,8,158,46,49),
(403,0.9,_binary '\0',1,9,19,46,49),
(404,0.6,_binary '\0',1,10,36,46,49),
(405,0.6,_binary '\0',1,1,51,46,50),
(406,0.8,_binary '\0',1,2,83,46,50),
(407,0.8,_binary '\0',1,3,103,46,50),
(408,0.6,_binary '\0',1,4,106,46,50),
(409,0.6,_binary '\0',1,5,246,46,50),
(410,0.9,_binary '\0',1,6,119,46,50),
(411,0.8,_binary '\0',1,7,143,46,50),
(412,0.7,_binary '\0',1,8,212,46,50),
(413,0.6,_binary '\0',1,9,161,46,50),
(414,0.7,_binary '\0',1,10,132,46,50),
(415,0.8,_binary '\0',1,1,3,47,51),
(416,1,_binary '\0',1,2,15,47,51),
(417,0.7,_binary '\0',1,3,237,47,51),
(418,0.8,_binary '\0',1,4,203,47,51),
(419,1,_binary '\0',1,5,210,47,51),
(420,0.7,_binary '\0',1,6,122,47,51),
(421,0.8,_binary '\0',1,7,138,47,51),
(422,0.8,_binary '\0',1,8,158,47,51),
(423,0.9,_binary '\0',1,9,19,47,51),
(424,0.6,_binary '\0',1,10,36,47,51),
(425,0.6,_binary '\0',1,1,51,47,52),
(426,0.8,_binary '\0',1,2,83,47,52),
(427,0.8,_binary '\0',1,3,103,47,52),
(428,0.6,_binary '\0',1,4,106,47,52),
(429,0.6,_binary '\0',1,5,246,47,52),
(430,0.9,_binary '\0',1,6,119,47,52),
(431,0.8,_binary '\0',1,7,143,47,52),
(432,0.7,_binary '\0',1,8,212,47,52),
(433,0.6,_binary '\0',1,9,161,47,52),
(434,0.7,_binary '\0',1,10,132,47,52),
(435,0.8,_binary '\0',1,1,3,61,87),
(436,1,_binary '\0',1,2,15,61,87),
(437,0.7,_binary '\0',1,3,237,61,87),
(438,0.8,_binary '\0',1,4,203,61,87),
(439,1,_binary '\0',1,5,210,61,87),
(440,0.7,_binary '\0',1,6,122,61,87),
(441,0.8,_binary '\0',1,7,138,61,87),
(442,0.8,_binary '\0',1,8,158,61,87),
(443,0.9,_binary '\0',1,9,19,61,87),
(444,0.6,_binary '\0',1,10,36,61,87),
(445,0.8,_binary '\0',1,1,3,61,88),
(446,1,_binary '\0',1,2,15,61,88),
(447,0.7,_binary '\0',1,3,237,61,88),
(448,0.8,_binary '\0',1,4,203,61,88),
(449,1,_binary '\0',1,5,210,61,88),
(450,0.7,_binary '\0',1,6,122,61,88),
(451,0.8,_binary '\0',1,7,138,61,88),
(452,0.8,_binary '\0',1,8,158,61,88),
(453,0.9,_binary '\0',1,9,19,61,88),
(454,0.6,_binary '\0',1,10,36,61,88),
(455,0.8,_binary '\0',1,1,3,62,89),
(456,1,_binary '\0',1,2,15,62,89),
(457,0.7,_binary '\0',1,3,237,62,89),
(458,0.8,_binary '\0',1,4,203,62,89),
(459,1,_binary '\0',1,5,210,62,89),
(460,0.7,_binary '\0',1,6,122,62,89),
(461,0.8,_binary '\0',1,7,138,62,89),
(462,0.8,_binary '\0',1,8,158,62,89),
(463,0.9,_binary '\0',1,9,19,62,89),
(464,0.6,_binary '\0',1,10,36,62,89),
(465,0.8,_binary '\0',1,1,3,62,90),
(466,1,_binary '\0',1,2,15,62,90),
(467,0.7,_binary '\0',1,3,237,62,90),
(468,0.8,_binary '\0',1,4,203,62,90),
(469,1,_binary '\0',1,5,210,62,90),
(470,0.7,_binary '\0',1,6,122,62,90),
(471,0.8,_binary '\0',1,7,138,62,90),
(472,0.8,_binary '\0',1,8,158,62,90),
(473,0.9,_binary '\0',1,9,19,62,90),
(474,0.6,_binary '\0',1,10,36,62,90),
(475,0.8,_binary '\0',1,1,3,63,91),
(476,1,_binary '\0',1,2,15,63,91),
(477,0.7,_binary '\0',1,3,237,63,91),
(478,0.8,_binary '\0',1,4,203,63,91),
(479,1,_binary '\0',1,5,210,63,91),
(480,0.7,_binary '\0',1,6,122,63,91),
(481,0.8,_binary '\0',1,7,138,63,91),
(482,0.8,_binary '\0',1,8,158,63,91),
(483,0.9,_binary '\0',1,9,19,63,91),
(484,0.6,_binary '\0',1,10,36,63,91),
(485,0.8,_binary '\0',1,1,3,63,92),
(486,1,_binary '\0',1,2,15,63,92),
(487,0.7,_binary '\0',1,3,237,63,92),
(488,0.8,_binary '\0',1,4,203,63,92),
(489,1,_binary '\0',1,5,210,63,92),
(490,0.7,_binary '\0',1,6,122,63,92),
(491,0.8,_binary '\0',1,7,138,63,92),
(492,0.8,_binary '\0',1,8,158,63,92),
(493,0.9,_binary '\0',1,9,19,63,92),
(494,0.6,_binary '\0',1,10,36,63,92),
(495,0.8,_binary '\0',1,1,3,64,93),
(496,1,_binary '\0',1,2,15,64,93),
(497,0.7,_binary '\0',1,3,237,64,93),
(498,0.8,_binary '\0',1,4,203,64,93),
(499,1,_binary '\0',1,5,210,64,93),
(500,0.7,_binary '\0',1,6,122,64,93),
(501,0.8,_binary '\0',1,7,138,64,93),
(502,0.8,_binary '\0',1,8,158,64,93),
(503,0.9,_binary '\0',1,9,19,64,93),
(504,0.6,_binary '\0',1,10,36,64,93),
(505,0.8,_binary '\0',1,1,3,64,94),
(506,1,_binary '\0',1,2,15,64,94),
(507,0.7,_binary '\0',1,3,237,64,94),
(508,0.8,_binary '\0',1,4,203,64,94),
(509,1,_binary '\0',1,5,210,64,94),
(510,0.7,_binary '\0',1,6,122,64,94),
(511,0.8,_binary '\0',1,7,138,64,94),
(512,0.8,_binary '\0',1,8,158,64,94),
(513,0.9,_binary '\0',1,9,19,64,94),
(514,0.6,_binary '\0',1,10,36,64,94),
(515,0.8,_binary '\0',1,1,3,65,95),
(516,1,_binary '\0',1,2,15,65,95),
(517,0.7,_binary '\0',1,3,237,65,95),
(518,0.8,_binary '\0',1,4,203,65,95),
(519,1,_binary '\0',1,5,210,65,95),
(520,0.7,_binary '\0',1,6,122,65,95),
(521,0.8,_binary '\0',1,7,138,65,95),
(522,0.8,_binary '\0',1,8,158,65,95),
(523,0.9,_binary '\0',1,9,19,65,95),
(524,0.6,_binary '\0',1,10,36,65,95),
(525,0.8,_binary '\0',1,1,3,65,96),
(526,1,_binary '\0',1,2,15,65,96),
(527,0.7,_binary '\0',1,3,237,65,96),
(528,0.8,_binary '\0',1,4,203,65,96),
(529,1,_binary '\0',1,5,210,65,96),
(530,0.7,_binary '\0',1,6,122,65,96),
(531,0.8,_binary '\0',1,7,138,65,96),
(532,0.8,_binary '\0',1,8,158,65,96),
(533,0.9,_binary '\0',1,9,19,65,96),
(534,0.6,_binary '\0',1,10,36,65,96),
(535,0.8,_binary '\0',1,1,3,66,97),
(536,1,_binary '\0',1,2,15,66,97),
(537,0.7,_binary '\0',1,3,237,66,97),
(538,0.8,_binary '\0',1,4,203,66,97),
(539,1,_binary '\0',1,5,210,66,97),
(540,0.7,_binary '\0',1,6,122,66,97),
(541,0.8,_binary '\0',1,7,138,66,97),
(542,0.8,_binary '\0',1,8,158,66,97),
(543,0.9,_binary '\0',1,9,19,66,97),
(544,0.6,_binary '\0',1,10,36,66,97),
(545,0.8,_binary '\0',1,1,3,66,98),
(546,1,_binary '\0',1,2,15,66,98),
(547,0.7,_binary '\0',1,3,237,66,98),
(548,0.8,_binary '\0',1,4,203,66,98),
(549,1,_binary '\0',1,5,210,66,98),
(550,0.7,_binary '\0',1,6,122,66,98),
(551,0.8,_binary '\0',1,7,138,66,98),
(552,0.8,_binary '\0',1,8,158,66,98),
(553,0.9,_binary '\0',1,9,19,66,98),
(554,0.6,_binary '\0',1,10,36,66,98),
(555,1,_binary '\0',1,1,284,81,16),
(556,1,_binary '\0',1,2,285,81,16),
(557,1,_binary '\0',1,3,286,81,16),
(558,1,_binary '\0',1,4,287,81,16),
(559,1,_binary '\0',1,5,288,81,16),
(560,1,_binary '\0',1,1,284,81,17),
(561,1,_binary '\0',1,2,285,81,17),
(562,1,_binary '\0',1,3,286,81,17),
(563,1,_binary '\0',1,4,287,81,17),
(564,1,_binary '\0',1,5,288,81,17),
(565,1,_binary '\0',1,1,284,81,18),
(566,1,_binary '\0',1,2,285,81,18),
(567,1,_binary '\0',1,3,286,81,18),
(568,1,_binary '\0',1,4,287,81,18),
(569,1,_binary '\0',1,5,288,81,18),
(570,1,_binary '\0',1,1,284,81,19),
(571,1,_binary '\0',1,2,285,81,19),
(572,1,_binary '\0',1,3,286,81,19),
(573,1,_binary '\0',1,4,287,81,19),
(574,1,_binary '\0',1,5,288,81,19),
(575,1,_binary '\0',1,1,284,81,20),
(576,1,_binary '\0',1,2,285,81,20),
(577,1,_binary '\0',1,3,286,81,20),
(578,1,_binary '\0',1,4,287,81,20),
(579,1,_binary '\0',1,5,288,81,20),
(580,1,_binary '\0',1,1,284,82,21),
(581,1,_binary '\0',1,2,285,82,21),
(582,1,_binary '\0',1,3,286,82,21),
(583,1,_binary '\0',1,4,287,82,21),
(584,1,_binary '\0',1,5,288,82,21),
(585,1,_binary '\0',1,1,284,82,22),
(586,1,_binary '\0',1,2,285,82,22),
(587,1,_binary '\0',1,3,286,82,22),
(588,1,_binary '\0',1,4,287,82,22),
(589,1,_binary '\0',1,5,288,82,22),
(590,1,_binary '\0',1,1,284,82,23),
(591,1,_binary '\0',1,2,285,82,23),
(592,1,_binary '\0',1,3,286,82,23),
(593,1,_binary '\0',1,4,287,82,23),
(594,1,_binary '\0',1,5,288,82,23),
(595,1,_binary '\0',1,1,284,82,24),
(596,1,_binary '\0',1,2,285,82,24),
(597,1,_binary '\0',1,3,286,82,24),
(598,1,_binary '\0',1,4,287,82,24),
(599,1,_binary '\0',1,5,288,82,24),
(600,1,_binary '\0',1,1,284,82,25),
(601,1,_binary '\0',1,2,285,82,25),
(602,1,_binary '\0',1,3,286,82,25),
(603,1,_binary '\0',1,4,287,82,25),
(604,1,_binary '\0',1,5,288,82,25),
(605,1,_binary '\0',1,1,284,83,26),
(606,1,_binary '\0',1,2,285,83,26),
(607,1,_binary '\0',1,3,286,83,26),
(608,1,_binary '\0',1,4,287,83,26),
(609,1,_binary '\0',1,5,288,83,26),
(610,1,_binary '\0',1,1,284,83,27),
(611,1,_binary '\0',1,2,285,83,27),
(612,1,_binary '\0',1,3,286,83,27),
(613,1,_binary '\0',1,4,287,83,27),
(614,1,_binary '\0',1,5,288,83,27),
(615,1,_binary '\0',1,1,284,83,28),
(616,1,_binary '\0',1,2,285,83,28),
(617,1,_binary '\0',1,3,286,83,28),
(618,1,_binary '\0',1,4,287,83,28),
(619,1,_binary '\0',1,5,288,83,28),
(620,1,_binary '\0',1,1,284,83,29),
(621,1,_binary '\0',1,2,285,83,29),
(622,1,_binary '\0',1,3,286,83,29),
(623,1,_binary '\0',1,4,287,83,29),
(624,1,_binary '\0',1,5,288,83,29),
(625,1,_binary '\0',1,1,284,83,30),
(626,1,_binary '\0',1,2,285,83,30),
(627,1,_binary '\0',1,3,286,83,30),
(628,1,_binary '\0',1,4,287,83,30),
(629,1,_binary '\0',1,5,288,83,30);*/

/* delete artistic single participant teams asana team assignment */


/* Judge Panels delete comment this section for live 
Section Start*/

/*INSERT INTO `championship_referee_panels`  
(id,created_time,last_modified_time,name,asana_category_id,championship_id,created_by,last_modified_by)VALUES 
(1,'2022-05-27 12:31:47.604000',NULL,'Traditional Single R1 R2 Panel',1,1,1,NULL),
(2,'2022-05-27 12:33:03.392000',NULL,'Artistic Single R1 Panel',2,1,1,NULL),
(3,'2022-05-27 12:34:18.223000',NULL,'Artistic Pair R1 Panel',3,1,1,NULL),
(4,'2022-05-27 12:35:28.536000',NULL,'Rhythmic Pair R1 Panel',4,1,1,NULL),
(5,'2022-05-27 12:36:22.147000',NULL,'Artistic Group R1 Panel',5,1,1,NULL);*/

/*INSERT INTO `referees_panels` 
(id,type,championship_referee_panels_id,user_referee_id)VALUES 
(1,'Chief Judge',1,2),
(2,'D Judge',1,3),
(3,'D Judge',1,4),
(4,'D Judge',1,5),
(5,'D Judge',1,6),
(6,'D Judge',1,7),
(7,'Time Keeper',1,10),
(8,'Evaluator',1,12),
(9,'Scorer',1,14),
(10,'Stage Manager',1,15),
(11,'Chief Judge',2,2),
(12,'D Judge',2,3),
(13,'D Judge',2,4),
(14,'D Judge',2,5),
(15,'D Judge',2,6),
(16,'Artistic Judge',2,8),
(17,'Artistic Judge',2,9),
(18,'Time Keeper',2,10),
(19,'Time Keeper',2,11),
(20,'Evaluator',2,12),
(21,'Scorer',2,14),
(22,'Stage Manager',2,15),
(23,'Chief Judge',3,2),
(24,'D Judge',3,3),
(25,'D Judge',3,4),
(26,'D Judge',3,5),
(27,'D Judge',3,6),
(28,'Artistic Judge',3,8),
(29,'Artistic Judge',3,9),
(30,'Time Keeper',3,10),
(31,'Time Keeper',3,11),
(32,'Evaluator',3,12),
(33,'Evaluator',3,13),
(34,'Scorer',3,14),
(35,'Stage Manager',3,15),
(36,'Chief Judge',4,2),
(37,'D Judge',4,3),
(38,'D Judge',4,4),
(39,'D Judge',4,5),
(40,'D Judge',4,6),
(41,'Artistic Judge',4,8),
(42,'Artistic Judge',4,9),
(43,'Time Keeper',4,10),
(44,'Time Keeper',4,11),
(45,'Evaluator',4,12),
(46,'Scorer',4,14),
(47,'Stage Manager',4,15),
(48,'Chief Judge',5,2),
(49,'D Judge',5,3),
(50,'D Judge',5,4),
(51,'D Judge',5,5),
(52,'D Judge',5,6),
(53,'Artistic Judge',5,8),
(54,'Artistic Judge',5,9),
(55,'Time Keeper',5,10),
(56,'Time Keeper',5,11),
(57,'Evaluator',5,12),
(58,'Scorer',5,14),
(59,'Stage Manager',5,15);*/


/* Judge Panels comment this section for live 
Section End*/

/* Schedule */

/*INSERT INTO `schedule` (`id`,`created_time`,`description`,`enabled`,`last_modified_time`,`sport_id`,`sport_name`,`championship_id`,`created_by`,`last_modified_by`) VALUES 
(1,'2022-05-27 13:10:20.060000','Yogasana',_binary '','2022-05-27 13:14:00.150000',51,'Yoga',1,1,1);

INSERT INTO `schedule_days`(`id`,`date`,`day`,`sequence_number`,`schedule_id`) VALUES 
(1,'2022-06-04 00:00:00.000000','Day 1',1,1),
(2,'2022-06-05 00:00:00.000000','Day 2',2,1),
(3,'2022-06-06 00:00:00.000000','Day 3',3,1);

INSERT INTO `schedule_time_slots`(`id`,`end_time`,`start_time`,`time_slot`,`schedule_id`,`schedule_days_id`) VALUES
(1,'09.30 AM','09.00 AM',1,1,1),
(2,'12.30 PM','09.30 AM',2,1,1),
(3,'02.30 PM','12.30 PM',3,1,1),
(4,'02.30 PM','02:00 PM',4,1,1),
(5,'05:30 PM','02:30 PM',5,1,1),
(6,'11.30 AM','10:00 AM',1,1,2),
(7,'01:00 PM','11:30 AM',2,1,2),
(8,'03:00 PM','01:00 PM',3,1,2),
(9,'04:30 PM','03:00 PM',4,1,2),
(10,'05:00 PM','04:30 PM',5,1,2),
(11,'06:30 PM','05:00 PM',6,1,2),
(12,'07:00 PM','06:30 PM',7,1,2),
(13,'11.30 AM','10:00 AM',1,1,3),
(14,'01:00 PM','11:30 AM',2,1,3),
(15,'02.30 PM','01:00 PM',3,1,3),
(16,'04:30 PM','02:30 PM',4,1,3),
(17,'06:45 PM','04:45 PM',5,1,3),
(18,'08:00 PM','07:00 PM',6,1,3);


INSERT INTO `schedule_fop` (`id`,`category_detail_id`,`category_name`,`description`,`event_description`,`event_id`,`fop`,`schedule_id`,`schedule_days_id`,`schedule_time_slots_id`)VALUES (1,NULL,' ','Opening Ceremony Of Yogasana',' ',NULL,'Common',1,1,1),
(2,7,' Under -18 Boys','Boys - Traditional Yogasana Event','Semi  Final Round',961,'FOP2',1,1,2),
(3,NULL,'','Lunch Break','',NULL,'Common',1,1,3),
(4,NULL,'','Meeting of Officials and Athletes','',NULL,'Common',1,1,4),
(5,8,' Under -18 Girls','Girls - Traditional Yogasana Event','Semi  Final Round',966,'FOP2',1,1,5),
(6,7,' Under -18 Boys','Boys - Artistic Yogasana Pair Event',' Final Round',963,'FOP1',1,2,6),
(7,7,' Under -18 Boys','Boys - Traditional Yogasana Event',' Final Round',961,'FOP2',1,2,6),
(8,8,' Under -18 Girls','Girls - Artistic Yogasana Pair Event',' Final Round',968,'FOP1',1,2,7),
(9,7,' Under -18 Boys','Boys - Traditional Yogasana Event',' Final Round',961,'FOP2',1,2,7),
(10,NULL,'','Lunch Break','',NULL,'Common',1,2,8),
(11,7,' Under -18 Boys','Boys -  Rhythmic Yogasana Pair Event',' Final Round',964,'FOP1',1,2,9),
(12,8,' Under -18 Girls','Girls - Traditional Yogasana Event',' Final Round',966,'FOP2',1,2,9),
(13,NULL,'','BIO Break','',NULL,'Common',1,2,10),
(14,8,' Under -18 Girls','Girls -  Rhythmic Yogasana Pair Event',' Final Round',969,'FOP1',1,2,11),
(15,NULL,'','Prize Distribution','',NULL,'Common',1,2,12),
(16,7,' Under -18 Boys','Boys - Artistic Yogasana Group Event',' Final Round',965,'FOP1',1,3,13),
(17,8,' Under -18 Girls','Girls - Artistic Yogasana Group Event',' Final Round',1041,'FOP1',1,3,14),
(18,NULL,'','Lunch Break','',NULL,'Common',1,3,15),
(19,8,' Under -18 Girls','Girls - Artistic Yogasana Single Event',' Final Round',967,'FOP1',1,3,16),
(20,7,' Under -18 Boys','Boys - Artistic Yogasana Single Event',' Final Round',962,'FOP1',1,3,17),
(21,NULL,'','Prize Distribution','',NULL,'Common',1,3,18);

*/


/* To be executed at the end. PLEASE ADD THE SQL SCRIPTS OF ANY OTHER TABLE ABOVE THIS SCRIPT.*/
SET GLOBAL sql_mode=(SELECT REPLACE(@@sql_mode,'ONLY_FULL_GROUP_BY',''));