/* Insert values to asana table */
INSERT INTO `asana`
(`id`,`created_time`,`image`,`last_modified_time`,`name`,`created_by`,`last_modified_by`)
VALUES (1,NULL,'Uttanasana-II.PNG',NULL,'Uttanasana-II',NULL,NULL),
(2,NULL,'Padapasha Parshvottanasana.PNG',NULL,'Padapasha Parshvottanasana',NULL,NULL),
(3,NULL,'Adhomukh Tittibhasana.PNG',NULL,'Adhomukh Tittibhasana',NULL,NULL),
(4,NULL,'Kardalikasana-I.PNG',NULL,'Kardalikasana-I',NULL,NULL),
(5,NULL,'Urdhvamukha Tittibhasana.PNG',NULL,'Urdhvamukha Tittibhasana',NULL,NULL),
(6,NULL,'Malayasana.PNG',NULL,'Malayasana',NULL,NULL),
(7,NULL,'Prasarit-pash padottanasana.PNG',NULL,'Prasarit-pash padottanasana',NULL,NULL),
(8,NULL,'Skandha-Pada Adhomukh-Shwanasana.PNG',NULL,'Skandha-Pada Adhomukh-Shwanasana',NULL,NULL),
(9,NULL,'Kardalikasana-II.PNG',NULL,'Kardalikasana-II',NULL,NULL),
(10,NULL,'Sheersha-Kurmasana.PNG',NULL,'Sheersha-Kurmasana',NULL,NULL),
(11,NULL,'Parshvottanasana.PNG',NULL,'Parshvottanasana',NULL,NULL),
(12,NULL,'Put-Pada Shwanasana.PNG',NULL,'Put-Pada Shwanasana',NULL,NULL),
(13,NULL,'Paripurna-Tittibhasana.PNG',NULL,'Paripurna-Tittibhasana',NULL,NULL),
(14,NULL,'Panavasana.PNG',NULL,'Panavasana',NULL,NULL),
(15,NULL,'Adhomukh-Skandhapadasana.PNG',NULL,'Adhomukh-Skandhapadasana',NULL,NULL),
(16,NULL,'Prasarit Padottanasana-1.PNG',NULL,'Prasarit Padottanasana-1',NULL,NULL),
(17,NULL,'Prapada-Uttana Prushthasana.PNG',NULL,'Prapada-Uttana Prushthasana',NULL,NULL),
(18,NULL,'Suptakonasana.PNG',NULL,'Suptakonasana',NULL,NULL),
(19,NULL,'Ardha Baddha Padmottanasana.PNG',NULL,'Ardha Baddha Padmottanasana',NULL,NULL),
(20,NULL,'Utthit-Padamula Tittibhasana.PNG',NULL,'Utthit-Padamula Tittibhasana',NULL,NULL),
(21,NULL,'Prasarit Padottanasana-2.PNG',NULL,'Prasarit Padottanasana-2',NULL,NULL),
(22,NULL,'Padahastottanasana.PNG',NULL,'Padahastottanasana',NULL,NULL),
(23,NULL,'Samatvasana.PNG',NULL,'Samatvasana',NULL,NULL),
(24,NULL,'Skandha-Pada Dandasan.PNG',NULL,'Skandha-Pada Dandasan',NULL,NULL),
(25,NULL,'Shatapadyasana.PNG',NULL,'Shatapadyasana',NULL,NULL),
(26,NULL,'Paschimottanasana.png',NULL,'Paschimottanasana',NULL,NULL),
(27,NULL,'Upavishta- Konasana.PNG',NULL,'Upavishta- Konasana',NULL,NULL),
(28,NULL,'Saralahasta-Pinda-Padmasana.PNG',NULL,'Saralahasta-Pinda-Padmasana',NULL,NULL),
(29,NULL,'Urdhvamukha-Paschimottanasana-1.PNG',NULL,'Urdhvamukha-Paschimottanasana-1',NULL,NULL),
(30,NULL,'Supta Tittibhasana.PNG',NULL,'Supta Tittibhasana',NULL,NULL),
(31,NULL,'Halasana.png',NULL,'Halasana',NULL,NULL),
(32,NULL,'Krounchasana.PNG',NULL,'Krounchasana',NULL,NULL),
(33,NULL,'Karna-Peedasana.PNG',NULL,'Karna-Peedasana',NULL,NULL),
(34,NULL,'Timayasana.PNG',NULL,'Timayasana',NULL,NULL),
(35,NULL,'Utthit-Ekpada-Hasta-Prushtasana.PNG',NULL,'Utthit-Ekpada-Hasta-Prushtasana',NULL,NULL),
(36,NULL,'Ardha-baddha-Padma-Paschimottanasan.png',NULL,'Ardha-baddha-Padma-Paschimottanasan',NULL,NULL),
(37,NULL,'Salamb Sarvangasana-1.PNG',NULL,'Salamb Sarvangasana-1',NULL,NULL),
(38,NULL,'Baddha-Viparit Kurmasana.PNG',NULL,'Baddha-Viparit Kurmasana',NULL,NULL),
(39,NULL,'Parshva-Pindasana-Yukta-Sarvangasana.PNG',NULL,'Parshva-Pindasana-Yukta-Sarvangasana',NULL,NULL),
(40,NULL,'Yoga-Nidrasana.PNG',NULL,'Yoga-Nidrasana',NULL,NULL),
(41,NULL,'Maricchyasana-1.png',NULL,'Maricchyasana-1',NULL,NULL),
(42,NULL,'Marichyasana-2.PNG',NULL,'Marichyasana-2',NULL,NULL),
(43,NULL,'Pindasanayukta-Sarvangasana.PNG',NULL,'Pindasanayukta-Sarvangasana',NULL,NULL),
(44,NULL,'Urdhva-Padapadma-Sarvangasan.PNG',NULL,'Urdhva-Padapadma-Sarvangasan',NULL,NULL),
(45,NULL,'Saraghasana.PNG',NULL,'Saraghasana',NULL,NULL),
(46,NULL,'Skandasan-I.PNG',NULL,'Skandasan-I',NULL,NULL),
(47,NULL,'Urdhavamukha-Paschimottanasana-2.PNG',NULL,'Urdhavamukha-Paschimottanasana-2',NULL,NULL),
(48,NULL,'Bhrunasana.PNG',NULL,'Bhrunasana',NULL,NULL),
(49,NULL,'Ramadootasana.PNG',NULL,'Ramadootasana',NULL,NULL),
(50,NULL,'Pingalasana.PNG',NULL,'Pingalasana',NULL,NULL),
(51,NULL,'Ardha-Chandrasana.PNG',NULL,'Ardha-Chandrasana',NULL,NULL),
(52,NULL,'Nandighoshasana.PNG',NULL,'Nandighoshasana',NULL,NULL),
(53,NULL,'Tryanga-Mukhotanasana.PNG',NULL,'Tryanga-Mukhotanasana',NULL,NULL),
(54,NULL,'Eka-Pada-Urdhva-Dand-Dhanurasana.PNG',NULL,'Eka-Pada-Urdhva-Dand-Dhanurasana',NULL,NULL),
(55,NULL,'Urabhrasana.PNG',NULL,'Urabhrasana',NULL,NULL),
(56,NULL,'Bheemasana.png',NULL,'Bheemasana',NULL,NULL),
(57,NULL,'Veernilasana.PNG',NULL,'Veernilasana',NULL,NULL),
(58,NULL,'Sooryanamaskarasana.PNG',NULL,'Sooryanamaskarasana',NULL,NULL),
(59,NULL,'Mahakarnasana.PNG',NULL,'Mahakarnasana',NULL,NULL),
(60,NULL,'Mahaneelasana.PNG',NULL,'Mahaneelasana',NULL,NULL),
(61,NULL,'Chamatkarasana.png',NULL,'Chamatkarasana',NULL,NULL),
(62,NULL,'Darukasana.PNG',NULL,'Darukasana',NULL,NULL),
(63,NULL,'Poorna-Chakrasana.PNG',NULL,'Poorna-Chakrasana',NULL,NULL),
(64,NULL,'Konarkasana.PNG',NULL,'Konarkasana',NULL,NULL),
(65,NULL,'Dimbasana.PNG',NULL,'Dimbasana',NULL,NULL),
(66,NULL,'Chitroshtakasana.PNG',NULL,'Chitroshtakasana',NULL,NULL),
(67,NULL,'Gajananasana.PNG',NULL,'Gajananasana',NULL,NULL),
(68,NULL,'Chakra-Garudasana.PNG',NULL,'Chakra-Garudasana',NULL,NULL),
(69,NULL,'Eka-Pada-Lambakona-Chakrasana.PNG',NULL,'Eka-Pada-Lambakona-Chakrasana',NULL,NULL),
(70,NULL,'Dhwaja Dwarasana.PNG',NULL,'Dhwaja Dwarasana',NULL,NULL),
(71,NULL,'Eka-Pada-Setubandha-chakrasana.png',NULL,'Eka-Pada-Setubandha-chakrasana',NULL,NULL),
(72,NULL,'Girijasana.PNG',NULL,'Girijasana',NULL,NULL),
(73,NULL,'Chakravyuvhasana.PNG',NULL,'Chakravyuvhasana',NULL,NULL),
(74,NULL,'Kambalasana.PNG',NULL,'Kambalasana',NULL,NULL),
(75,NULL,'Kosha Krumikasana.PNG',NULL,'Kosha Krumikasana',NULL,NULL),
(76,NULL,'Ushtrasana.PNG',NULL,'Ushtrasana',NULL,NULL),
(77,NULL,'Laghu-Vajrasana.PNG',NULL,'Laghu-Vajrasana',NULL,NULL),
(78,NULL,'Purna-Chakrabandhasana.PNG',NULL,'Purna-Chakrabandhasana',NULL,NULL),
(79,NULL,'Shankhapalasana.PNG',NULL,'Shankhapalasana',NULL,NULL),
(80,NULL,'Chitrapatangasana.PNG',NULL,'Chitrapatangasana',NULL,NULL),
(81,NULL,'Ekapada-Rajakapotanasan-3.PNG',NULL,'Ekapada-Rajakapotanasan-3',NULL,NULL),
(82,NULL,'Govardhanasana.PNG',NULL,'Govardhanasana',NULL,NULL),
(83,NULL,'Ardha-Kapota-Vamadevasana.PNG',NULL,'Ardha-Kapota-Vamadevasana',NULL,NULL),
(84,NULL,'Ekapada-Viparit-Shalbasana.PNG',NULL,'Ekapada-Viparit-Shalbasana',NULL,NULL),
(85,NULL,'Mriga-Mukhasana.PNG',NULL,'Mriga-Mukhasana',NULL,NULL),
(86,NULL,'Sharangasana.PNG',NULL,'Sharangasana',NULL,NULL),
(87,NULL,'Mahaveerasana.PNG',NULL,'Mahaveerasana',NULL,NULL),
(88,NULL,'Vayuputrasana.PNG',NULL,'Vayuputrasana',NULL,NULL),
(89,NULL,'Sugreevasana.PNG',NULL,'Sugreevasana',NULL,NULL),
(90,NULL,'Viparita-Valkhilyasana.PNG',NULL,'Viparita-Valkhilyasana',NULL,NULL),
(91,NULL,'Ekapada-Viparit-Dandasana-1.PNG',NULL,'Ekapada-Viparit-Dandasana-1 ',NULL,NULL),
(92,NULL,'Padmanabhasana.PNG',NULL,'Padmanabhasana',NULL,NULL),
(93,NULL,'Padangushtha-Dhanurasana.PNG',NULL,'Padangushtha-Dhanurasana',NULL,NULL),
(94,NULL,'Padma-Jhashasana.PNG',NULL,'Padma-Jhashasana',NULL,NULL),
(95,NULL,'Prajaktasana.PNG',NULL,'Prajaktasana',NULL,NULL),
(96,NULL,'Shivadhanushyasana.PNG',NULL,'Shivadhanushyasana',NULL,NULL),
(97,NULL,'Poorna-Matsyasana.PNG',NULL,'Poorna-Matsyasana',NULL,NULL),
(98,NULL,'Gandabherundasana.PNG',NULL,'Gandabherundasana',NULL,NULL),
(99,NULL,'Supta-Dimbasana.PNG',NULL,'Supta-Dimbasana',NULL,NULL),
(100,NULL,'Vibhakta-Viparita-Shalabhasana.PNG',NULL,'Vibhakta-Viparita-Shalabhasana',NULL,NULL),
(101,NULL,'Parivritta-Padmasana.PNG',NULL,'Parivritta-Padmasana',NULL,NULL),
(102,NULL,'Pariviritta-Janu-Shirshasana.PNG',NULL,'Pariviritta-Janu-Shirshasana',NULL,NULL),
(103,NULL,'Ardha-Matsyendrasana.PNG',NULL,'Ardha-Matsyendrasana',NULL,NULL),
(104,NULL,'Parivritta-Ramadootasana.PNG',NULL,'Parivritta-Ramadootasana',NULL,NULL),
(105,NULL,'Parivritta Upavishta-Konasana.PNG',NULL,'Parivritta Upavishta-Konasana',NULL,NULL),
(106,NULL,'Ardha-Matsyendrasana - IV.PNG',NULL,'Ardha-Matsyendrasana - IV',NULL,NULL),
(107,NULL,'Shoolpashasana.PNG',NULL,'Shoolpashasana',NULL,NULL),
(108,NULL,'Kesarisutasana.PNG',NULL,'Kesarisutasana',NULL,NULL),
(109,NULL,'Parivritta-Ushtrasana.PNG',NULL,'Parivritta-Ushtrasana',NULL,NULL),
(110,NULL,'Katipada-Matsyendrasana.PNG',NULL,'Katipada-Matsyendrasana',NULL,NULL),
(111,NULL,'Parighasana.PNG',NULL,'Parighasana',NULL,NULL),
(112,NULL,'Maricchyasana-III.PNG',NULL,'Maricchyasana-III',NULL,NULL),
(113,NULL,'Parivritta-Paschimottanasana.PNG',NULL,'Parivritta-Paschimottanasana',NULL,NULL),
(114,NULL,'Marichyasana - 4.PNG',NULL,'Marichyasana - 4',NULL,NULL),
(115,NULL,'Parivritta-Eka-Pada-Shirasana.PNG',NULL,'Parivritta-Eka-Pada-Shirasana',NULL,NULL),
(116,NULL,'Ranaveerasana.png',NULL,'Ranaveerasana',NULL,NULL),
(117,NULL,'Uddalakasana.PNG',NULL,'Uddalakasana',NULL,NULL),
(118,NULL,'Trishoolpashasana.PNG',NULL,'Trishoolpashasana',NULL,NULL),
(119,NULL,'Ardha-Padma-Shoolpashasana.PNG',NULL,'Ardha-Padma-Shoolpashasana',NULL,NULL),
(120,NULL,'Pushpadantasana.PNG',NULL,'Pushpadantasana',NULL,NULL),
(121,NULL,'Baddhapada-Matsendrasana.png',NULL,'Baddhapada-Matsendrasana',NULL,NULL),
(122,NULL,'Amit-Vikramasana.PNG',NULL,'Amit-Vikramasana',NULL,NULL),
(123,NULL,'Padaputa-Parivritta-Janu-Shirasana.PNG',NULL,'Padaputa-Parivritta-Janu-Shirasana',NULL,NULL),
(124,NULL,'Paripurna-Matsyendrasana.PNG',NULL,'Paripurna-Matsyendrasana',NULL,NULL),
(125,NULL,'Utthit-Pada-Parivritta-Janu-Shirasana.PNG',NULL,'Utthit-Pada-Parivritta-Janu-Shirasana',NULL,NULL),
(126,NULL,'Parivrutta-Namanasana.PNG',NULL,'Parivrutta-Namanasana',NULL,NULL),
(127,NULL,'Shrugalasana.PNG',NULL,'Shrugalasana',NULL,NULL),
(128,NULL,'Parivritta-Uttanasana.PNG',NULL,'Parivritta-Uttanasana',NULL,NULL),
(129,NULL,'Maroodasana-1.PNG',NULL,'Maroodasana-1',NULL,NULL),
(130,NULL,'Malayasana-I.PNG',NULL,'Malayasana-1',NULL,NULL),
(131,NULL,'Himavanasana.png',NULL,'Himavanasana',NULL,NULL),
(132,NULL,'Baddha-Parivritta-Parshva-Konasana.PNG',NULL,'Baddha-Parivritta-Parshva-Konasana',NULL,NULL),
(133,NULL,'Mahendrasana.PNG',NULL,'Mahendrasana',NULL,NULL),
(134,NULL,'Kanchangangasana.PNG',NULL,'Kanchangangasana',NULL,NULL),
(135,NULL,'Kailasasana.PNG',NULL,'Kailasasana',NULL,NULL),
(136,NULL,'Parivritta-Utkatasan.png',NULL,'Parivritta-Utkatasan',NULL,NULL),
(137,NULL,'Baddhapada-Parivrutta-Upveshasana.PNG',NULL,'Baddhapada-Parivrutta-Upveshasana',NULL,NULL),
(138,NULL,'Angushta-Padottanasana.PNG',NULL,'Angushta-Padottanasana',NULL,NULL),
(139,NULL,'Maheshwarasana.PNG',NULL,'Maheshwarasana',NULL,NULL),
(140,NULL,'Parivritta-Vishwamitrasana.PNG',NULL,'Parivritta-Vishwamitrasana',NULL,NULL),
(141,NULL,'Parivritta-Parshva-Konasana.png',NULL,'Parivritta-Parshva-Konasana',NULL,NULL),
(142,NULL,'Parivritta-Trikonasana.PNG',NULL,'Parivritta-Trikonasana',NULL,NULL),
(143,NULL,'Ardhapadma-Parivritta-Parighasana.PNG',NULL,'Ardhapadma-Parivritta-Parighasana',NULL,NULL),
(144,NULL,'Nishigandhasana.PNG',NULL,'Nishigandhasana',NULL,NULL),
(145,NULL,'Putpada-Vishwamitrasana.PNG',NULL,'Putpada-Vishwamitrasana',NULL,NULL),
(146,NULL,'Vindhyasana.png',NULL,'Vindhyasana',NULL,NULL),
(147,NULL,'Parivritta-Padottanasana.PNG',NULL,'Parivritta-Padottanasana',NULL,NULL),
(148,NULL,'Parivritta-Kallyasana.PNG',NULL,'Parivritta-Kallyasana',NULL,NULL),
(149,NULL,'Parshva-Kallyasana.PNG',NULL,'Parshva-Kallyasana',NULL,NULL),
(150,NULL,'Vetalasana.PNG',NULL,'Vetalasana',NULL,NULL),
(151,NULL,'Saral-Natrajasan.PNG',NULL,'Saral-Natrajasan',NULL,NULL),
(152,NULL,'Natarajasana.PNG',NULL,'Natarajasana',NULL,NULL),
(153,NULL,'Dwihastapada-Natarajasana.PNG',NULL,'Dwihastapada-Natarajasana',NULL,NULL),
(154,NULL,'Urdhvamukha-Veerabhadrasana.PNG',NULL,'Urdhvamukha-Veerabhadrasana',NULL,NULL),
(155,NULL,'Kunjarasana.PNG',NULL,'Kunjarasana',NULL,NULL),
(156,NULL,'Hastapada-Lasyasana.PNG',NULL,'Hastapada-Lasyasana',NULL,NULL),
(157,NULL,'Muktahast-Marutsakhasana.PNG',NULL,'Muktahast-Marutsakhasana',NULL,NULL),
(158,NULL,'Anta-Gulfa-Hasta-Natarajasana.PNG',NULL,'Anta-Gulfa-Hasta-Natarajasana',NULL,NULL),
(159,NULL,'Greevapada-Natarajasana.PNG',NULL,'Greevapada-Natarajasana',NULL,NULL),
(160,NULL,'Viparit-Dandayaman-Tripurasana.PNG',NULL,'Viparit-Dandayaman-Tripurasana',NULL,NULL),
(161,NULL,'Baddha-Natrajasana.PNG',NULL,'Baddha-Natrajasana',NULL,NULL),
(162,NULL,'Lasya-Natrajasana.PNG',NULL,'Lasya-Natrajasana',NULL,NULL),
(163,NULL,'Yoganandasana.PNG',NULL,'Yoganandasana',NULL,NULL),
(164,NULL,'Sundara-Vimanasana.PNG',NULL,'Sundara-Vimanasana',NULL,NULL),
(165,NULL,'Vamdeva-Tripurasana.PNG',NULL,'Vamdeva-Tripurasana',NULL,NULL),
(166,NULL,'Hastanka-Lasyasana.PNG',NULL,'Hastanka-Lasyasana',NULL,NULL),
(167,NULL,'Raj-Vimanasana.PNG',NULL,'Raj-Vimanasana',NULL,NULL),
(168,NULL,'Shikhapada-Natrajasana.PNG',NULL,'Shikhapada-Natrajasana',NULL,NULL),
(169,NULL,'Pratyanchyasana.PNG',NULL,'Pratyanchyasana',NULL,NULL),
(170,NULL,'Ekapada-Tryanga-Mukhottanasan.PNG',NULL,'Ekapada-Tryanga-Mukhottanasan',NULL,NULL),
(171,NULL,'Pratiruddhasana.PNG',NULL,'Pratiruddhasana',NULL,NULL),
(172,NULL,'Vayu-Rathasana.PNG',NULL,'Vayu-Rathasana',NULL,NULL),
(173,NULL,'Skandhapada-Natrajasana.PNG',NULL,'Skandhapada-Natrajasana',NULL,NULL),
(174,NULL,'Tandavasana.PNG',NULL,'Tandavasana',NULL,NULL),
(175,NULL,'Mohini-Astrasana.PNG',NULL,'Mohini-Astrasana',NULL,NULL),
(176,NULL,'Urdhva-Prasarita-Lambakonasana.PNG',NULL,'Urdhva-Prasarita-Lambakonasana',NULL,NULL),
(177,NULL,'Dandayamana-Janushirasana.PNG',NULL,'Dandayamana-Janushirasana',NULL,NULL),
(178,NULL,'Dhwajadandasana.PNG',NULL,'Dhwajadandasana',NULL,NULL),
(179,NULL,'Ruchikasana-2.PNG',NULL,'Ruchikasana-2',NULL,NULL),
(180,NULL,'Muktahasta-Trivikramasana.PNG',NULL,'Muktahasta-Trivikramasana',NULL,NULL),
(181,NULL,'Swarga-Dwijasana.PNG',NULL,'Swarga-Dwijasana',NULL,NULL),
(182,NULL,'Veerbhandrasana-III.PNG',NULL,'Veerbhandrasana-III',NULL,NULL),
(183,NULL,'Parivrutta-Baddha-Ardhachandrasana.PNG',NULL,'Parivrutta-Baddha-Ardhachandrasana',NULL,NULL),
(184,NULL,'Vamanasana.PNG',NULL,'Vamanasana',NULL,NULL),
(185,NULL,'Urdhva-Prasarit-Eipadasana - II.PNG',NULL,'Urdhva-Prasarit-Eipadasana-II',NULL,NULL),
(186,NULL,'Pasha-Lamba-Konasana.PNG',NULL,'Pasha-Lamba-Konasana',NULL,NULL),
(187,NULL,'Parivrutta-Swarga-Dwijasana.PNG',NULL,'Parivrutta-Swarga-Dwijasana',NULL,NULL),
(188,NULL,'Uttkata-Dandayamana-Janushirasana.PNG',NULL,'Uttkata-Dandayamana-Janushirasana',NULL,NULL),
(189,NULL,'Pakshikasana.PNG',NULL,'Pakshikasana',NULL,NULL),
(190,NULL,'Kanishasana.PNG',NULL,'Kanishasana',NULL,NULL),
(191,NULL,'Garudasana.PNG',NULL,'Garudasana',NULL,NULL),
(192,NULL,'Pashstrasana.PNG',NULL,'Pashstrasana',NULL,NULL),
(193,NULL,'Niralamba-Vatayanasana.PNG',NULL,'Niralamba-Vatayanasana',NULL,NULL),
(194,NULL,'Sankhyasana.PNG',NULL,'Sankhyasana',NULL,NULL),
(195,NULL,'Trishoolasana.PNG',NULL,'Trishoolasana',NULL,NULL),
(196,NULL,'Vrukshasana(Namaskara).PNG',NULL,'Vrukshasana(Namaskara)',NULL,NULL),
(197,NULL,'Pushpakasana.PNG',NULL,'Pushpakasana',NULL,NULL),
(198,NULL,'Garuda-Vimanasana.PNG',NULL,'Garuda-Vimanasana',NULL,NULL),
(199,NULL,'Bhingyasana.PNG',NULL,'Bhingyasana',NULL,NULL),
(200,NULL,'Sarasasana.PNG',NULL,'Sarasasana',NULL,NULL),
(201,NULL,'Brahmacharyasana.png',NULL,'Brahmacharyasana',NULL,NULL),
(202,NULL,'Urdhva-Kukkutasana.PNG',NULL,'Urdhva-Kukkutasana',NULL,NULL),
(203,NULL,'Adhomukh-Vrukshasana.PNG',NULL,'Adhomukh-Vrukshasana',NULL,NULL),
(204,NULL,'Dand-Tolan-Paschimottanasana.PNG',NULL,'Dand-Tolan-Paschimottanasana',NULL,NULL),
(205,NULL,'Urdhvamukha-Hasta-Padmasana.PNG',NULL,'Urdhvamukha-Hasta-Padmasana',NULL,NULL),
(206,NULL,'Kukkutasana.PNG',NULL,'Kukkutasana',NULL,NULL),
(207,NULL,'Mayoorasana.PNG',NULL,'Mayoorasana',NULL,NULL),
(208,NULL,'Ekapada-Vaksha-Mayoorasana.PNG',NULL,'Ekapada-Vaksha-Mayoorasana',NULL,NULL),
(209,NULL,'Chakorasana.PNG',NULL,'Chakorasana',NULL,NULL),
(210,NULL,'Adhomukha-Utthit-Koormasana.PNG',NULL,'Adhomukha-Utthit-Koormasana',NULL,NULL),
(211,NULL,'Bakasana.PNG',NULL,'Bakasana',NULL,NULL),
(212,NULL,'Ashtavakrasana.PNG',NULL,'Ashtavakrasana',NULL,NULL),
(213,NULL,'Koundinyasana.PNG',NULL,'Koundinyasana',NULL,NULL),
(214,NULL,'Parivrutta-Tittibhasana.PNG',NULL,'Parivrutta-Tittibhasana',NULL,NULL),
(215,NULL,'Bramhastrasana.PNG',NULL,'Bramhastrasana',NULL,NULL),
(216,NULL,'Dwipada-Koundinyasana.png',NULL,'Dwipada-Koundinyasana',NULL,NULL),
(217,NULL,'Padma-Mayoorasana.PNG',NULL,'Padma-Mayoorasana',NULL,NULL),
(218,NULL,'Tittibhasana.PNG',NULL,'Tittibhasana',NULL,NULL),
(219,NULL,'Fanindrasana.PNG',NULL,'Fanindrasana',NULL,NULL),
(220,NULL,'Ekahasta-Padma-Mayoorasana.PNG',NULL,'Ekahasta-Padma-Mayoorasana',NULL,NULL),
(221,NULL,'Bhallukasana.PNG',NULL,'Bhallukasana',NULL,NULL),
(222,NULL,'Makshikasana.PNG',NULL,'Makshikasana',NULL,NULL),
(223,NULL,'Ekapada-Prushtha-Tittibhasana.PNG',NULL,'Ekapada-Prushtha-Tittibhasana',NULL,NULL),
(224,NULL,'Utthit-Ekpada-Prushta-Sheershasana.PNG',NULL,'Utthit-Ekpada-Prushta-Sheershasana',NULL,NULL),
(225,NULL,'Parashupashasana.PNG',NULL,'Parashupashasana',NULL,NULL),
(226,NULL,'Pinch-Mayurasana.PNG',NULL,'Pinch-Mayurasana',NULL,NULL),
(227,NULL,'Padanka-Vrishikasana - II.PNG',NULL,'Padanka-Vrishikasana - II',NULL,NULL),
(228,NULL,'Ekpad-Vrushik-Shiva-Linkarasan.PNG',NULL,'Ekpad-Vrushik-Shiva-Linkarasan',NULL,NULL),
(229,NULL,'Nagastrasana.PNG',NULL,'Nagastrasana',NULL,NULL),
(230,NULL,'Parivrutta-Shiva-Lingakarasana.PNG',NULL,'Parivrutta-Shiva-Lingakarasana',NULL,NULL),
(231,NULL,'Eka-Pada-Pinch-Mayoorasana.PNG',NULL,'Eka-Pada-Pinch-Mayoorasana',NULL,NULL),
(232,NULL,'Vruschikasana - II.PNG',NULL,'Vruschikasana - II',NULL,NULL),
(233,NULL,'Karkotasana.PNG',NULL,'Karkotasana',NULL,NULL),
(234,NULL,'Padma-Vruschikasana.PNG',NULL,'Padma-Vruschikasana',NULL,NULL),
(235,NULL,'Kakmukta-Hastasana.PNG',NULL,'Kakmukta-Hastasana',NULL,NULL),
(236,NULL,'Vruchikasana - 1.PNG',NULL,'Vruchikasana - 1',NULL,NULL),
(237,NULL,'Adhomukh-Vrikshasana.PNG',NULL,'Adhomukh-Vrikshasana',NULL,NULL),
(238,NULL,'Paripurnasana.PNG',NULL,'Paripurnasana',NULL,NULL),
(239,NULL,'Ekpad-Kokilasana.PNG',NULL,'Ekpad-Kokilasana',NULL,NULL),
(240,NULL,'Dwipad-Kokilasana.PNG',NULL,'Dwipad-Kokilasana',NULL,NULL),
(241,NULL,'Jatukasana.PNG',NULL,'Jatukasana',NULL,NULL),
(242,NULL,'Padma-Pada-Vruschikasana - II.PNG',NULL,'Padma-Pada-Vruschikasana - II',NULL,NULL),
(243,NULL,'Shiv-Lingakarasana.PNG',NULL,'Shiv-Lingakarasana',NULL,NULL),
(244,NULL,'Putpada-Kokilasana.PNG',NULL,'Putpada-Kokilasana',NULL,NULL),
(245,NULL,'Hast-Samkonasana.PNG',NULL,'Hast-Samkonasana',NULL,NULL),
(246,NULL,'Ardha-Padma-Pincha-Mayoorasana.PNG',NULL,'Ardha-Padma-Pincha-Mayoorasana',NULL,NULL),
(247,NULL,'Ekapada-Skandha-Shiva-Lingakarasana.PNG',NULL,'Ekapada-Skandha-Shiva-Lingakarasana',NULL,NULL),
(248,NULL,'Ekapad-Kokila-Vruschiksana - 1.PNG',NULL,'Ekapad-Kokila-Vruschiksana - 1',NULL,NULL),
(249,NULL,'Utthit-Lamb-Konasana.PNG',NULL,'Utthit-Lamb-Konasana',NULL,NULL),
(250,NULL,'Vibhakt-Pada-Shiva-Lingakarasana.PNG',NULL,'Vibhakt-Pada-Shiva-Lingakarasana',NULL,NULL),
(251,NULL,'Baddha-Padmasana.PNG',NULL,'Baddha-Padmasana',NULL,NULL),
(252,NULL,'Urdhava-Mukha-Paschimottanasana- I.PNG',NULL,' Urdhava-Mukha-Paschimottanasana- I',NULL,NULL),
(253,NULL,'Urdhava-Kukkutasana.PNG',NULL,'Urdhava-Kukkutasana',NULL,NULL),
(254,NULL,'Parivrutta-Paschimottanasana.PNG',NULL,'Parivrutta-Paschimottanasana',NULL,NULL),
(255,NULL,'Eka-Pada-Raj-Kapotasana.PNG',NULL,'Eka-Pada-Raj-Kapotasana',NULL,NULL),
(256,NULL,'Markatasana - II.PNG',NULL,'Markatasana - II',NULL,NULL),
(257,NULL,'Raj-Kapotasana.PNG',NULL,'Raj-Kapotasana',NULL,NULL),
(258,NULL,'Vrushchikasana-II.PNG',NULL,'Vrushchikasana-II',NULL,NULL),
(259,NULL,'Viranchyasana - I.PNG',NULL,'Viranchyasana - I',NULL,NULL),
(260,NULL,'Poorna-Shalabhasana.PNG',NULL,'Poorna-Shalabhasana',NULL,NULL),
(261,NULL,'Vrushchikasana-I.PNG',NULL,'Vrushchikasana-I',NULL,NULL),
(262,NULL,'Chakrabandhasana.PNG',NULL,'Chakrabandhasana',NULL,NULL),
(263,NULL,'Trivikramasana.PNG',NULL,'Trivikramasana',NULL,NULL),
(264,NULL,'Vatayanasana.PNG',NULL,'Vatayanasana',NULL,NULL),
(265,NULL,'Viranchyasana.PNG',NULL,'Viranchyasana',NULL,NULL),
(266,NULL,'Urdhva-mukha-Paschimottanasana.PNG',NULL,'Urdhva-mukha-Paschimottanasana',NULL,NULL),
(267,NULL,'Padma-Shirshasana.PNG',NULL,'Padma-Shirshasana',NULL,NULL),
(268,NULL,'Kurmasana.PNG',NULL,'Kurmasana',NULL,NULL),
(269,NULL,'Parivritta-Parshva-Konasana-II.PNG',NULL,'Parivritta-Parshva-Konasana-II',NULL,NULL),
(270,NULL,'Shirshasana.PNG',NULL,'Shirshasana',NULL,NULL),
(271,NULL,'Eka-Pada-Skandhasana.PNG',NULL,'Eka-Pada-Skandhasana',NULL,NULL),
(272,NULL,'Tirianga Mukhottanasana.PNG',NULL,'Tirianga Mukhottanasana',NULL,NULL),
(273,NULL,'Utthitaa-Eka-Pada-Skandhasana.PNG',NULL,'Utthitaa-Eka-Pada-Skandhasana',NULL,NULL),
(274,NULL,'Parivritta-Janu-Shirasana.PNG',NULL,'Parivritta-Janu-Shirsasana',NULL,NULL),
(275,NULL,'Supta-Trivikramasana.PNG',NULL,'Supta-Trivikramasana',NULL,NULL),
(276,NULL,'Eka-Pada-Viparita-Dandasana.PNG',NULL,'Eka-Pada-Viparita-Dandasana',NULL,NULL),
(277,NULL,'Kapotasana.PNG',NULL,'Kapotasana',NULL,NULL),
(278,NULL,'Garbhapindasana.PNG',NULL,'Garbhapindasana',NULL,NULL),
(279,NULL,'Gherandasana-II.PNG',NULL,'Gherandasana-II',NULL,NULL),
(280,NULL,'Kurmasana.PNG',NULL,'Kurmasana',NULL,NULL),
(281,NULL,'Urdhva-Prasarit-Eipadasana.PNG',NULL,'Urdhva-Prasarit-Eipadasana',NULL,NULL),
(282,NULL,'no-image-icon-23494.png',NULL,'Poorna Dhanurasana',NULL,NULL),
(283,NULL,'no-image-icon-23494.png',NULL,'Surya Namaskar',NULL,NULL),
/* Asanas for artistic Group */
(289,'2022-06-03 07:18:28.407000','no-image-icon-23494.png',NULL,'Asana 1',1,NULL),
(290,'2022-06-03 07:18:55.465000','no-image-icon-23494.png',NULL,'Asana 2',1,NULL),
(291,'2022-06-03 07:19:15.846000','no-image-icon-23494.png',NULL,'Asana 3',1,NULL),
(292,'2022-06-03 07:19:34.476000','no-image-icon-23494.png',NULL,'Asana 4',1,NULL),
(293,'2022-06-03 07:19:54.688000','no-image-icon-23494.png',NULL,'Asana 5',1,NULL),
(294,'2022-06-03 07:20:18.464000','no-image-icon-23494.png',NULL,'Asana 6',1,NULL),
(295,'2022-06-03 07:20:39.391000','no-image-icon-23494.png',NULL,'Asana 7',1,NULL),
(296,'2022-06-03 07:22:15.983000','no-image-icon-23494.png',NULL,'Asana 8',1,NULL),
(297,'2022-06-03 07:22:35.370000','no-image-icon-23494.png',NULL,'Asana 9',1,NULL),
(298,'2022-06-03 07:22:53.583000','no-image-icon-23494.png',NULL,'Asana 10',1,NULL);


/* Insert values to asana_category table */
INSERT INTO `asana_category` (id,created_time,last_modified_time,name,created_by,last_modified_by,code) VALUES 
(1,NULL,NULL,'Traditional Yogasana',NULL,NULL,'TR'),
(2,NULL,NULL,'Artistic Yogasana Single',NULL,NULL,'AS'),
(3,NULL,NULL,'Artistic Yogasana Pair',NULL,NULL,'AP'),
(4,NULL,NULL,'Rhythmic Yogasana Pair',NULL,NULL,'RP'),
(5,NULL,NULL,'Artistic Yogasana Group',NULL,NULL,'AG');

/* Insert values to Execution_category table */
INSERT INTO `execution_category` (id,code,name,short_name) VALUES 
(1,'FB-1','Forward Bend Standings','FBS'),
(2,'FB-2','Forward Bend Floor','FBF'),
(3,'BB-1','Back Bend Standing','BBS'),
(4,'BB-2','Back Bend Floor','BBF'),
(5,'TB-1','Twisting Body Floor','TBF'),
(6,'TB-2','Twisting Body Balance','TBB'),
(7,'LB-1','Leg Balance Backward Bend','LBB'),
(8,'LB-2','Single Leg Balance Forward Bend','LBF'),
(9,'HB-1','Hand Balance Forward Bend','HBF'),
(10,'HB-2','Hand Balance Backward Bend','HBB'),
(11,'COMP','Compulsory','COMP');


/* Insert values to states table */
INSERT INTO `states` (id,name) VALUES (1,'ANDAMAN AND NICOBAR ISLANDS'),
(2,'ANDHRA PRADESH'),
(3,'ARUNACHAL PRADESH'),
(4,'ASSAM'),
(5,'BIHAR'),
(6,'CHANDIGARH'),
(7,'CHATTISGARH'),
(8,'DADRA AND NAGAR HAVELI  AND DAMAN AND DIU'),
(9,'DELHI'),
(10,'GOA'),
(11,'GUJARAT'),
(12,'HIMACHAL PRADESH'),
(13,'HARYANA'),
(14,'JAMMU AND KASHMIR'),
(15,'JHARKHAND'),
(16,'KARNATAKA'),
(17,'KERALA'),
(18,'LADAKH'),
(19,'LAKSHADWEEP'),
(20,'MADHYA PRADESH'),
(21,'MAHARASHTRA'),
(22,'MANIPUR'),
(23,'MEGHALAYA'),
(24,'MIZORAM'),
(25,'NAGALAND'),
(26,'ODISHA'),
(27,'PUDUCHERRY'),
(28,'PUNJAB'),
(29,'RAJASTHAN'),
(30,'SIKKIM'),
(31,'TAMIL NADU'),
(32,'TELANGANA'),
(33,'TRIPURA'),
(34,'UTTARAKHAND'),
(35,'UTTAR PRADESH'),
(36,'WEST BENGAL');

/* Insert values to club table */
INSERT INTO `club` (`id`,`address`,`external_club_id`,`name`, `state_id`) VALUES
(1,'ANDAMAN AND NICOBAR ISLANDS',NULL,'ANDAMAN AND NICOBAR ISLANDS',1),
(2,'ANDHRA PRADESH',NULL,'ANDHRA PRADESH',2),
(3,'ARUNACHAL PRADESH',NULL,'ARUNACHAL PRADESH',3),
(4,'ASSAM',NULL,'ASSAM',4),
(5,'BIHAR',NULL,'BIHAR',5),
(6,'CHANDIGARH',NULL,'CHANDIGARH',6),
(7,'CHATTISGARH',NULL,'CHATTISGARH',7),
(8,'DADRA AND NAGAR HAVELI  AND DAMAN AND DIU',NULL,'DADRA AND NAGAR HAVELI  AND DAMAN AND DIU',8),
(9,'DELHI',NULL,'DELHI',9),
(10,'GOA',NULL,'GOA',10),
(11,'GUJARAT',NULL,'GUJARAT',11),
(12,'HIMACHAL PRADESH',NULL,'HIMACHAL PRADESH',12),
(13,'HARYANA',NULL,'HARYANA',13),
(14,'JAMMU AND KASHMIR',NULL,'JAMMU AND KASHMIR',14),
(15,'JHARKHAND',NULL,'JHARKHAND',15),
(16,'KARNATAKA',NULL,'KARNATAKA',16),
(17,'KERALA',NULL,'KERALA',17),
(18,'LADAKH',NULL,'LADAKH',18),
(19,'LAKSHADWEEP',NULL,'LAKSHADWEEP',19),
(20,'MADHYA PRADESH',NULL,'MADHYA PRADESH',20),
(21,'MAHARASHTRA',NULL,'MAHARASHTRA',21),
(22,'MANIPUR',NULL,'MANIPUR',22),
(23,'MEGHALAYA',NULL,'MEGHALAYA',23),
(24,'MIZORAM',NULL,'MIZORAM',24),
(25,'NAGALAND',NULL,'NAGALAND',25),
(26,'ODISHA',NULL,'ODISHA',26),
(27,'PUDUCHERRY',NULL,'PUDUCHERRY',27),
(28,'PUNJAB',NULL,'PUNJAB',28),
(29,'RAJASTHAN',NULL,'RAJASTHAN',29),
(30,'SIKKIM',NULL,'SIKKIM',30),
(31,'TAMIL NADU',NULL,'TAMIL NADU',31),
(32,'TELANGANA',NULL,'TELANGANA',32),
(33,'TRIPURA',NULL,'TRIPURA',33),
(34,'UTTARAKHAND',NULL,'UTTARAKHAND',34),
(35,'UTTAR PRADESH',NULL,'UTTAR PRADESH',35),
(36,'WEST BENGAL',NULL,'WEST BENGAL',36);


/* Insert values to age_category table */
INSERT INTO `age_category` 
(id,age_above,age_below,code,created_time,enabled,last_modified_time,title,created_by,last_modified_by) VALUES
(1,12,30,'UT',NULL,_binary '',NULL,'Under 30',NULL,NULL);

/* Inser values for roles */
INSERT INTO `roles`
(id,created_time,description,enabled,judge,last_modified_time,name,created_by,last_modified_by) VALUES
(2,NULL,NULL,1, 1, NULL,'Chief Judge',NULL,NULL),
(3,NULL,NULL,1, 1, NULL,'D Judge',NULL,NULL),
(4,NULL,NULL,1, 1, NULL,'Artistic Judge',NULL,NULL),
(5,NULL,NULL,1, 1, NULL,'TimeKeeper',NULL,NULL),
(6,NULL,NULL,1, 1, NULL,'Evaluator',NULL,NULL),
(7,NULL,NULL,1, 1, NULL,'Scorer',NULL,NULL),
(8,NULL,NULL,1, 1, NULL,'Stage Manager',NULL,NULL),
(9,NULL,NULL,1, 1, NULL,'Co-ordinator',NULL,NULL);

/* Insert values into Users */
INSERT INTO `users`
(`id`,`address_line_1`,`address_line_2`,`city`,`created_time`,`designation`,`email`,`enabled`,`first_name`,`image`,`last_modified_time`,`last_name`,`last_updated_time`,`password`,`phone_number`,`postal_code`,`reset_password_token`,`verification_code`,`created_by`,`last_modified_by`,`state_id`) VALUES 
(2,NULL,NULL,NULL,'2022-10-03 06:10:45.589000',NULL,'chandraprakashpurohit@nysf.com',_binary '','Mr. Chandra Prakash ',NULL,'2022-10-03 06:10:45.992000','Purohit',NULL,'$2a$10$IgsUp3ufJ6GC6ENlMIyK.eZ1xVj2fgpB/HosTrc8LAJiSjvJypgES','',NULL,NULL,NULL,NULL,1,29),
(3,NULL,NULL,NULL,'2022-10-03 06:11:55.975000',NULL,'umangdawn@nysf.com',_binary '','Mr. Umang ',NULL,'2022-10-03 06:11:57.423000','Dawn',NULL,'$2a$10$BpAg845DcfQAzyNiriwRT.BMjjUrsrfXcWM5DBoV84aXcx64lH8AK','',NULL,NULL,NULL,NULL,1,11),
(4,NULL,NULL,NULL,'2022-10-03 06:33:56.987000',NULL,'niranjanamurthy@nysf.com',_binary '','Dr. M Niranjana ',NULL,'2022-10-03 06:33:57.338000','Murthy',NULL,'$2a$10$auAxeIK0XwinslNU49JPsOMIJjd2S3emv77JrX14tv2Xsx39.nyDK','',NULL,NULL,NULL,NULL,1,16),
(5,NULL,NULL,NULL,'2022-10-03 06:34:55.520000',NULL,'rakeshshastri@nysf.com',_binary '','Mr.Rakesh ',NULL,'2022-10-03 06:34:55.835000','Shashtri',NULL,'$2a$10$ZwQN1hhqEnbX5DOr5VN6O.w1Xq5NIekuf1X9KzosZ9UpfFXFpI4tK','',NULL,NULL,NULL,NULL,1,9),
(6,NULL,NULL,NULL,'2022-10-03 06:36:06.805000',NULL,'mishra@nysf.com',_binary '','Dr.C.K.',NULL,'2022-10-03 06:36:08.151000','Mishra',NULL,'$2a$10$WmYiA5PxGE5/bQ4fw8NAjuugOAXGiZUX8l5pEwYnXYNxfRbRp4vy2','',NULL,NULL,NULL,NULL,1,28),
(7,NULL,NULL,NULL,'2022-10-03 06:37:14.808000',NULL,'satishmohagonkar@nysf.com',_binary '','Mr.Satish ',NULL,'2022-10-03 06:37:15.056000','Mohagaonkar',NULL,'$2a$10$d5wIZbhbvhMjcXZFfCpbVOBxsmc7urSOoV0lq7Fdg2cidDaG9P8LW','',NULL,NULL,NULL,NULL,1,21),
(8,NULL,NULL,NULL,'2022-10-03 06:39:16.303000',NULL,'aartipal@nysf.com',_binary '','Dr. Aarti ',NULL,'2022-10-03 06:39:16.522000','Pal',NULL,'$2a$10$O5ZifOXag5C95m9aiIn4HubSV0wGO/NqoadzXyRAmMAtEWTBrfAB.','',NULL,NULL,NULL,NULL,1,20),
(9,NULL,NULL,NULL,'2022-10-03 06:40:21.083000',NULL,'anujkaushik@nysf.com',_binary '','Mr. Anuj ',NULL,'2022-10-03 06:40:21.427000','Kaushik',NULL,'$2a$10$4xlpda19SKaSjVtDfs4w8OvjfhU0Gofi/zjOqLU821.3RiZFB0ee2','',NULL,NULL,NULL,NULL,1,34),
(10,NULL,NULL,NULL,'2022-10-03 06:41:32.551000',NULL,'faredaakhter@nysf.com',_binary '','Ms.Fareeda ',NULL,'2022-10-03 06:41:32.802000','Akhter',NULL,'$2a$10$jkCMj0pf6r9vSkFxaZG9WuhfCkRe14AB3ayTVWex0ItWdj9JXfmtG','',NULL,NULL,NULL,NULL,1,14),
(11,NULL,NULL,NULL,'2022-10-03 06:42:44.563000',NULL,'vipandeep@nysf.com',_binary '','Mr.Vipandeep',NULL,'2022-10-03 06:42:44.864000','   ',NULL,'$2a$10$10qAu3YdBMVzajiRGpd74ucXu9GH2JFxIU6IRq3HDhiNBPjuGUApe','',NULL,NULL,NULL,NULL,1,28),
(12,NULL,NULL,NULL,'2022-10-03 06:43:37.540000',NULL,'nehachaudhary@nysf.com',_binary '','Dr.Neha ',NULL,'2022-10-03 06:43:38.065000','Chaudhary',NULL,'$2a$10$cPDhEVG3nS9yK3zKQl9i5.nUNdBvxoNha1R8q.r8QJr1Yv803W.LO','',NULL,NULL,NULL,NULL,1,35),
(13,NULL,NULL,NULL,'2022-10-03 06:44:45.696000',NULL,'naveenkandpal@nysf.com',_binary '','Mr.Naveen ',NULL,'2022-10-03 06:44:46.167000','Kandpal',NULL,'$2a$10$6VjvoVyep.KAj38pqZxO/ORQPktBnAiYYkMQO50L7.u0vmFFztDZy','',NULL,NULL,NULL,NULL,1,9),
(14,NULL,NULL,NULL,'2022-10-03 06:45:56.709000',NULL,'maloykumardey@nysf.com',_binary '','Mr. Maloy Kumar ',NULL,'2022-10-03 06:45:57.003000','Dey',NULL,'$2a$10$boGFDRo.6.rVx/ZXzxMyBuvwQg.dnl9vrjJWNslzSLGCEtpGOlysO','',NULL,NULL,NULL,NULL,1,15),
(15,NULL,NULL,NULL,'2022-10-03 06:54:20.904000',NULL,'deepakborona@nysf.com',_binary '','Mr.Deepak ',NULL,'2022-10-03 06:54:21.503000','Borona',NULL,'$2a$10$0Tm2Y6JKizMZ3UzD7dLUNe1qXxfmDzYHVTLL0jlNC4Imi26n5laxy','',NULL,NULL,NULL,NULL,1,29),
(16,NULL,NULL,NULL,'2022-10-03 06:55:31.460000',NULL,'vijayshankartripathi@nysf.com',_binary '','Mr. Vijay Shankar ',NULL,'2022-10-03 06:55:31.700000','Tripathi',NULL,'$2a$10$odTMQesPU6FeQgJer.DBIemuYXHl78RRi4mSoc9y7XY.HkziZdjU2','',NULL,NULL,NULL,NULL,1,20),
(17,NULL,NULL,NULL,'2022-10-03 06:56:29.214000',NULL,'utpalroy@nysf.com',_binary '','Mr. Utpal ',NULL,'2022-10-03 06:56:29.457000','Roy',NULL,'$2a$10$fOGfMtfwE.1txg2ZpS9yNufK9pOvqhl33T7nMIwzncmSiXd474b4S','',NULL,NULL,NULL,NULL,1,36),
(18,NULL,NULL,NULL,'2022-10-03 06:57:38.797000',NULL,'karangajjar@nysf.com',_binary '','Mr.Karan ',NULL,'2022-10-03 06:57:39.107000','Gajjar',NULL,'$2a$10$UEUaFP4oQHhLUzb4rzhu1Op8tmPq0f4uNchuS.86QL8L3R.Thevde','',NULL,NULL,NULL,NULL,1,11),
(19,NULL,NULL,NULL,'2022-10-03 06:58:48.269000',NULL,'bhojendrakumarsahu@nysf.com',_binary '','Mr.Bhojendra ',NULL,'2022-10-03 06:58:48.475000','Kumar Sahu',NULL,'$2a$10$KNvs7y5tAXezQbYePBs9bukl2uZwkqjqrUrUCopn0My7Ei2whQ/Ie','',NULL,NULL,NULL,NULL,1,26),
(20,NULL,NULL,NULL,'2022-10-03 07:00:20.568000',NULL,'chandrakantabarik@nysf.com',_binary '','Mr.Chandrakant ',NULL,'2022-10-03 07:00:20.962000','Barik',NULL,'$2a$10$UbbCVpEVS906BLi/2RYfguv1nH6Akv.4r9G7orMSzTb5dOOE6ejcK','',NULL,NULL,NULL,NULL,1,26),
(21,NULL,NULL,NULL,'2022-10-03 07:01:46.673000',NULL,'snehalsuneelpendse@nysf.com',_binary '','Mrs. Snehal ',NULL,'2022-10-03 07:01:47.104000','Suneel Pendse',NULL,'$2a$10$sSkue/xhY8316P/f03G9f.AplES6qJ/rep1ThEGro2UZHi1XEAo.e','',NULL,NULL,NULL,NULL,1,21),
(22,NULL,NULL,NULL,'2022-10-03 07:02:56.240000',NULL,'thotasateesh@nysf.com',_binary '','Mr.Thota ',NULL,'2022-10-03 07:02:56.664000','Sateesh',NULL,'$2a$10$XAmlCygxzQUfksYQDxjXHuNkIRfTBa6tjvEwX1yf7.NDXuhoupXhS','',NULL,NULL,NULL,NULL,1,32),
(23,NULL,NULL,NULL,'2022-10-03 07:06:24.924000',NULL,'karrinagavenkata@nysf.com',_binary '','Mr.Karri Naga Venkata ',NULL,'2022-10-03 07:06:25.075000','Sridhar Reddy',NULL,'$2a$10$7I1e6p1.SPdCZEljtLG8YuAnUJ.KkvrqJmBE6GiTMlHH/wAMLGmAm','',NULL,NULL,NULL,NULL,1,2),
(24,NULL,NULL,NULL,'2022-10-03 07:07:33.310000',NULL,'daulsabmohaddinsab@nysf.com',_binary '','Mr. Daulsab ',NULL,'2022-10-03 07:07:33.580000','Mohaddinsab Vatar',NULL,'$2a$10$eKpFewNPjS//Kqo/eLiRwOevu6Ji4UsRR9JgR0WftIrj/SbFdeGA.','',NULL,NULL,NULL,NULL,1,10),
(25,NULL,NULL,NULL,'2022-10-03 07:08:48.598000',NULL,'raghu@nysf.com',_binary '','Mr.Raghu ',NULL,'2022-10-03 07:08:48.831000','H.G.',NULL,'$2a$10$rcy9l/fSYwba2NdXrnnAn.0VikoO04/RuGnhxetx50w7DcaAlFhdK','',NULL,NULL,NULL,NULL,1,16),
(26,NULL,NULL,NULL,'2022-10-03 07:09:45.359000',NULL,'vismayamohandas@nysf.com',_binary '','Ms. Vismaya ',NULL,'2022-10-03 07:09:45.835000','Mohandas A',NULL,'$2a$10$VHpbTtRZQWldonxNGXcIpeLeBeghDG4.O09bUPpCBXPK2qkj/VhZ.','',NULL,NULL,NULL,NULL,1,17),
(27,NULL,NULL,NULL,'2022-10-03 07:10:53.431000',NULL,'dayanidy@nysf.com',_binary '','Mr. Dayanidy ',NULL,'2022-10-03 07:10:53.669000','   ',NULL,'$2a$10$/a.qYt4eSVTgvQr2dMZyDuZLxemBujSNO2miZETrr5TL6yGPluv3G','',NULL,NULL,NULL,NULL,1,27),
(28,NULL,NULL,NULL,'2022-10-03 07:12:04.467000',NULL,'dishartaunk@nysf.com',_binary '','Ms. Disha R ',NULL,'2022-10-03 07:12:04.809000','Taunk',NULL,'$2a$10$z319W3bv7yuTyuxI6C8.7.oKElcdgSLAZBqQHdVzfP8tHS42s6Dr6','',NULL,NULL,NULL,NULL,1,31),
(29,NULL,NULL,NULL,'2022-10-03 07:13:15.005000',NULL,'pankajmajumder@nysf.com',_binary '','Mr. Pankaj ',NULL,'2022-10-03 07:13:15.307000','Majumder',NULL,'$2a$10$Tce26/kt6cYmd19TKs9BBu4Yw8/vBS98sB4f223P6UZKEk9ezWYZm','',NULL,NULL,NULL,NULL,1,33),
(30,NULL,NULL,NULL,'2022-10-03 07:14:10.005000',NULL,'namrataverma@nysf.com',_binary '','Ms.Namrata ',NULL,'2022-10-03 07:14:10.324000','Verma',NULL,'$2a$10$qMiYo4TV5EVXNXTpuaWai..69m1bhZtlMxFpqvnLSMt6nzUlgg8Va','',NULL,NULL,NULL,NULL,1,11),
(31,NULL,NULL,NULL,'2022-10-03 07:15:26.598000',NULL,'dipokjyotiborah@nysf.com',_binary '','Mr.Dipok ',NULL,'2022-10-03 07:15:26.891000','Jyoti Borah',NULL,'$2a$10$ew0WcF32QqZMpNMKn/zdfeGLxF/ptifeDTfmObiOoWQIz8XdC.huy','',NULL,NULL,NULL,NULL,1,4),
(32,NULL,NULL,NULL,'2022-10-03 07:16:38.456000',NULL,'rajeshramakantpawar@nysf.com',_binary '','Mr. Rajesh Ramakant ',NULL,'2022-10-03 07:16:38.822000','Pawar',NULL,'$2a$10$/9ANW9jGLVJHer7atb2W6eZQMuKrBFDq4smxKyTOooOP/SyGj9wCS','',NULL,NULL,NULL,NULL,1,21),
(33,NULL,NULL,NULL,'2022-10-03 07:18:09.051000',NULL,'ramaballavmahapatra@nysf.com',_binary '','Mr. Ramaballav ',NULL,'2022-10-03 07:18:09.277000','Mahapatra',NULL,'$2a$10$pILfZRWdxmYQ1oL9yWURt.TgKRLfZJvzo7xj9.sOBAi8X5C5gcu9O','',NULL,NULL,NULL,NULL,1,21),
(34,NULL,NULL,NULL,'2022-10-03 07:19:34.056000',NULL,'pawankumarchaudhary@nysf.com',_binary '','Mr. Pawan Kumar ',NULL,'2022-10-03 07:19:34.384000','Chaudhary',NULL,'$2a$10$f5UKdf516gxS3OFUkDGC9O6XOWZLo56EVZSg/M.ealeQXs7saxQF2','',NULL,NULL,NULL,NULL,1,5),
(35,NULL,NULL,NULL,'2022-10-03 07:20:46.428000',NULL,'abijitbose@nysf.com',_binary '','Mr. Abhijit ',NULL,'2022-10-03 07:20:46.683000','Bose',NULL,'$2a$10$jCiTpHmMJln.B7.wKZFdieSCiKVfTu7CJw7nEOp7Zla8KW9Pks2du','',NULL,NULL,NULL,NULL,1,31),
(36,NULL,NULL,NULL,'2022-10-03 07:21:54.368000',NULL,'shreyasmarkandeya@nysf.com',_binary '','Mr. Shreyas ',NULL,'2022-10-03 07:21:55.132000','Markandeya',NULL,'$2a$10$E8IJdUEHyLhLdmalNTu7h.iwi27fzmX3vGVYwcQ7Eaa1EFLSA80xK','',NULL,NULL,NULL,NULL,1,9),
(37,NULL,NULL,NULL,'2022-10-03 07:23:02.847000',NULL,'swaroupramanan@nysf.com',_binary '','Mr. Swaroup Ramanan ',NULL,'2022-10-03 07:23:03.116000','Alias Premkumar M',NULL,'$2a$10$rx5k.GeWFabPedSjF5oDzukDpY3GjdZ1t4VniqwLk9T/HdaxFVoY.','',NULL,NULL,NULL,NULL,1,27),
(38,NULL,NULL,NULL,'2022-10-03 07:23:54.813000',NULL,'mahamayaroy@nysf.com',_binary '','Mrs. Mahamaya',NULL,'2022-10-03 07:23:55.196000',' Roy',NULL,'$2a$10$vph95tRx/sgaOa.0UMCdXucouk8QqO2zQvSUoU8DemGs6BvaCRZhK','',NULL,NULL,NULL,NULL,1,36),
(39,NULL,NULL,NULL,'2022-10-03 07:24:52.272000',NULL,'pukhrambambirpradash@nysf.com',_binary '','Mr. Pukharambam ',NULL,'2022-10-03 07:24:52.981000','Birpradash Singh',NULL,'$2a$10$lHkZ.PI1u3MMgdpe/EViUO7l4FZRS8Z9Bbi7GAyulnPh8SbtrFfxa','',NULL,NULL,NULL,NULL,1,22),
(40,NULL,NULL,NULL,'2022-10-03 07:26:12.298000',NULL,'dineshsaini@nysf.com',_binary '','Mr.Dinesh ',NULL,'2022-10-03 07:26:12.597000','Saini',NULL,'$2a$10$EzoH0SkQHAsQgMsXkpqXHufQE4b2Gzq35Q2hPEAT8U7yYJeIdFApG','',NULL,NULL,NULL,NULL,1,29),
(41,NULL,NULL,NULL,'2022-10-03 07:27:18.724000',NULL,'abhijitgode@nysf.com',_binary '','Mr.Abhijit ',NULL,'2022-10-03 07:27:19.068000','Gode',NULL,'$2a$10$1Fi.akYz/xE6gruU5c9uQuYpT0XSP/.cZPtDWU3CcJ1Hy5Ykn78l2','',NULL,NULL,NULL,NULL,1,21),
(42,NULL,NULL,NULL,'2022-10-03 07:28:30.479000',NULL,'jagattripathi@nysf.com',_binary '','Mr.Jagat ',NULL,'2022-10-03 07:28:30.836000','Tripathi',NULL,'$2a$10$virIHHlYxoI.joYd29IjV.WiHDHWunduGuY8Lm7koXbYQRYSD4XIC','',NULL,NULL,NULL,NULL,1,11),
(43,NULL,NULL,NULL,'2022-10-03 07:29:22.002000',NULL,'nileshpathade@nysf.com',_binary '','Mr. Nilesh ',NULL,'2022-10-03 07:29:22.290000','Pathade',NULL,'$2a$10$QhNAqjJXXkMiR8V8E67NDOdUm5y3coSt9cNuzm/1uJNOHj8Q2dL5K','',NULL,NULL,NULL,NULL,1,21),
(44,NULL,NULL,NULL,'2022-10-03 07:30:11.348000',NULL,'mahendratiwari@nysf.com',_binary '','Mr. Mahendra ',NULL,'2022-10-03 07:30:11.698000','Tiwari',NULL,'$2a$10$pGaO6YIsWSI.O6zOiqiPr.psW0oZrfJ0cuvYBWnl.umm4L5EzbvIC','',NULL,NULL,NULL,NULL,1,20),
(45,NULL,NULL,NULL,'2022-10-03 07:31:17.892000',NULL,'meghnabajhala@nysf.com',_binary '','Mrs. Meghnaba ',NULL,'2022-10-03 07:31:18.165000','Jhala',NULL,'$2a$10$I1.NQ6x2nnb9l2.K1/ON6ezJGgOABhOSUsfy73u62Y9smjc2F2dny','',NULL,NULL,NULL,NULL,1,11),
(46,NULL,NULL,NULL,'2022-10-03 07:32:09.616000',NULL,'yash@nysf.com',_binary '','Mr. ',NULL,'2022-10-03 07:32:09.927000','Yash ',NULL,'$2a$10$JY8V/I4aOcB5pnhy58YdxuDOSIHaTYVSOMLLqow5PH3FPOY1zR54e','',NULL,NULL,NULL,NULL,1,35),
(47,NULL,NULL,NULL,'2022-10-03 07:33:19.217000',NULL,'manohar@nysf.com',_binary '','Mr. ',NULL,'2022-10-03 07:33:20.088000','Manohar',NULL,'$2a$10$DhK0u10TP5HdFlmFvLfSbO9H1GDNRvL3SCYHqcS0VEuh3VbhGLlgO','',NULL,NULL,NULL,NULL,1,32);

INSERT INTO `users_roles`
(`user_id`,`role_id`) VALUES 
(4,2),
(7,2),
(8,2),
(9,3),
(10,3),
(11,3),
(12,3),
(13,3),
(14,3),
(15,3),
(16,3),
(19,3),
(33,3),
(34,3),
(35,3),
(36,3),
(37,3),
(38,3),
(39,3),
(40,3),
(41,3),
(17,4),
(18,4),
(20,4),
(21,4),
(22,4),
(23,4),
(24,4),
(42,4),
(43,4),
(44,4),
(45,4),
(46,4),
(47,4),
(5,5),
(6,5),
(25,6),
(26,6),
(27,6),
(28,6),
(29,6),
(30,6),
(31,6),
(32,6),
(2,7),
(3,7);



/* Insert values to Championship Levels */
INSERT INTO `championship_levels` 
(id,created_time,enabled,last_modified_time,title,created_by,last_modified_by) values
(1,NULL,_binary '','2022-10-02 11:02:12.789000','National',NULL,1);

/* Insert values to Championship */
INSERT INTO `championship` 
(id,created_time,end_date,last_modified_time,location,name,start_date,created_by,last_modified_by,championship_levels_id) VALUES 
(1,NULL,'2022-10-11 00:00:00.000000','2022-10-02 10:24:10.722000','Gujarat','National Games','2022-10-06 00:00:00.000000',NULL,1,1);

/* Insert values to Championship Category */
INSERT INTO `championship_category` 
(`id`,`gender`,`no_of_participants`,`no_of_rounds`,`asana_category_id`,`age_category_id`,`championship_id`) VALUES 
(1,'Male',1,2,1,1,1 ),
(2,'Male',1,2,2,1,1 ),
(3,'Male',2,2,3,1,1 ),
(4,'Male',2,2,4,1,1 ),
(5,'Male',5,2,5,1,1 ),
(6,'Female',1,2,1,1,1 ),
(7,'Female',1,2,2,1,1 ),
(8,'Female',2,2,3,1,1 ),
(9,'Female',2,2,4,1,1 ),
(10,'Female',5,2,5,1,1);

/* Insert values to Championship Rounds */
INSERT INTO `championship_rounds` 
(id, no_of_participant_teams, round, status, championship_id, championship_category_id) VALUES 
(1,NULL,1,'SCHEDULED',1,1 ),
(2,NULL,2,'SCHEDULED',1,1 ),
(3,NULL,1,'SCHEDULED',1,2 ),
(4,NULL,2,'SCHEDULED',1,2 ),
(5,NULL,1,'SCHEDULED',1,3 ),
(6,NULL,2,'SCHEDULED',1,3 ),
(7,NULL,1,'SCHEDULED',1,4 ),
(8,NULL,2,'SCHEDULED',1,4 ),
(9,NULL,1,'SCHEDULED',1,5 ),
(10,NULL,2,'SCHEDULED',1,5 ),
(11,NULL,1,'SCHEDULED',1,6 ),
(12,NULL,2,'SCHEDULED',1,6 ),
(13,NULL,1,'SCHEDULED',1,7 ),
(14,NULL,2,'SCHEDULED',1,7 ),
(15,NULL,1,'SCHEDULED',1,8 ),
(16,NULL,2,'SCHEDULED',1,8 ),
(17,NULL,1,'SCHEDULED',1,9 ),
(18,NULL,2,'SCHEDULED',1,9 ),
(19,NULL,1,'SCHEDULED',1,10 ),
(20,NULL,2,'SCHEDULED',1,10);


/* Insert values to compulsory_round_asanas */
INSERT INTO `compulsory_round_asanas`(`id`,`compulsory`,`created_time`,`gender`,`last_modified_time`,`round_number`,`sequence_number`,`asana_id`,`asana_category_id`,`age_category_id`,`championship_id`,`created_by`,`last_modified_by`) VALUES 
(1,_binary '','2022-10-04 08:34:30.320000','Male',NULL,1,1,256,1,1,1,1,NULL),
(2,_binary '','2022-10-04 08:35:16.980000','Male',NULL,1,2,98,1,1,1,1,NULL),
(3,_binary '','2022-10-04 08:36:52.103000','Male',NULL,1,3,141,1,1,1,1,NULL),
(4,_binary '','2022-10-04 08:37:51.536000','Male',NULL,1,4,232,1,1,1,1,NULL),
(5,_binary '','2022-10-04 08:39:37.720000','Male',NULL,2,1,78,1,1,1,1,NULL),
(6,_binary '','2022-10-04 08:40:47.105000','Male',NULL,2,2,263,1,1,1,1,NULL),
(7,_binary '','2022-10-04 08:42:12.506000','Female',NULL,1,1,259,1,1,1,1,NULL),
(8,_binary '','2022-10-04 08:43:22.064000','Female',NULL,1,2,257,1,1,1,1,NULL),
(9,_binary '','2022-10-04 08:44:51.813000','Female',NULL,1,3,266,1,1,1,1,NULL),
(10,_binary '','2022-10-04 08:45:48.908000','Female',NULL,1,4,267,1,1,1,1,NULL),
(11,_binary '','2022-10-04 08:46:55.099000','Female','2022-10-04 08:47:12.094000',2,1,98,1,1,1,1,1),
(12,_binary '','2022-10-04 08:48:18.612000','Female',NULL,2,2,281,1,1,1,1,NULL);


/* Insert values to asana_execution_scores */
INSERT INTO `asana_execution_scores` (`id`,`code`,`created_time`,`gender`,`last_modified_time`,`sub_group`,`weightage`,`asana_id`,`asana_category_id`,`age_category_id`,`created_by`,`execution_category_id`,`last_modified_by`)
VALUES(1,'FBS-A',NULL,'Male',NULL,1,0.6,1,1,1,NULL,1,NULL),
(2,'FBS-A',NULL,'Female',NULL,1,0.6,1,1,1,NULL,1,NULL),
(3,'FBS-B',NULL,'Male',NULL,1,0.7,2,1,1,NULL,1,NULL),
(4,'FBS-B',NULL,'Female',NULL,1,0.7,2,1,1,NULL,1,NULL),
(5,'FBS-C',NULL,'Male',NULL,1,0.8,3,1,1,NULL,1,NULL),
(6,'FBS-C',NULL,'Female',NULL,1,0.8,3,1,1,NULL,1,NULL),
(7,'FBS-D',NULL,'Male',NULL,1,0.9,4,1,1,NULL,1,NULL),
(8,'FBS-D',NULL,'Female',NULL,1,0.9,4,1,1,NULL,1,NULL),
(9,'FBS-E',NULL,'Male',NULL,1,1,5,1,1,NULL,1,NULL),
(10,'FBS-E',NULL,'Female',NULL,1,1,5,1,1,NULL,1,NULL),
(11,'FBS-A',NULL,'Male',NULL,2,0.6,6,1,1,NULL,1,NULL),
(12,'FBS-A',NULL,'Female',NULL,2,0.6,6,1,1,NULL,1,NULL),
(13,'FBS-B',NULL,'Male',NULL,2,0.7,7,1,1,NULL,1,NULL),
(14,'FBS-B',NULL,'Female',NULL,2,0.7,7,1,1,NULL,1,NULL),
(15,'FBS-C',NULL,'Male',NULL,2,0.8,8,1,1,NULL,1,NULL),
(16,'FBS-C',NULL,'Female',NULL,2,0.8,8,1,1,NULL,1,NULL),
(17,'FBS-D',NULL,'Male',NULL,2,0.9,9,1,1,NULL,1,NULL),
(18,'FBS-D',NULL,'Female',NULL,2,0.9,9,1,1,NULL,1,NULL),
(19,'FBS-E',NULL,'Male',NULL,2,1,10,1,1,NULL,1,NULL),
(20,'FBS-E',NULL,'Female',NULL,2,1,10,1,1,NULL,1,NULL),
(21,'FBS-A',NULL,'Male',NULL,3,0.6,11,1,1,NULL,1,NULL),
(22,'FBS-A',NULL,'Female',NULL,3,0.6,11,1,1,NULL,1,NULL),
(23,'FBS-B',NULL,'Male',NULL,3,0.7,12,1,1,NULL,1,NULL),
(24,'FBS-B',NULL,'Female',NULL,3,0.7,12,1,1,NULL,1,NULL),
(25,'FBS-C',NULL,'Male',NULL,3,0.8,13,1,1,NULL,1,NULL),
(26,'FBS-C',NULL,'Female',NULL,3,0.8,13,1,1,NULL,1,NULL),
(27,'FBS-D',NULL,'Male','2021-09-25 16:31:41.640000',3,0.9,14,1,1,NULL,1,1),
(28,'FBS-D',NULL,'Female',NULL,3,0.9,14,1,1,NULL,1,NULL),
(29,'FBS-E',NULL,'Male',NULL,3,1,15,1,1,NULL,1,NULL),
(30,'FBS-E',NULL,'Female',NULL,3,1,15,1,1,NULL,1,NULL),
(31,'FBS-A',NULL,'Male',NULL,4,0.6,16,1,1,NULL,1,NULL),
(32,'FBS-A',NULL,'Female',NULL,4,0.6,16,1,1,NULL,1,NULL),
(33,'FBS-B',NULL,'Male',NULL,4,0.7,17,1,1,NULL,1,NULL),
(34,'FBS-B',NULL,'Female',NULL,4,0.7,17,1,1,NULL,1,NULL),
(35,'FBS-C',NULL,'Male',NULL,4,0.8,18,1,1,NULL,1,NULL),
(36,'FBS-C',NULL,'Female',NULL,4,0.8,18,1,1,NULL,1,NULL),
(37,'FBS-D',NULL,'Male',NULL,4,0.9,19,1,1,NULL,1,NULL),
(38,'FBS-D',NULL,'Female',NULL,4,0.9,19,1,1,NULL,1,NULL),
(39,'FBS-E',NULL,'Male',NULL,4,1,20,1,1,NULL,1,NULL),
(40,'FBS-E',NULL,'Female',NULL,4,1,20,1,1,NULL,1,NULL),
(41,'FBS-A',NULL,'Male',NULL,5,0.6,21,1,1,NULL,1,NULL),
(42,'FBS-A',NULL,'Female',NULL,5,0.6,21,1,1,NULL,1,NULL),
(43,'FBS-B',NULL,'Male',NULL,5,0.7,22,1,1,NULL,1,NULL),
(44,'FBS-B',NULL,'Male',NULL,5,0.7,22,1,1,NULL,1,NULL),
(45,'FBS-C',NULL,'Male',NULL,5,0.8,23,1,1,NULL,1,NULL),
(46,'FBS-C',NULL,'Female',NULL,5,0.8,23,1,1,NULL,1,NULL),
(47,'FBS-D',NULL,'Male',NULL,5,0.9,24,1,1,NULL,1,NULL),
(48,'FBS-D',NULL,'Female',NULL,5,0.9,24,1,1,NULL,1,NULL),
(49,'FBS-E',NULL,'Male',NULL,5,1,25,1,1,NULL,1,NULL),
(50,'FBS-E',NULL,'Female',NULL,5,1,25,1,1,NULL,1,NULL),
(51,'FBF-A',NULL,'Male',NULL,1,0.6,26,1,1,NULL,2,NULL),
(52,'FBF-A',NULL,'Female',NULL,1,0.6,26,1,1,NULL,2,NULL),
(53,'FBF-B',NULL,'Male',NULL,1,0.7,27,1,1,NULL,2,NULL),
(54,'FBF-B',NULL,'Female',NULL,1,0.7,27,1,1,NULL,2,NULL),
(55,'FBF-C',NULL,'Male',NULL,1,0.8,28,1,1,NULL,2,NULL),
(56,'FBF-C',NULL,'Female',NULL,1,0.8,28,1,1,NULL,2,NULL),
(57,'FBF-D',NULL,'Male',NULL,1,0.9,29,1,1,NULL,2,NULL),
(58,'FBF-D',NULL,'Female',NULL,1,0.9,29,1,1,NULL,2,NULL),
(59,'FBF-E',NULL,'Male',NULL,1,1,30,1,1,NULL,2,NULL),
(60,'FBF-E',NULL,'Female',NULL,1,1,30,1,1,NULL,2,NULL),
(61,'FBF-A',NULL,'Male',NULL,2,0.6,31,1,1,NULL,2,NULL),
(62,'FBF-A',NULL,'Female',NULL,2,0.6,31,1,1,NULL,2,NULL),
(63,'FBF-B',NULL,'Male',NULL,2,0.7,32,1,1,NULL,2,NULL),
(64,'FBF-B',NULL,'Female',NULL,2,0.7,32,1,1,NULL,2,NULL),
(65,'FBF-C',NULL,'Male',NULL,2,0.8,33,1,1,NULL,2,NULL),
(66,'FBF-C',NULL,'Female',NULL,2,0.8,33,1,1,NULL,2,NULL),
(67,'FBF-D',NULL,'Male',NULL,2,0.9,34,1,1,NULL,2,NULL),
(68,'FBF-D',NULL,'Female',NULL,2,0.9,34,1,1,NULL,2,NULL),
(69,'FBF-E',NULL,'Male',NULL,2,1,35,1,1,NULL,2,NULL),
(70,'FBF-E',NULL,'Female',NULL,2,1,35,1,1,NULL,2,NULL),
(71,'FBF-A',NULL,'Male',NULL,3,0.6,36,1,1,NULL,2,NULL),
(72,'FBF-A',NULL,'Female',NULL,3,0.6,36,1,1,NULL,2,NULL),
(73,'FBF-B',NULL,'Male',NULL,3,0.7,37,1,1,NULL,2,NULL),
(74,'FBF-B',NULL,'Female',NULL,3,0.7,37,1,1,NULL,2,NULL),
(75,'FBF-C',NULL,'Male',NULL,3,0.8,38,1,1,NULL,2,NULL),
(76,'FBF-C',NULL,'Female',NULL,3,0.8,38,1,1,NULL,2,NULL),
(77,'FBF-D',NULL,'Male',NULL,3,0.9,39,1,1,NULL,2,NULL),
(78,'FBF-D',NULL,'Female',NULL,3,0.9,39,1,1,NULL,2,NULL),
(79,'FBF-E',NULL,'Male',NULL,3,1,40,1,1,NULL,2,NULL),
(80,'FBF-E',NULL,'Female',NULL,3,1,40,1,1,NULL,2,NULL),
(81,'FBF-A',NULL,'Male',NULL,4,0.6,41,1,1,NULL,2,NULL),
(82,'FBF-A',NULL,'Female',NULL,4,0.6,41,1,1,NULL,2,NULL),
(83,'FBF-B',NULL,'Male',NULL,4,0.7,42,1,1,NULL,2,NULL),
(84,'FBF-B',NULL,'Female',NULL,4,0.7,42,1,1,NULL,2,NULL),
(85,'FBF-C',NULL,'Male',NULL,4,0.8,43,1,1,NULL,2,NULL),
(86,'FBF-C',NULL,'Female',NULL,4,0.8,43,1,1,NULL,2,NULL),
(87,'FBF-D',NULL,'Male',NULL,4,0.9,44,1,1,NULL,2,NULL),
(88,'FBF-D',NULL,'Female',NULL,4,0.9,44,1,1,NULL,2,NULL),
(89,'FBF-E',NULL,'Male',NULL,4,1,45,1,1,NULL,2,NULL),
(90,'FBF-E',NULL,'Female',NULL,4,1,45,1,1,NULL,2,NULL),
(91,'FBF-A',NULL,'Male',NULL,5,0.6,46,1,1,NULL,2,NULL),
(92,'FBF-A',NULL,'Female',NULL,5,0.6,46,1,1,NULL,2,NULL),
(93,'FBF-B',NULL,'Male',NULL,5,0.7,47,1,1,NULL,2,NULL),
(94,'FBF-B',NULL,'Female',NULL,5,0.7,47,1,1,NULL,2,NULL),
(95,'FBF-C',NULL,'Male',NULL,5,0.8,48,1,1,NULL,2,NULL),
(96,'FBF-C',NULL,'Female',NULL,5,0.8,48,1,1,NULL,2,NULL),
(97,'FBF-D',NULL,'Male',NULL,5,0.9,49,1,1,NULL,2,NULL),
(98,'FBF-D',NULL,'Female',NULL,5,0.9,49,1,1,NULL,2,NULL),
(99,'FBF-E',NULL,'Male',NULL,5,1,50,1,1,NULL,2,NULL),
(100,'FBF-E',NULL,'Female',NULL,5,1,50,1,1,NULL,2,NULL),
(101,'BBS-A',NULL,'Male',NULL,1,0.6,51,1,1,NULL,3,NULL),
(102,'BBS-A',NULL,'Female',NULL,1,0.6,51,1,1,NULL,3,NULL),
(103,'BBS-B',NULL,'Male',NULL,1,0.7,52,1,1,NULL,3,NULL),
(104,'BBS-B',NULL,'Female',NULL,1,0.7,52,1,1,NULL,3,NULL),
(105,'BBS-C',NULL,'Male',NULL,1,0.8,53,1,1,NULL,3,NULL),
(106,'BBS-C',NULL,'Female',NULL,1,0.8,53,1,1,NULL,3,NULL),
(107,'BBS-D',NULL,'Male',NULL,1,0.9,54,1,1,NULL,3,NULL),
(108,'BBS-D',NULL,'Female',NULL,1,0.9,54,1,1,NULL,3,NULL),
(109,'BBS-E',NULL,'Male',NULL,1,1,55,1,1,NULL,3,NULL),
(110,'BBS-E',NULL,'Female',NULL,1,1,55,1,1,NULL,3,NULL),
(111,'BBS-A',NULL,'Male',NULL,2,0.6,56,1,1,NULL,3,NULL),
(112,'BBS-A',NULL,'Female',NULL,2,0.6,56,1,1,NULL,3,NULL),
(113,'BBS-B',NULL,'Male',NULL,2,0.7,57,1,1,NULL,3,NULL),
(114,'BBS-B',NULL,'Female',NULL,2,0.7,57,1,1,NULL,3,NULL),
(115,'BBS-C',NULL,'Male',NULL,2,0.8,58,1,1,NULL,3,NULL),
(116,'BBS-C',NULL,'Female',NULL,2,0.8,58,1,1,NULL,3,NULL),
(117,'BBS-D',NULL,'Male',NULL,2,0.9,59,1,1,NULL,3,NULL),
(118,'BBS-D',NULL,'Female',NULL,2,0.9,59,1,1,NULL,3,NULL),
(119,'BBS-E',NULL,'Male',NULL,2,1,60,1,1,NULL,3,NULL),
(120,'BBS-E',NULL,'Female',NULL,2,1,60,1,1,NULL,3,NULL),
(121,'BBS-A',NULL,'Male',NULL,3,0.6,61,1,1,NULL,3,NULL),
(122,'BBS-A',NULL,'Female',NULL,3,0.6,61,1,1,NULL,3,NULL),
(123,'BBS-B',NULL,'Male',NULL,3,0.7,62,1,1,NULL,3,NULL),
(124,'BBS-B',NULL,'Female',NULL,3,0.7,62,1,1,NULL,3,NULL),
(125,'BBS-C',NULL,'Male',NULL,3,0.8,63,1,1,NULL,3,NULL),
(126,'BBS-C',NULL,'Female',NULL,3,0.8,63,1,1,NULL,3,NULL),
(127,'BBS-D',NULL,'Male',NULL,3,0.9,64,1,1,NULL,3,NULL),
(128,'BBS-D',NULL,'Female',NULL,3,0.9,64,1,1,NULL,3,NULL),
(129,'BBS-E',NULL,'Male',NULL,3,1,65,1,1,NULL,3,NULL),
(130,'BBS-E',NULL,'Female',NULL,3,1,65,1,1,NULL,3,NULL),
(131,'BBS-A',NULL,'Male',NULL,4,0.6,66,1,1,NULL,3,NULL),
(132,'BBS-A',NULL,'Female',NULL,4,0.6,66,1,1,NULL,3,NULL),
(133,'BBS-B',NULL,'Male',NULL,4,0.7,67,1,1,NULL,3,NULL),
(134,'BBS-B',NULL,'Female',NULL,4,0.7,67,1,1,NULL,3,NULL),
(135,'BBS-C',NULL,'Male',NULL,4,0.8,68,1,1,NULL,3,NULL),
(136,'BBS-C',NULL,'Female',NULL,4,0.8,68,1,1,NULL,3,NULL),
(137,'BBS-D',NULL,'Male',NULL,4,0.9,69,1,1,NULL,3,NULL),
(138,'BBS-D',NULL,'Female',NULL,4,0.9,69,1,1,NULL,3,NULL),
(139,'BBS-E',NULL,'Male',NULL,4,1,70,1,1,NULL,3,NULL),
(140,'BBS-E',NULL,'Female',NULL,4,1,70,1,1,NULL,3,NULL),
(141,'BBS-A',NULL,'Male',NULL,5,0.6,71,1,1,NULL,3,NULL),
(142,'BBS-A',NULL,'Female',NULL,5,0.6,71,1,1,NULL,3,NULL),
(143,'BBS-B',NULL,'Male',NULL,5,0.7,72,1,1,NULL,3,NULL),
(144,'BBS-B',NULL,'Female',NULL,5,0.7,72,1,1,NULL,3,NULL),
(145,'BBS-C',NULL,'Male',NULL,5,0.8,73,1,1,NULL,3,NULL),
(146,'BBS-C',NULL,'Female',NULL,5,0.8,73,1,1,NULL,3,NULL),
(147,'BBS-D',NULL,'Male',NULL,5,0.9,74,1,1,NULL,3,NULL),
(148,'BBS-D',NULL,'Female',NULL,5,0.9,74,1,1,NULL,3,NULL),
(149,'BBS-E',NULL,'Male',NULL,5,1,75,1,1,NULL,3,NULL),
(150,'BBS-E',NULL,'Female',NULL,5,1,75,1,1,NULL,3,NULL),
(151,'BBF-A',NULL,'Male',NULL,1,0.6,76,1,1,NULL,4,NULL),
(152,'BBF-A',NULL,'Female',NULL,1,0.6,76,1,1,NULL,4,NULL),
(153,'BBF-B',NULL,'Male',NULL,1,0.7,77,1,1,NULL,4,NULL),
(154,'BBF-B',NULL,'Female',NULL,1,0.7,77,1,1,NULL,4,NULL),
(155,'BBF-C',NULL,'Male',NULL,1,0.8,78,1,1,NULL,4,NULL),
(156,'BBF-C',NULL,'Female',NULL,1,0.8,78,1,1,NULL,4,NULL),
(157,'BBF-D',NULL,'Male',NULL,1,0.9,79,1,1,NULL,4,NULL),
(158,'BBF-D',NULL,'Female',NULL,1,0.9,79,1,1,NULL,4,NULL),
(159,'BBF-E',NULL,'Male',NULL,1,1,80,1,1,NULL,4,NULL),
(160,'BBF-E',NULL,'Female',NULL,1,1,80,1,1,NULL,4,NULL),
(161,'BBF-A',NULL,'Male',NULL,2,0.6,81,1,1,NULL,4,NULL),
(162,'BBF-A',NULL,'Female',NULL,2,0.6,81,1,1,NULL,4,NULL),
(163,'BBF-B',NULL,'Male',NULL,2,0.7,82,1,1,NULL,4,NULL),
(164,'BBF-B',NULL,'Female',NULL,2,0.7,82,1,1,NULL,4,NULL),
(165,'BBF-C',NULL,'Male',NULL,2,0.8,83,1,1,NULL,4,NULL),
(166,'BBF-C',NULL,'Female',NULL,2,0.8,83,1,1,NULL,4,NULL),
(167,'BBF-D',NULL,'Male',NULL,2,0.9,84,1,1,NULL,4,NULL),
(168,'BBF-D',NULL,'Female',NULL,2,0.9,84,1,1,NULL,4,NULL),
(169,'BBF-E',NULL,'Male',NULL,2,1,85,1,1,NULL,4,NULL),
(170,'BBF-E',NULL,'Female',NULL,2,1,85,1,1,NULL,4,NULL),
(171,'BBF-A',NULL,'Male',NULL,3,0.6,86,1,1,NULL,4,NULL),
(172,'BBF-A',NULL,'Female',NULL,3,0.6,86,1,1,NULL,4,NULL),
(173,'BBF-B',NULL,'Male',NULL,3,0.7,87,1,1,NULL,4,NULL),
(174,'BBF-B',NULL,'Female',NULL,3,0.7,87,1,1,NULL,4,NULL),
(175,'BBF-C',NULL,'Male',NULL,3,0.8,88,1,1,NULL,4,NULL),
(176,'BBF-C',NULL,'Female',NULL,3,0.8,88,1,1,NULL,4,NULL),
(177,'BBF-D',NULL,'Male',NULL,3,0.9,89,1,1,NULL,4,NULL),
(178,'BBF-D',NULL,'Female',NULL,3,0.9,89,1,1,NULL,4,NULL),
(179,'BBF-E',NULL,'Male',NULL,3,1,90,1,1,NULL,4,NULL),
(180,'BBF-E',NULL,'Female',NULL,3,1,90,1,1,NULL,4,NULL),
(181,'BBF-A',NULL,'Male',NULL,4,0.6,91,1,1,NULL,4,NULL),
(182,'BBF-A',NULL,'Female',NULL,4,0.6,91,1,1,NULL,4,NULL),
(183,'BBF-B',NULL,'Male',NULL,4,0.7,92,1,1,NULL,4,NULL),
(184,'BBF-B',NULL,'Female',NULL,4,0.7,92,1,1,NULL,4,NULL),
(185,'BBF-C',NULL,'Male',NULL,4,0.8,93,1,1,NULL,4,NULL),
(186,'BBF-C',NULL,'Female',NULL,4,0.8,93,1,1,NULL,4,NULL),
(187,'BBF-D',NULL,'Male',NULL,4,0.9,94,1,1,NULL,4,NULL),
(188,'BBF-D',NULL,'Female',NULL,4,0.9,94,1,1,NULL,4,NULL),
(189,'BBF-E',NULL,'Male',NULL,4,1,95,1,1,NULL,4,NULL),
(190,'BBF-E',NULL,'Female',NULL,4,1,95,1,1,NULL,4,NULL),
(191,'BBF-A',NULL,'Male',NULL,5,0.6,96,1,1,NULL,4,NULL),
(192,'BBF-A',NULL,'Female',NULL,5,0.6,96,1,1,NULL,4,NULL),
(193,'BBF-B',NULL,'Male',NULL,5,0.7,97,1,1,NULL,4,NULL),
(194,'BBF-B',NULL,'Female',NULL,5,0.7,97,1,1,NULL,4,NULL),
(195,'BBF-C',NULL,'Male',NULL,5,0.8,98,1,1,NULL,4,NULL),
(196,'BBF-C',NULL,'Female',NULL,5,0.8,98,1,1,NULL,4,NULL),
(197,'BBF-D',NULL,'Male',NULL,5,0.9,99,1,1,NULL,4,NULL),
(198,'BBF-D',NULL,'Female',NULL,5,0.9,99,1,1,NULL,4,NULL),
(199,'BBF-E',NULL,'Male',NULL,5,1,100,1,1,NULL,4,NULL),
(200,'BBF-E',NULL,'Female',NULL,5,1,100,1,1,NULL,4,NULL),
(201,'TBF-A',NULL,'Male',NULL,1,0.6,101,1,1,NULL,5,NULL),
(202,'TBF-A',NULL,'Female',NULL,1,0.6,101,1,1,NULL,5,NULL),
(203,'TBF-B',NULL,'Male','2021-09-25 16:25:35.709000',1,0.7,102,1,1,NULL,5,1),
(204,'TBF-B',NULL,'Female',NULL,1,0.7,102,1,1,NULL,5,NULL),
(205,'TBF-C',NULL,'Male',NULL,1,0.8,103,1,1,NULL,5,NULL),
(206,'TBF-C',NULL,'Female',NULL,1,0.8,103,1,1,NULL,5,NULL),
(207,'TBF-D',NULL,'Male',NULL,1,0.9,104,1,1,NULL,5,NULL),
(208,'TBF-D',NULL,'Female',NULL,1,0.9,104,1,1,NULL,5,NULL),
(209,'TBF-E',NULL,'Male',NULL,1,1,105,1,1,NULL,5,NULL),
(210,'TBF-E',NULL,'Female',NULL,1,1,105,1,1,NULL,5,NULL),
(211,'TBF-A',NULL,'Male',NULL,2,0.6,106,1,1,NULL,5,NULL),
(212,'TBF-A',NULL,'Female',NULL,2,0.6,106,1,1,NULL,5,NULL),
(213,'TBF-B',NULL,'Male',NULL,2,0.7,107,1,1,NULL,5,NULL),
(214,'TBF-B',NULL,'Female',NULL,2,0.7,107,1,1,NULL,5,NULL),
(215,'TBF-C',NULL,'Male',NULL,2,0.8,108,1,1,NULL,5,NULL),
(216,'TBF-C',NULL,'Female',NULL,2,0.8,108,1,1,NULL,5,NULL),
(217,'TBF-D',NULL,'Male',NULL,2,0.9,109,1,1,NULL,5,NULL),
(218,'TBF-D',NULL,'Female',NULL,2,0.9,109,1,1,NULL,5,NULL),
(219,'TBF-E',NULL,'Male',NULL,2,1,110,1,1,NULL,5,NULL),
(220,'TBF-E',NULL,'Female',NULL,2,1,110,1,1,NULL,5,NULL),
(221,'TBF-A',NULL,'Male',NULL,3,0.6,111,1,1,NULL,5,NULL),
(222,'TBF-A',NULL,'Female',NULL,3,0.6,111,1,1,NULL,5,NULL),
(223,'TBF-B',NULL,'Male',NULL,3,0.7,112,1,1,NULL,5,NULL),
(224,'TBF-B',NULL,'Female',NULL,3,0.7,112,1,1,NULL,5,NULL),
(225,'TBF-C',NULL,'Male',NULL,3,0.8,113,1,1,NULL,5,NULL),
(226,'TBF-C',NULL,'Female',NULL,3,0.8,113,1,1,NULL,5,NULL),
(227,'TBF-D',NULL,'Male',NULL,3,0.9,114,1,1,NULL,5,NULL),
(228,'TBF-D',NULL,'Female',NULL,3,0.9,114,1,1,NULL,5,NULL),
(229,'TBF-E',NULL,'Male',NULL,3,1,115,1,1,NULL,5,NULL),
(230,'TBF-E',NULL,'Female',NULL,3,1,115,1,1,NULL,5,NULL),
(231,'TBF-A',NULL,'Male',NULL,4,0.6,116,1,1,NULL,5,NULL),
(232,'TBF-A',NULL,'Female',NULL,4,0.6,116,1,1,NULL,5,NULL),
(233,'TBF-B',NULL,'Male',NULL,4,0.7,117,1,1,NULL,5,NULL),
(234,'TBF-B',NULL,'Female',NULL,4,0.7,117,1,1,NULL,5,NULL),
(235,'TBF-C',NULL,'Male',NULL,4,0.8,118,1,1,NULL,5,NULL),
(236,'TBF-C',NULL,'Female',NULL,4,0.8,118,1,1,NULL,5,NULL),
(237,'TBF-D',NULL,'Male',NULL,4,0.9,119,1,1,NULL,5,NULL),
(238,'TBF-D',NULL,'Female',NULL,4,0.9,119,1,1,NULL,5,NULL),
(239,'TBF-E',NULL,'Male',NULL,4,1,120,1,1,NULL,5,NULL),
(240,'TBF-E',NULL,'Female',NULL,4,1,120,1,1,NULL,5,NULL),
(241,'TBF-A',NULL,'Male',NULL,5,0.6,121,1,1,NULL,5,NULL),
(242,'TBF-A',NULL,'Female',NULL,5,0.6,121,1,1,NULL,5,NULL),
(243,'TBF-B',NULL,'Male',NULL,5,0.7,122,1,1,NULL,5,NULL),
(244,'TBF-B',NULL,'Female',NULL,5,0.7,122,1,1,NULL,5,NULL),
(245,'TBF-C',NULL,'Male',NULL,5,0.8,123,1,1,NULL,5,NULL),
(246,'TBF-C',NULL,'Female',NULL,5,0.8,123,1,1,NULL,5,NULL),
(247,'TBF-D',NULL,'Male',NULL,5,0.9,124,1,1,NULL,5,NULL),
(248,'TBF-D',NULL,'Female',NULL,5,0.9,124,1,1,NULL,5,NULL),
(249,'TBF-E',NULL,'Male',NULL,5,1,125,1,1,NULL,5,NULL),
(250,'TBF-E',NULL,'Female',NULL,5,1,125,1,1,NULL,5,NULL),
(251,'TBB-A',NULL,'Male',NULL,1,0.6,126,1,1,NULL,6,NULL),
(252,'TBB-A',NULL,'Female',NULL,1,0.6,126,1,1,NULL,6,NULL),
(253,'TBB-B',NULL,'Male',NULL,1,0.7,127,1,1,NULL,6,NULL),
(254,'TBB-B',NULL,'Female',NULL,1,0.7,127,1,1,NULL,6,NULL),
(255,'TBB-C',NULL,'Male',NULL,1,0.8,128,1,1,NULL,6,NULL),
(256,'TBB-C',NULL,'Female',NULL,1,0.8,128,1,1,NULL,6,NULL),
(257,'TBB-D',NULL,'Male',NULL,1,0.9,129,1,1,NULL,6,NULL),
(258,'TBB-D',NULL,'Female',NULL,1,0.9,129,1,1,NULL,6,NULL),
(259,'TBB-E',NULL,'Male','2021-09-25 16:01:00.177000',1,1,130,1,1,NULL,6,1),
(260,'TBB-E',NULL,'Female','2021-09-25 16:01:23.466000',1,1,130,1,1,NULL,6,1),
(261,'TBB-A',NULL,'Male',NULL,2,0.6,131,1,1,NULL,6,NULL),
(262,'TBB-A',NULL,'Female',NULL,2,0.6,131,1,1,NULL,6,NULL),
(263,'TBB-B',NULL,'Male',NULL,2,0.7,132,1,1,NULL,6,NULL),
(264,'TBB-B',NULL,'Female',NULL,2,0.7,132,1,1,NULL,6,NULL),
(265,'TBB-C',NULL,'Male',NULL,2,0.8,133,1,1,NULL,6,NULL),
(266,'TBB-C',NULL,'Female',NULL,2,0.8,133,1,1,NULL,6,NULL),
(267,'TBB-D',NULL,'Male',NULL,2,0.9,134,1,1,NULL,6,NULL),
(268,'TBB-D',NULL,'Female',NULL,2,0.9,134,1,1,NULL,6,NULL),
(269,'TBB-E',NULL,'Male',NULL,2,1,135,1,1,NULL,6,NULL),
(270,'TBB-E',NULL,'Female',NULL,2,1,135,1,1,NULL,6,NULL),
(271,'TBB-A',NULL,'Male',NULL,3,0.6,136,1,1,NULL,6,NULL),
(272,'TBB-A',NULL,'Female',NULL,3,0.6,136,1,1,NULL,6,NULL),
(273,'TBB-B',NULL,'Male',NULL,3,0.7,137,1,1,NULL,6,NULL),
(274,'TBB-B',NULL,'Female',NULL,3,0.7,137,1,1,NULL,6,NULL),
(275,'TBB-C',NULL,'Male',NULL,3,0.8,138,1,1,NULL,6,NULL),
(276,'TBB-C',NULL,'Female',NULL,3,0.8,138,1,1,NULL,6,NULL),
(277,'TBB-D',NULL,'Male',NULL,3,0.9,139,1,1,NULL,6,NULL),
(278,'TBB-D',NULL,'Female',NULL,3,0.9,139,1,1,NULL,6,NULL),
(279,'TBB-E',NULL,'Male',NULL,3,1,140,1,1,NULL,6,NULL),
(280,'TBB-E',NULL,'Female',NULL,3,1,140,1,1,NULL,6,NULL),
(281,'TBB-A',NULL,'Male',NULL,4,0.6,141,1,1,NULL,6,NULL),
(282,'TBB-A',NULL,'Female',NULL,4,0.6,141,1,1,NULL,6,NULL),
(283,'TBB-B',NULL,'Male',NULL,4,0.7,142,1,1,NULL,6,NULL),
(284,'TBB-B',NULL,'Female',NULL,4,0.7,142,1,1,NULL,6,NULL),
(285,'TBB-C',NULL,'Male',NULL,4,0.8,143,1,1,NULL,6,NULL),
(286,'TBB-C',NULL,'Female',NULL,4,0.8,143,1,1,NULL,6,NULL),
(287,'TBB-D',NULL,'Male',NULL,4,0.9,144,1,1,NULL,6,NULL),
(288,'TBB-D',NULL,'Female',NULL,4,0.9,144,1,1,NULL,6,NULL),
(289,'TBB-E',NULL,'Male',NULL,4,1,145,1,1,NULL,6,NULL),
(290,'TBB-E',NULL,'Female',NULL,4,1,145,1,1,NULL,6,NULL),
(291,'TBB-A',NULL,'Male',NULL,5,0.6,146,1,1,NULL,6,NULL),
(292,'TBB-A',NULL,'Female',NULL,5,0.6,146,1,1,NULL,6,NULL),
(293,'TBB-B',NULL,'Male',NULL,5,0.7,147,1,1,NULL,6,NULL),
(294,'TBB-B',NULL,'Female',NULL,5,0.7,147,1,1,NULL,6,NULL),
(295,'TBB-C',NULL,'Male',NULL,5,0.8,148,1,1,NULL,6,NULL),
(296,'TBB-C',NULL,'Female',NULL,5,0.8,148,1,1,NULL,6,NULL),
(297,'TBB-D',NULL,'Male',NULL,5,0.9,149,1,1,NULL,6,NULL),
(298,'TBB-D',NULL,'Female',NULL,5,0.9,149,1,1,NULL,6,NULL),
(299,'TBB-E',NULL,'Male',NULL,5,1,150,1,1,NULL,6,NULL),
(300,'TBB-E',NULL,'Male',NULL,5,1,150,1,1,NULL,6,NULL),
(301,'LBB-A',NULL,'Male',NULL,1,0.6,151,1,1,NULL,7,NULL),
(302,'LBB-A',NULL,'Female',NULL,1,0.6,151,1,1,NULL,7,NULL),
(303,'LBB-B',NULL,'Male',NULL,1,0.7,152,1,1,NULL,7,NULL),
(304,'LBB-B',NULL,'Female',NULL,1,0.7,152,1,1,NULL,7,NULL),
(305,'LBB-C',NULL,'Male',NULL,1,0.8,153,1,1,NULL,7,NULL),
(306,'LBB-C',NULL,'Female',NULL,1,0.8,153,1,1,NULL,7,NULL),
(307,'LBB-D',NULL,'Male',NULL,1,0.9,154,1,1,NULL,7,NULL),
(308,'LBB-D',NULL,'Female',NULL,1,0.9,154,1,1,NULL,7,NULL),
(309,'LBB-E',NULL,'Male',NULL,1,1,155,1,1,NULL,7,NULL),
(310,'LBB-E',NULL,'Female',NULL,1,1,155,1,1,NULL,7,NULL),
(311,'LBB-A',NULL,'Male',NULL,2,0.6,156,1,1,NULL,7,NULL),
(312,'LBB-A',NULL,'Female',NULL,2,0.6,156,1,1,NULL,7,NULL),
(313,'LBB-B',NULL,'Male',NULL,2,0.7,157,1,1,NULL,7,NULL),
(314,'LBB-B',NULL,'Female',NULL,2,0.7,157,1,1,NULL,7,NULL),
(315,'LBB-C',NULL,'Male',NULL,2,0.8,158,1,1,NULL,7,NULL),
(316,'LBB-C',NULL,'Female',NULL,2,0.8,158,1,1,NULL,7,NULL),
(317,'LBB-D',NULL,'Male',NULL,2,0.9,159,1,1,NULL,7,NULL),
(318,'LBB-D',NULL,'Female',NULL,2,0.9,159,1,1,NULL,7,NULL),
(319,'LBB-E',NULL,'Male',NULL,2,1,160,1,1,NULL,7,NULL),
(320,'LBB-E',NULL,'Female',NULL,2,1,160,1,1,NULL,7,NULL),
(321,'LBB-A',NULL,'Male',NULL,3,0.6,161,1,1,NULL,7,NULL),
(322,'LBB-A',NULL,'Female',NULL,3,0.6,161,1,1,NULL,7,NULL),
(323,'LBB-B',NULL,'Male',NULL,3,0.7,162,1,1,NULL,7,NULL),
(324,'LBB-B',NULL,'Female',NULL,3,0.7,162,1,1,NULL,7,NULL),
(325,'LBB-C',NULL,'Male',NULL,3,0.8,163,1,1,NULL,7,NULL),
(326,'LBB-C',NULL,'Female',NULL,3,0.8,163,1,1,NULL,7,NULL),
(327,'LBB-D',NULL,'Male',NULL,3,0.9,164,1,1,NULL,7,NULL),
(328,'LBB-D',NULL,'Female',NULL,3,0.9,164,1,1,NULL,7,NULL),
(329,'LBB-E',NULL,'Male',NULL,3,1,165,1,1,NULL,7,NULL),
(330,'LBB-E',NULL,'Female',NULL,3,1,165,1,1,NULL,7,NULL),
(331,'LBB-A',NULL,'Male',NULL,4,0.6,166,1,1,NULL,7,NULL),
(332,'LBB-A',NULL,'Female',NULL,4,0.6,166,1,1,NULL,7,NULL),
(333,'LBB-B',NULL,'Male',NULL,4,0.7,167,1,1,NULL,7,NULL),
(334,'LBB-B',NULL,'Female',NULL,4,0.7,167,1,1,NULL,7,NULL),
(335,'LBB-C',NULL,'Male',NULL,4,0.8,168,1,1,NULL,7,NULL),
(336,'LBB-C',NULL,'Female',NULL,4,0.8,168,1,1,NULL,7,NULL),
(337,'LBB-D',NULL,'Male',NULL,4,0.9,169,1,1,NULL,7,NULL),
(338,'LBB-D',NULL,'Female',NULL,4,0.9,169,1,1,NULL,7,NULL),
(339,'LBB-E',NULL,'Male',NULL,4,1,170,1,1,NULL,7,NULL),
(340,'LBB-E',NULL,'Female',NULL,4,1,170,1,1,NULL,7,NULL),
(341,'LBB-A',NULL,'Male',NULL,5,0.6,171,1,1,NULL,7,NULL),
(342,'LBB-A',NULL,'Female',NULL,5,0.6,171,1,1,NULL,7,NULL),
(343,'LBB-B',NULL,'Male',NULL,5,0.7,172,1,1,NULL,7,NULL),
(344,'LBB-B',NULL,'Female',NULL,5,0.7,172,1,1,NULL,7,NULL),
(345,'LBB-C',NULL,'Male',NULL,5,0.8,173,1,1,NULL,7,NULL),
(346,'LBB-C',NULL,'Female',NULL,5,0.8,173,1,1,NULL,7,NULL),
(347,'LBB-D',NULL,'Male',NULL,5,0.9,174,1,1,NULL,7,NULL),
(348,'LBB-D',NULL,'Female',NULL,5,0.9,174,1,1,NULL,7,NULL),
(349,'LBB-E',NULL,'Male',NULL,5,1,175,1,1,NULL,7,NULL),
(350,'LBB-E',NULL,'Female',NULL,5,1,175,1,1,NULL,7,NULL),
(351,'LBF-A',NULL,'Male',NULL,1,0.6,176,1,1,NULL,8,NULL),
(352,'LBF-A',NULL,'Female',NULL,1,0.6,176,1,1,NULL,8,NULL),
(353,'LBF-B',NULL,'Male',NULL,1,0.7,177,1,1,NULL,8,NULL),
(354,'LBF-B',NULL,'Female',NULL,1,0.7,177,1,1,NULL,8,NULL),
(355,'LBF-C',NULL,'Male',NULL,1,0.8,178,1,1,NULL,8,NULL),
(356,'LBF-C',NULL,'Female',NULL,1,0.8,178,1,1,NULL,8,NULL),
(357,'LBF-D',NULL,'Male',NULL,1,0.9,179,1,1,NULL,8,NULL),
(358,'LBF-D',NULL,'Female',NULL,1,0.9,179,1,1,NULL,8,NULL),
(359,'LBF-E',NULL,'Male',NULL,1,1,180,1,1,NULL,8,NULL),
(360,'LBF-E',NULL,'Female',NULL,1,1,180,1,1,NULL,8,NULL),
(361,'LBF-A',NULL,'Male',NULL,2,0.6,181,1,1,NULL,8,NULL),
(362,'LBF-A',NULL,'Female',NULL,2,0.6,181,1,1,NULL,8,NULL),
(363,'LBF-B',NULL,'Male',NULL,2,0.7,182,1,1,NULL,8,NULL),
(364,'LBF-B',NULL,'Female',NULL,2,0.7,182,1,1,NULL,8,NULL),
(365,'LBF-C',NULL,'Male',NULL,2,0.8,183,1,1,NULL,8,NULL),
(366,'LBF-C',NULL,'Female',NULL,2,0.8,183,1,1,NULL,8,NULL),
(367,'LBF-D',NULL,'Male',NULL,2,0.9,184,1,1,NULL,8,NULL),
(368,'LBF-D',NULL,'Female',NULL,2,0.9,184,1,1,NULL,8,NULL),
(369,'LBF-E',NULL,'Male',NULL,2,1,185,1,1,NULL,8,NULL),
(370,'LBF-E',NULL,'Female',NULL,2,1,185,1,1,NULL,8,NULL),
(371,'LBF-A',NULL,'Male',NULL,3,0.6,186,1,1,NULL,8,NULL),
(372,'LBF-A',NULL,'Female',NULL,3,0.6,186,1,1,NULL,8,NULL),
(373,'LBF-B',NULL,'Male',NULL,3,0.7,187,1,1,NULL,8,NULL),
(374,'LBF-B',NULL,'Female',NULL,3,0.7,187,1,1,NULL,8,NULL),
(375,'LBF-C',NULL,'Male',NULL,3,0.8,188,1,1,NULL,8,NULL),
(376,'LBF-C',NULL,'Female',NULL,3,0.8,188,1,1,NULL,8,NULL),
(377,'LBF-D',NULL,'Male',NULL,3,0.9,189,1,1,NULL,8,NULL),
(378,'LBF-D',NULL,'Female',NULL,3,0.9,189,1,1,NULL,8,NULL),
(379,'LBF-E',NULL,'Male',NULL,3,1,190,1,1,NULL,8,NULL),
(380,'LBF-E',NULL,'Female',NULL,3,1,190,1,1,NULL,8,NULL),
(381,'LBF-A',NULL,'Male',NULL,4,0.6,191,1,1,NULL,8,NULL),
(382,'LBF-A',NULL,'Female',NULL,4,0.6,191,1,1,NULL,8,NULL),
(383,'LBF-B',NULL,'Male',NULL,4,0.7,192,1,1,NULL,8,NULL),
(384,'LBF-B',NULL,'Female',NULL,4,0.7,192,1,1,NULL,8,NULL),
(385,'LBF-C',NULL,'Male',NULL,4,0.8,193,1,1,NULL,8,NULL),
(386,'LBF-C',NULL,'Female',NULL,4,0.8,193,1,1,NULL,8,NULL),
(387,'LBF-D',NULL,'Male',NULL,4,0.9,194,1,1,NULL,8,NULL),
(388,'LBF-D',NULL,'Female',NULL,4,0.9,194,1,1,NULL,8,NULL),
(389,'LBF-E',NULL,'Male',NULL,4,1,195,1,1,NULL,8,NULL),
(390,'LBF-E',NULL,'Female',NULL,4,1,195,1,1,NULL,8,NULL),
(391,'LBF-A',NULL,'Male',NULL,5,0.6,196,1,1,NULL,8,NULL),
(392,'LBF-A',NULL,'Female',NULL,5,0.6,196,1,1,NULL,8,NULL),
(393,'LBF-B',NULL,'Male',NULL,5,0.7,197,1,1,NULL,8,NULL),
(394,'LBF-B',NULL,'Female',NULL,5,0.7,197,1,1,NULL,8,NULL),
(395,'LBF-C',NULL,'Male',NULL,5,0.8,198,1,1,NULL,8,NULL),
(396,'LBF-C',NULL,'Female',NULL,5,0.8,198,1,1,NULL,8,NULL),
(397,'LBF-D',NULL,'Male',NULL,5,0.9,199,1,1,NULL,8,NULL),
(398,'LBF-D',NULL,'Female',NULL,5,0.9,199,1,1,NULL,8,NULL),
(399,'LBF-E',NULL,'Male',NULL,5,1,200,1,1,NULL,8,NULL),
(400,'LBF-E',NULL,'Female',NULL,5,1,200,1,1,NULL,8,NULL),
(401,'HBF-A',NULL,'Male',NULL,1,0.6,201,1,1,NULL,9,NULL),
(402,'HBF-A',NULL,'Female',NULL,1,0.6,201,1,1,NULL,9,NULL),
(403,'HBF-B',NULL,'Male',NULL,1,0.7,202,1,1,NULL,9,1),
(404,'HBF-B',NULL,'Female','2021-09-25 15:33:47.377000',1,0.7,202,1,1,NULL,9,NULL),
(405,'HBF-C','2021-09-20 10:23:06.391000','Male',NULL,1,0.8,203,1,1,1,9,NULL),
(406,'HBF-C','2021-09-20 10:23:23.822000','Female',NULL,1,0.8,203,1,1,1,9,1),
(407,'HBF-D','2021-09-20 10:28:06.995000','Male','2021-09-20 10:42:08.023000',1,0.9,204,1,1,1,9,NULL),
(408,'HBF-D','2021-09-20 10:33:10.070000','Female',NULL,1,0.9,204,1,1,1,9,NULL),
(409,'HBF-E','2021-09-20 11:02:04.989000','Male',NULL,1,1,205,1,1,1,9,NULL),
(410,'HBF-E','2021-09-20 11:02:25.128000','Female',NULL,1,1,205,1,1,1,9,NULL),
(411,'HBF-A','2021-09-20 11:06:53.809000','Male',NULL,2,0.6,206,1,1,1,9,NULL),
(412,'HBF-A','2021-09-20 11:07:11.601000','Female',NULL,2,0.6,206,1,1,1,9,NULL),
(413,'HBF-B','2021-09-20 11:11:45.388000','Male',NULL,2,0.7,207,1,1,1,9,NULL),
(414,'HBF-B','2021-09-20 11:12:06.884000','Female',NULL,2,0.7,207,1,1,1,9,NULL),
(415,'HBF-C','2021-09-20 11:16:39.799000','Male',NULL,2,0.8,208,1,1,1,9,NULL),
(416,'HBF-C','2021-09-20 11:16:55.931000','Female',NULL,2,0.8,208,1,1,1,9,NULL),
(417,'HBF-D','2021-09-20 11:23:12.707000','Male',NULL,2,0.9,209,1,1,1,9,NULL),
(418,'HBF-D','2021-09-20 11:23:43.910000','Female',NULL,2,0.9,209,1,1,1,9,NULL),
(419,'HBF-E','2021-09-20 11:27:31.841000','Male',NULL,2,1,210,1,1,1,9,NULL),
(420,'HBF-E','2021-09-20 11:27:47.483000','Female',NULL,2,1,210,1,1,1,9,NULL),
(421,'HBF-A','2021-09-20 11:31:25.401000','Male',NULL,3,0.6,211,1,1,1,9,NULL),
(422,'HBF-A','2021-09-20 11:31:45.038000','Female',NULL,3,0.6,211,1,1,1,9,NULL),
(423,'HBF-B','2021-09-20 11:37:50.343000','Male',NULL,3,0.7,212,1,1,1,9,NULL),
(424,'HBF-B','2021-09-20 11:38:05.710000','Female',NULL,3,0.7,212,1,1,1,9,NULL),
(425,'HBF-C','2021-09-20 11:45:08.335000','Male',NULL,3,0.8,213,1,1,1,9,NULL),
(426,'HBF-C','2021-09-20 11:45:25.627000','Female',NULL,3,0.8,213,1,1,1,9,NULL),
(427,'HBF-D','2021-09-20 11:49:28.319000','Male',NULL,3,0.9,214,1,1,1,9,NULL),
(428,'HBF-D','2021-09-20 11:49:50.537000','Female',NULL,3,0.9,214,1,1,1,9,NULL),
(429,'HBF-E','2021-09-20 11:54:11.689000','Male',NULL,3,1,215,1,1,1,9,NULL),
(430,'HBF-E','2021-09-20 11:55:34.268000','Female',NULL,3,1,215,1,1,1,9,NULL),
(431,'HBF-A','2021-09-20 12:00:26.250000','Male',NULL,4,0.6,216,1,1,1,9,NULL),
(432,'HBF-A','2021-09-20 12:00:41.727000','Female',NULL,4,0.6,216,1,1,1,9,NULL),
(433,'HBF-B','2021-09-20 12:05:08.901000','Male',NULL,4,0.7,217,1,1,1,9,NULL),
(434,'HBF-B','2021-09-20 12:05:24.705000','Female',NULL,4,0.7,217,1,1,1,9,NULL),
(435,'HBF-C','2021-09-20 12:09:36.851000','Male',NULL,4,0.8,218,1,1,1,9,NULL),
(436,'HBF-C','2021-09-20 12:09:54.036000','Female',NULL,4,0.8,218,1,1,1,9,NULL),
(437,'HBF-D','2021-09-20 12:14:44.680000','Male',NULL,4,0.9,219,1,1,1,9,NULL),
(438,'HBF-D','2021-09-20 12:14:59.011000','Female',NULL,4,0.9,219,1,1,1,9,NULL),
(439,'HBF-E','2021-09-20 12:18:39.795000','Male',NULL,4,1,220,1,1,1,9,NULL),
(440,'HBF-E','2021-09-20 12:18:57.441000','Female',NULL,4,1,220,1,1,1,9,NULL),
(441,'HBF-A','2021-09-20 12:25:01.093000','Male',NULL,5,0.6,221,1,1,1,9,NULL),
(442,'HBF-A','2021-09-20 12:25:49.038000','Female',NULL,5,0.6,221,1,1,1,9,NULL),
(443,'HBF-B','2021-09-20 12:29:52.085000','Male',NULL,5,0.7,222,1,1,1,9,NULL),
(444,'HBF-B','2021-09-20 12:30:17.259000','Female',NULL,5,0.7,222,1,1,1,9,NULL),
(445,'HBF-C','2021-09-20 12:35:37.140000','Male',NULL,5,0.8,223,1,1,1,9,NULL),
(446,'HBF-C','2021-09-20 12:35:55.786000','Female',NULL,5,0.8,223,1,1,1,9,NULL),
(447,'HBF-D','2021-09-20 12:40:46.615000','Male',NULL,5,0.9,224,1,1,1,9,NULL),
(448,'HBF-D','2021-09-20 12:41:08.031000','Female',NULL,5,0.9,224,1,1,1,9,NULL),
(449,'HBF-E','2021-09-20 12:47:08.865000','Male',NULL,5,1,225,1,1,1,9,NULL),
(450,'HBF-E','2021-09-20 12:47:31.782000','Female',NULL,5,1,225,1,1,1,9,1),
(451,'HBB-A','2021-09-20 12:56:40.410000','Male','2021-09-20 13:01:26.266000',1,0.6,226,1,1,1,10,1),
(452,'HBB-A','2021-09-20 12:57:27.236000','Female','2021-09-25 15:53:12.734000',1,0.6,226,1,1,1,10,NULL),
(453,'HBB-B','2021-09-20 13:03:42.738000','Male',NULL,1,0.7,227,1,1,1,10,NULL),
(454,'HBB-B','2021-09-20 13:04:04.889000','Female',NULL,1,0.7,227,1,1,1,10,NULL),
(455,'HBB-C','2021-09-20 13:08:48.345000','Male',NULL,1,0.8,228,1,1,1,10,NULL),
(456,'HBB-C','2021-09-20 13:09:30.586000','Female',NULL,1,0.8,228,1,1,1,10,NULL),
(457,'HBB-D','2021-09-20 13:12:54.453000','Male',NULL,1,0.9,229,1,1,1,10,NULL),
(458,'HBB-D','2021-09-20 13:13:08.433000','Female',NULL,1,0.9,229,1,1,1,10,NULL),
(459,'HBB-E','2021-09-20 13:17:43.521000','Male',NULL,1,1,230,1,1,1,10,NULL),
(460,'HBB-E','2021-09-20 13:18:07.314000','Female',NULL,1,1,230,1,1,1,10,NULL),
(461,'HBB-A','2021-09-20 13:22:24.670000','Male',NULL,2,0.6,231,1,1,1,10,1),
(462,'HBB-A','2021-09-20 13:22:37.318000','Female','2021-09-20 13:24:03.834000',2,0.6,231,1,1,1,10,NULL),
(463,'HBB-B','2021-09-20 13:31:28.751000','Male',NULL,2,0.7,232,1,1,1,10,NULL),
(464,'HBB-B','2021-09-20 13:31:43.008000','Female',NULL,2,0.7,232,1,1,1,10,NULL),
(465,'HBB-C','2021-09-20 13:38:15.979000','Male',NULL,2,0.8,233,1,1,1,10,NULL),
(466,'HBB-C','2021-09-20 13:38:31.514000','Female',NULL,2,0.8,233,1,1,1,10,NULL),
(467,'HBB-D','2021-09-20 13:43:02.396000','Male',NULL,2,0.9,234,1,1,1,10,NULL),
(468,'HBB-D','2021-09-20 13:43:19.246000','Female',NULL,2,0.9,234,1,1,1,10,NULL),
(469,'HBB-E','2021-09-20 13:47:47.598000','Male',NULL,2,1,235,1,1,1,10,NULL),
(470,'HBB-E','2021-09-20 14:19:40.150000','Female',NULL,2,1,235,1,1,1,10,NULL),
(471,'HBB-A','2021-09-20 15:13:36.990000','Male',NULL,3,0.6,236,1,1,1,10,NULL),
(472,'HBB-A','2021-09-20 15:13:53.021000','Female',NULL,3,0.6,236,1,1,1,10,NULL),
(473,'HBB-B','2021-09-20 15:18:23.785000','Male',NULL,3,0.7,237,1,1,1,10,NULL),
(474,'HBB-B','2021-09-20 15:18:51.404000','Female',NULL,3,0.7,237,1,1,1,10,NULL),
(475,'HBB-C','2021-09-20 15:22:32.754000','Male',NULL,3,0.8,238,1,1,1,10,NULL),
(476,'HBB-C','2021-09-20 15:23:03.644000','Female',NULL,3,0.8,238,1,1,1,10,NULL),
(477,'HBB-D','2021-09-20 15:27:58.493000','Male',NULL,3,0.9,239,1,1,1,10,NULL),
(478,'HBB-D','2021-09-20 15:28:13.219000','Female',NULL,3,0.9,239,1,1,1,10,NULL),
(479,'HBB-E','2021-09-20 15:57:46.776000','Male',NULL,3,1,240,1,1,1,10,1),
(480,'HBB-E','2021-09-20 15:58:09.057000','Female','2021-09-25 16:41:17.218000',3,1,240,1,1,1,10,NULL),
(481,'HBB-A','2021-09-20 16:01:55.948000','Male',NULL,4,0.6,241,1,1,1,10,NULL),
(482,'HBB-A','2021-09-20 16:02:10.114000','Female',NULL,4,0.6,241,1,1,1,10,NULL),
(483,'HBB-B','2021-09-20 16:05:52.291000','Male',NULL,4,0.7,242,1,1,1,10,NULL),
(484,'HBB-B','2021-09-20 16:06:09.244000','Female',NULL,4,0.7,242,1,1,1,10,NULL),
(485,'HBB-C','2021-09-20 16:10:09.765000','Male',NULL,4,0.8,243,1,1,1,10,NULL),
(486,'HBB-C','2021-09-20 16:10:25.170000','Female',NULL,4,0.8,243,1,1,1,10,NULL),
(487,'HBB-D','2021-09-20 16:18:11.358000','Male',NULL,4,0.9,244,1,1,1,10,NULL),
(488,'HBB-D','2021-09-20 16:18:37.974000','Female',NULL,4,0.9,244,1,1,1,10,NULL),
(489,'HBB-E','2021-09-20 16:22:36.579000','Male',NULL,4,1,245,1,1,1,10,NULL),
(490,'HBB-E','2021-09-20 16:22:59.054000','Female',NULL,4,1,245,1,1,1,10,NULL),
(491,'HBB-A','2021-09-20 16:26:20.937000','Male',NULL,5,0.6,246,1,1,1,10,NULL),
(492,'HBB-A','2021-09-20 16:26:40.936000','Female',NULL,5,0.6,246,1,1,1,10,NULL),
(493,'HBB-B','2021-09-20 16:31:26.130000','Male',NULL,5,0.7,247,1,1,1,10,NULL),
(494,'HBB-B','2021-09-20 16:31:42.043000','Female',NULL,5,0.7,247,1,1,1,10,NULL),
(495,'HBB-C','2021-09-20 16:36:12.806000','Male',NULL,5,0.8,248,1,1,1,10,NULL),
(496,'HBB-C','2021-09-20 16:36:30.431000','Female',NULL,5,0.8,248,1,1,1,10,NULL),
(497,'HBB-D','2021-09-20 16:40:10.375000','Male',NULL,5,0.9,249,1,1,1,10,NULL),
(498,'HBB-D','2021-09-20 16:40:27.782000','Female',NULL,5,0.9,249,1,1,1,10,NULL),
(499,'HBB-E','2021-09-20 16:44:03.501000','Male',NULL,5,1,250,1,1,1,10,NULL),
(500,'HBB-E','2021-09-20 16:44:22.535000','Female',NULL,5,1,250,1,1,1,10,NULL),
(501,'FBS-A',NULL,'Male',NULL,1,0.6,1,2,1,NULL,1,NULL),
(502,'FBS-B',NULL,'Male',NULL,1,0.7,2,2,1,NULL,1,NULL),
(503,'FBS-C',NULL,'Male',NULL,1,0.8,3,2,1,NULL,1,NULL),
(504,'FBS-D',NULL,'Male',NULL,1,0.9,4,2,1,NULL,1,NULL),
(505,'FBS-E',NULL,'Male',NULL,1,1,5,2,1,NULL,1,NULL),
(506,'FBS-A',NULL,'Male',NULL,2,0.6,6,2,1,NULL,1,NULL),
(507,'FBS-B',NULL,'Male',NULL,2,0.7,7,2,1,NULL,1,NULL),
(508,'FBS-C',NULL,'Male',NULL,2,0.8,8,2,1,NULL,1,NULL),
(509,'FBS-D',NULL,'Male',NULL,2,0.9,9,2,1,NULL,1,NULL),
(510,'FBS-E',NULL,'Male',NULL,2,1,10,2,1,NULL,1,NULL),
(511,'FBS-A',NULL,'Male',NULL,3,0.6,11,2,1,NULL,1,NULL),
(512,'FBS-B',NULL,'Male',NULL,3,0.7,12,2,1,NULL,1,NULL),
(513,'FBS-C',NULL,'Male',NULL,3,0.8,13,2,1,NULL,1,NULL),
(514,'FBS-D',NULL,'Male',NULL,3,0.9,14,2,1,NULL,1,NULL),
(515,'FBS-E',NULL,'Male',NULL,3,1,15,2,1,NULL,1,NULL),
(516,'FBS-A',NULL,'Male',NULL,4,0.6,16,2,1,NULL,1,NULL),
(517,'FBS-B',NULL,'Male',NULL,4,0.7,17,2,1,NULL,1,NULL),
(518,'FBS-C',NULL,'Male',NULL,4,0.8,18,2,1,NULL,1,NULL),
(519,'FBS-D',NULL,'Male',NULL,4,0.9,19,2,1,NULL,1,NULL),
(520,'FBS-E',NULL,'Male',NULL,4,1,20,2,1,NULL,1,NULL),
(521,'FBS-A',NULL,'Male',NULL,5,0.6,21,2,1,NULL,1,NULL),
(522,'FBS-B',NULL,'Male',NULL,5,0.7,22,2,1,NULL,1,NULL),
(523,'FBS-C',NULL,'Male',NULL,5,0.8,23,2,1,NULL,1,NULL),
(524,'FBS-D',NULL,'Male',NULL,5,0.9,24,2,1,NULL,1,NULL),
(525,'FBS-E',NULL,'Male',NULL,5,1,25,2,1,NULL,1,NULL),
(526,'FBF-A',NULL,'Male',NULL,1,0.6,26,2,1,NULL,2,NULL),
(527,'FBF-B',NULL,'Male',NULL,1,0.7,27,2,1,NULL,2,NULL),
(528,'FBF-C',NULL,'Male',NULL,1,0.8,28,2,1,NULL,2,NULL),
(529,'FBF-D',NULL,'Male',NULL,1,0.9,29,2,1,NULL,2,NULL),
(530,'FBF-E',NULL,'Male',NULL,1,1,30,2,1,NULL,2,NULL),
(531,'FBF-A',NULL,'Male',NULL,2,0.6,31,2,1,NULL,2,NULL),
(532,'FBF-B',NULL,'Male',NULL,2,0.7,32,2,1,NULL,2,NULL),
(533,'FBF-C',NULL,'Male',NULL,2,0.8,33,2,1,NULL,2,NULL),
(534,'FBF-D',NULL,'Male',NULL,2,0.9,34,2,1,NULL,2,NULL),
(535,'FBF-E',NULL,'Male',NULL,2,1,35,2,1,NULL,2,NULL),
(536,'FBF-A',NULL,'Male',NULL,3,0.6,36,2,1,NULL,2,NULL),
(537,'FBF-B',NULL,'Male',NULL,3,0.7,37,2,1,NULL,2,NULL),
(538,'FBF-C',NULL,'Male',NULL,3,0.8,38,2,1,NULL,2,NULL),
(539,'FBF-D',NULL,'Male',NULL,3,0.9,39,2,1,NULL,2,NULL),
(540,'FBF-E',NULL,'Male',NULL,3,1,40,2,1,NULL,2,NULL),
(541,'FBF-A',NULL,'Male',NULL,4,0.6,41,2,1,NULL,2,NULL),
(542,'FBF-B',NULL,'Male',NULL,4,0.7,42,2,1,NULL,2,NULL),
(543,'FBF-C',NULL,'Male',NULL,4,0.8,43,2,1,NULL,2,NULL),
(544,'FBF-D',NULL,'Male',NULL,4,0.9,44,2,1,NULL,2,NULL),
(545,'FBF-E',NULL,'Male',NULL,4,1,45,2,1,NULL,2,NULL),
(546,'FBF-A',NULL,'Male',NULL,5,0.6,46,2,1,NULL,2,NULL),
(547,'FBF-B',NULL,'Male',NULL,5,0.7,47,2,1,NULL,2,NULL),
(548,'FBF-C',NULL,'Male',NULL,5,0.8,48,2,1,NULL,2,NULL),
(549,'FBF-D',NULL,'Male',NULL,5,0.9,49,2,1,NULL,2,NULL),
(550,'FBF-E',NULL,'Male',NULL,5,1,50,2,1,NULL,2,NULL),
(551,'BBS-A',NULL,'Male',NULL,1,0.6,51,2,1,NULL,3,NULL),
(552,'BBS-B',NULL,'Male',NULL,1,0.7,52,2,1,NULL,3,NULL),
(553,'BBS-C',NULL,'Male',NULL,1,0.8,53,2,1,NULL,3,NULL),
(554,'BBS-D',NULL,'Male',NULL,1,0.9,54,2,1,NULL,3,NULL),
(555,'BBS-E',NULL,'Male',NULL,1,1,55,2,1,NULL,3,NULL),
(556,'BBS-A',NULL,'Male',NULL,2,0.6,56,2,1,NULL,3,NULL),
(557,'BBS-B',NULL,'Male',NULL,2,0.7,57,2,1,NULL,3,NULL),
(558,'BBS-C',NULL,'Male',NULL,2,0.8,58,2,1,NULL,3,NULL),
(559,'BBS-D',NULL,'Male',NULL,2,0.9,59,2,1,NULL,3,NULL),
(560,'BBS-E',NULL,'Male',NULL,2,1,60,2,1,NULL,3,NULL),
(561,'BBS-A',NULL,'Male',NULL,3,0.6,61,2,1,NULL,3,NULL),
(562,'BBS-B',NULL,'Male',NULL,3,0.7,62,2,1,NULL,3,NULL),
(563,'BBS-C',NULL,'Male',NULL,3,0.8,63,2,1,NULL,3,NULL),
(564,'BBS-D',NULL,'Male',NULL,3,0.9,64,2,1,NULL,3,NULL),
(565,'BBS-E',NULL,'Male',NULL,3,1,65,2,1,NULL,3,NULL),
(566,'BBS-A',NULL,'Male',NULL,4,0.6,66,2,1,NULL,3,NULL),
(567,'BBS-B',NULL,'Male',NULL,4,0.7,67,2,1,NULL,3,NULL),
(568,'BBS-C',NULL,'Male',NULL,4,0.8,68,2,1,NULL,3,NULL),
(569,'BBS-D',NULL,'Male',NULL,4,0.9,69,2,1,NULL,3,NULL),
(570,'BBS-E',NULL,'Male',NULL,4,1,70,2,1,NULL,3,NULL),
(571,'BBS-A',NULL,'Male',NULL,5,0.6,71,2,1,NULL,3,NULL),
(572,'BBS-B',NULL,'Male',NULL,5,0.7,72,2,1,NULL,3,NULL),
(573,'BBS-C',NULL,'Male',NULL,5,0.8,73,2,1,NULL,3,NULL),
(574,'BBS-D',NULL,'Male',NULL,5,0.9,74,2,1,NULL,3,NULL),
(575,'BBS-E',NULL,'Male',NULL,5,1,75,2,1,NULL,3,NULL),
(576,'BBF-A',NULL,'Male',NULL,1,0.6,76,2,1,NULL,4,NULL),
(577,'BBF-B',NULL,'Male',NULL,1,0.7,77,2,1,NULL,4,NULL),
(578,'BBF-C',NULL,'Male',NULL,1,0.8,78,2,1,NULL,4,NULL),
(579,'BBF-D',NULL,'Male',NULL,1,0.9,79,2,1,NULL,4,NULL),
(580,'BBF-E',NULL,'Male',NULL,1,1,80,2,1,NULL,4,NULL),
(581,'BBF-A',NULL,'Male',NULL,2,0.6,81,2,1,NULL,4,NULL),
(582,'BBF-B',NULL,'Male',NULL,2,0.7,82,2,1,NULL,4,NULL),
(583,'BBF-C',NULL,'Male',NULL,2,0.8,83,2,1,NULL,4,NULL),
(584,'BBF-D',NULL,'Male',NULL,2,0.9,84,2,1,NULL,4,NULL),
(585,'BBF-E',NULL,'Male',NULL,2,1,85,2,1,NULL,4,NULL),
(586,'BBF-A',NULL,'Male',NULL,3,0.6,86,2,1,NULL,4,NULL),
(587,'BBF-B',NULL,'Male',NULL,3,0.7,87,2,1,NULL,4,NULL),
(588,'BBF-C',NULL,'Male',NULL,3,0.8,88,2,1,NULL,4,NULL),
(589,'BBF-D',NULL,'Male',NULL,3,0.9,89,2,1,NULL,4,NULL),
(590,'BBF-E',NULL,'Male',NULL,3,1,90,2,1,NULL,4,NULL),
(591,'BBF-A',NULL,'Male',NULL,4,0.6,91,2,1,NULL,4,NULL),
(592,'BBF-B',NULL,'Male',NULL,4,0.7,92,2,1,NULL,4,NULL),
(593,'BBF-C',NULL,'Male',NULL,4,0.8,93,2,1,NULL,4,NULL),
(594,'BBF-D',NULL,'Male',NULL,4,0.9,94,2,1,NULL,4,NULL),
(595,'BBF-E',NULL,'Male',NULL,4,1,95,2,1,NULL,4,NULL),
(596,'BBF-A',NULL,'Male',NULL,5,0.6,96,2,1,NULL,4,NULL),
(597,'BBF-B',NULL,'Male',NULL,5,0.7,97,2,1,NULL,4,NULL),
(598,'BBF-C',NULL,'Male',NULL,5,0.8,98,2,1,NULL,4,NULL),
(599,'BBF-D',NULL,'Male',NULL,5,0.9,99,2,1,NULL,4,NULL),
(600,'BBF-E',NULL,'Male',NULL,5,1,100,2,1,NULL,4,NULL),
(601,'TBF-A',NULL,'Male',NULL,1,0.6,101,2,1,NULL,5,NULL),
(602,'TBF-B',NULL,'Male',NULL,1,0.7,102,2,1,NULL,5,NULL),
(603,'TBF-C',NULL,'Male',NULL,1,0.8,103,2,1,NULL,5,NULL),
(604,'TBF-D',NULL,'Male',NULL,1,0.9,104,2,1,NULL,5,NULL),
(605,'TBF-E',NULL,'Male',NULL,1,1,105,2,1,NULL,5,NULL),
(606,'TBF-A',NULL,'Male',NULL,2,0.6,106,2,1,NULL,5,NULL),
(607,'TBF-B',NULL,'Male',NULL,2,0.7,107,2,1,NULL,5,NULL),
(608,'TBF-C',NULL,'Male',NULL,2,0.8,108,2,1,NULL,5,NULL),
(609,'TBF-D',NULL,'Male',NULL,2,0.9,109,2,1,NULL,5,NULL),
(610,'TBF-E',NULL,'Male',NULL,2,1,110,2,1,NULL,5,NULL),
(611,'TBF-A',NULL,'Male',NULL,3,0.6,111,2,1,NULL,5,NULL),
(612,'TBF-B',NULL,'Male',NULL,3,0.7,112,2,1,NULL,5,NULL),
(613,'TBF-C',NULL,'Male',NULL,3,0.8,113,2,1,NULL,5,NULL),
(614,'TBF-D',NULL,'Male',NULL,3,0.9,114,2,1,NULL,5,NULL),
(615,'TBF-E',NULL,'Male',NULL,3,1,115,2,1,NULL,5,NULL),
(616,'TBF-A',NULL,'Male',NULL,4,0.6,116,2,1,NULL,5,NULL),
(617,'TBF-B',NULL,'Male',NULL,4,0.7,117,2,1,NULL,5,NULL),
(618,'TBF-C',NULL,'Male',NULL,4,0.8,118,2,1,NULL,5,NULL),
(619,'TBF-D',NULL,'Male',NULL,4,0.9,119,2,1,NULL,5,NULL),
(620,'TBF-E',NULL,'Male',NULL,4,1,120,2,1,NULL,5,NULL),
(621,'TBF-A',NULL,'Male',NULL,5,0.6,121,2,1,NULL,5,NULL),
(622,'TBF-B',NULL,'Male',NULL,5,0.7,122,2,1,NULL,5,NULL),
(623,'TBF-C',NULL,'Male',NULL,5,0.8,123,2,1,NULL,5,NULL),
(624,'TBF-D',NULL,'Male',NULL,5,0.9,124,2,1,NULL,5,NULL),
(625,'TBF-E',NULL,'Male',NULL,5,1,125,2,1,NULL,5,NULL),
(626,'TBB-A',NULL,'Male',NULL,1,0.6,126,2,1,NULL,6,NULL),
(627,'TBB-B',NULL,'Male',NULL,1,0.7,127,2,1,NULL,6,NULL),
(628,'TBB-C',NULL,'Male',NULL,1,0.8,128,2,1,NULL,6,NULL),
(629,'TBB-D',NULL,'Male',NULL,1,0.9,129,2,1,NULL,6,1),
(630,'TBB-E',NULL,'Male','2021-09-25 16:02:19.595000',1,1,130,2,1,NULL,6,1),
(631,'TBB-A',NULL,'Male','2021-09-25 16:34:57.014000',2,0.6,131,2,1,NULL,6,NULL),
(632,'TBB-B',NULL,'Male',NULL,2,0.7,132,2,1,NULL,6,1),
(633,'TBB-C',NULL,'Male','2021-09-25 16:05:27.199000',2,0.8,133,2,1,NULL,6,NULL),
(634,'TBB-D',NULL,'Male',NULL,2,0.9,134,2,1,NULL,6,NULL),
(635,'TBB-E',NULL,'Male',NULL,2,1,135,2,1,NULL,6,NULL),
(636,'TBB-A',NULL,'Male',NULL,3,0.6,136,2,1,NULL,6,NULL),
(637,'TBB-B',NULL,'Male',NULL,3,0.7,137,2,1,NULL,6,NULL),
(638,'TBB-C',NULL,'Male',NULL,3,0.8,138,2,1,NULL,6,NULL),
(639,'TBB-D',NULL,'Male',NULL,3,0.9,139,2,1,NULL,6,NULL),
(640,'TBB-E',NULL,'Male',NULL,3,1,140,2,1,NULL,6,NULL),
(641,'TBB-A',NULL,'Male',NULL,4,0.6,141,2,1,NULL,6,NULL),
(642,'TBB-B',NULL,'Male',NULL,4,0.7,142,2,1,NULL,6,NULL),
(643,'TBB-C',NULL,'Male',NULL,4,0.8,143,2,1,NULL,6,NULL),
(644,'TBB-D',NULL,'Male',NULL,4,0.9,144,2,1,NULL,6,NULL),
(645,'TBB-E',NULL,'Male',NULL,4,1,145,2,1,NULL,6,NULL),
(646,'TBB-A',NULL,'Male',NULL,5,0.6,146,2,1,NULL,6,NULL),
(647,'TBB-B',NULL,'Male',NULL,5,0.7,147,2,1,NULL,6,NULL),
(648,'TBB-C',NULL,'Male',NULL,5,0.8,148,2,1,NULL,6,NULL),
(649,'TBB-D',NULL,'Male',NULL,5,0.9,149,2,1,NULL,6,NULL),
(650,'TBB-E',NULL,'Male',NULL,5,1,150,2,1,NULL,6,NULL),
(651,'LBB-A',NULL,'Male',NULL,1,0.6,151,2,1,NULL,7,NULL),
(652,'LBB-B',NULL,'Male',NULL,1,0.7,152,2,1,NULL,7,NULL),
(653,'LBB-C',NULL,'Male',NULL,1,0.8,153,2,1,NULL,7,NULL),
(654,'LBB-D',NULL,'Male',NULL,1,0.9,154,2,1,NULL,7,NULL),
(655,'LBB-E',NULL,'Male',NULL,1,1,155,2,1,NULL,7,NULL),
(656,'LBB-A',NULL,'Male',NULL,2,0.6,156,2,1,NULL,7,NULL),
(657,'LBB-B',NULL,'Male',NULL,2,0.7,157,2,1,NULL,7,NULL),
(658,'LBB-C',NULL,'Male',NULL,2,0.8,158,2,1,NULL,7,NULL),
(659,'LBB-D',NULL,'Male',NULL,2,0.9,159,2,1,NULL,7,NULL),
(660,'LBB-E',NULL,'Male',NULL,2,1,160,2,1,NULL,7,NULL),
(661,'LBB-A',NULL,'Male',NULL,3,0.6,161,2,1,NULL,7,NULL),
(662,'LBB-B',NULL,'Male',NULL,3,0.7,162,2,1,NULL,7,NULL),
(663,'LBB-C',NULL,'Male',NULL,3,0.8,163,2,1,NULL,7,NULL),
(664,'LBB-D',NULL,'Male',NULL,3,0.9,164,2,1,NULL,7,NULL),
(665,'LBB-E',NULL,'Male',NULL,3,1,165,2,1,NULL,7,NULL),
(666,'LBB-A',NULL,'Male',NULL,4,0.6,166,2,1,NULL,7,NULL),
(667,'LBB-B',NULL,'Male',NULL,4,0.7,167,2,1,NULL,7,NULL),
(668,'LBB-C',NULL,'Male',NULL,4,0.8,168,2,1,NULL,7,NULL),
(669,'LBB-D',NULL,'Male',NULL,4,0.9,169,2,1,NULL,7,NULL),
(670,'LBB-E',NULL,'Male',NULL,4,1,170,2,1,NULL,7,NULL),
(671,'LBB-A',NULL,'Male',NULL,5,0.6,171,2,1,NULL,7,NULL),
(672,'LBB-B',NULL,'Male',NULL,5,0.7,172,2,1,NULL,7,NULL),
(673,'LBB-C',NULL,'Male',NULL,5,0.8,173,2,1,NULL,7,NULL),
(674,'LBB-D',NULL,'Male',NULL,5,0.9,174,2,1,NULL,7,NULL),
(675,'LBB-E',NULL,'Male',NULL,5,1,175,2,1,NULL,7,NULL),
(676,'LBF-A',NULL,'Male',NULL,1,0.6,176,2,1,NULL,8,NULL),
(677,'LBF-B',NULL,'Male',NULL,1,0.7,177,2,1,NULL,8,NULL),
(678,'LBF-C',NULL,'Male',NULL,1,0.8,178,2,1,NULL,8,NULL),
(679,'LBF-D',NULL,'Male',NULL,1,0.9,179,2,1,NULL,8,NULL),
(680,'LBF-E',NULL,'Male',NULL,1,1,180,2,1,NULL,8,NULL),
(681,'LBF-A',NULL,'Male',NULL,2,0.6,181,2,1,NULL,8,NULL),
(682,'LBF-B',NULL,'Male',NULL,2,0.7,182,2,1,NULL,8,NULL),
(683,'LBF-C',NULL,'Male',NULL,2,0.8,183,2,1,NULL,8,NULL),
(684,'LBF-D',NULL,'Male',NULL,2,0.9,184,2,1,NULL,8,NULL),
(685,'LBF-E',NULL,'Male',NULL,2,1,185,2,1,NULL,8,NULL),
(686,'LBF-A',NULL,'Male',NULL,3,0.6,186,2,1,NULL,8,NULL),
(687,'LBF-B',NULL,'Male',NULL,3,0.7,187,2,1,NULL,8,NULL),
(688,'LBF-C',NULL,'Male',NULL,3,0.8,188,2,1,NULL,8,NULL),
(689,'LBF-D',NULL,'Male',NULL,3,0.9,189,2,1,NULL,8,NULL),
(690,'LBF-E',NULL,'Male',NULL,3,1,190,2,1,NULL,8,NULL),
(691,'LBF-A',NULL,'Male',NULL,4,0.6,191,2,1,NULL,8,NULL),
(692,'LBF-B',NULL,'Male',NULL,4,0.7,192,2,1,NULL,8,NULL),
(693,'LBF-C',NULL,'Male',NULL,4,0.8,193,2,1,NULL,8,NULL),
(694,'LBF-D',NULL,'Male',NULL,4,0.9,194,2,1,NULL,8,NULL),
(695,'LBF-E',NULL,'Male',NULL,4,1,195,2,1,NULL,8,NULL),
(696,'LBF-A',NULL,'Male',NULL,5,0.6,196,2,1,NULL,8,NULL),
(697,'LBF-B',NULL,'Male',NULL,5,0.7,197,2,1,NULL,8,NULL),
(698,'LBF-C',NULL,'Male',NULL,5,0.8,198,2,1,NULL,8,NULL),
(699,'LBF-D',NULL,'Male',NULL,5,0.9,199,2,1,NULL,8,NULL),
(700,'LBF-E',NULL,'Male',NULL,5,1,200,2,1,NULL,8,1),
(701,'HBF-A',NULL,'Male','2021-09-25 15:53:57.935000',1,0.6,201,2,1,NULL,9,1),
(702,'HBF-B',NULL,'Male','2021-09-25 15:35:51.043000',1,0.7,202,2,1,NULL,9,NULL),
(703,'HBF-C','2021-09-20 10:25:02.788000','Male',NULL,1,0.8,203,2,1,1,9,NULL),
(704,'HBF-D','2021-09-20 10:35:08.153000','Male',NULL,1,0.9,204,2,1,1,9,NULL),
(705,'HBF-E','2021-09-20 11:03:37.762000','Male',NULL,1,1,205,2,1,1,9,NULL),
(706,'HBF-A','2021-09-20 11:08:15.645000','Male',NULL,2,0.6,206,2,1,1,9,NULL),
(707,'HBF-B','2021-09-20 11:13:38.848000','Male',NULL,2,0.7,207,2,1,1,9,NULL),
(708,'HBF-C','2021-09-20 11:18:38.489000','Male',NULL,2,0.8,208,2,1,1,9,NULL),
(709,'HBF-D','2021-09-20 11:24:35.709000','Male',NULL,2,0.9,209,2,1,1,9,NULL),
(710,'HBF-E','2021-09-20 11:28:30.335000','Male',NULL,2,1,210,2,1,1,9,NULL),
(711,'HBF-A','2021-09-20 11:33:38.019000','Male',NULL,3,0.6,211,2,1,1,9,NULL),
(712,'HBF-B','2021-09-20 11:39:52.257000','Male',NULL,3,0.7,212,2,1,1,9,NULL),
(713,'HBF-C','2021-09-20 11:46:33.120000','Male',NULL,3,0.8,213,2,1,1,9,NULL),
(714,'HBF-D','2021-09-20 11:51:22.470000','Male',NULL,3,0.9,214,2,1,1,9,NULL),
(715,'HBF-E','2021-09-20 11:56:40.725000','Male',NULL,3,1,215,2,1,1,9,NULL),
(716,'HBF-A','2021-09-20 12:01:32.990000','Male',NULL,4,0.6,216,2,1,1,9,NULL),
(717,'HBF-B','2021-09-20 12:06:29.477000','Male',NULL,4,0.7,217,2,1,1,9,NULL),
(718,'HBF-C','2021-09-20 12:10:57.339000','Male',NULL,4,0.8,218,2,1,1,9,NULL),
(719,'HBF-D','2021-09-20 12:16:05.428000','Male',NULL,4,0.9,219,2,1,1,9,NULL),
(720,'HBF-E','2021-09-20 12:20:03.726000','Male',NULL,4,1,220,2,1,1,9,NULL),
(721,'HBF-A','2021-09-20 12:26:46.759000','Male',NULL,5,0.6,221,2,1,1,9,NULL),
(722,'HBF-B','2021-09-20 12:31:19.829000','Male',NULL,5,0.7,222,2,1,1,9,NULL),
(723,'HBF-C','2021-09-20 12:37:06.124000','Male',NULL,5,0.8,223,2,1,1,9,NULL),
(724,'HBF-D','2021-09-20 12:42:33.290000','Male',NULL,5,0.9,224,2,1,1,9,NULL),
(725,'HBF-E','2021-09-20 12:49:18.862000','Male',NULL,5,1,225,2,1,1,9,1),
(726,'HBB-A','2021-09-20 12:58:55.482000','Male','2021-09-20 13:01:57.104000',1,0.6,226,2,1,1,10,NULL),
(727,'HBB-B','2021-09-20 13:05:20.488000','Male',NULL,1,0.7,227,2,1,1,10,NULL),
(728,'HBB-C','2021-09-20 13:10:19.853000','Male',NULL,1,0.8,228,2,1,1,10,NULL),
(729,'HBB-D','2021-09-20 13:14:00.031000','Male',NULL,1,0.9,229,2,1,1,10,NULL),
(730,'HBB-E','2021-09-20 13:19:13.838000','Male',NULL,1,1,230,2,1,1,10,NULL),
(731,'HBB-A','2021-09-20 13:23:22.963000','Male',NULL,2,0.6,231,2,1,1,10,NULL),
(732,'HBB-B','2021-09-20 13:32:35.087000','Male',NULL,2,0.7,232,2,1,1,10,NULL),
(733,'HBB-C','2021-09-20 13:40:17.474000','Male',NULL,2,0.8,233,2,1,1,10,NULL),
(734,'HBB-D','2021-09-20 13:44:54.039000','Male',NULL,2,0.9,234,2,1,1,10,NULL),
(735,'HBB-E','2021-09-20 14:20:25.655000','Male',NULL,2,1,235,2,1,1,10,NULL),
(736,'HBB-A','2021-09-20 15:15:02.922000','Male',NULL,3,0.6,236,2,1,1,10,NULL),
(737,'HBB-B','2021-09-20 15:20:03.824000','Male',NULL,3,0.7,237,2,1,1,10,NULL),
(738,'HBB-C','2021-09-20 15:24:19.350000','Male',NULL,3,0.8,238,2,1,1,10,NULL),
(739,'HBB-D','2021-09-20 15:54:54.847000','Male',NULL,3,0.9,239,2,1,1,10,NULL),
(740,'HBB-E','2021-09-20 15:59:07.114000','Male',NULL,3,1,240,2,1,1,10,NULL),
(741,'HBB-A','2021-09-20 16:03:03.195000','Male',NULL,4,0.6,241,2,1,1,10,NULL),
(742,'HBB-B','2021-09-20 16:07:07.240000','Male',NULL,4,0.7,242,2,1,1,10,1),
(743,'HBB-C','2021-09-20 16:12:30.249000','Male','2021-09-20 16:14:20.672000',4,0.8,243,2,1,1,10,NULL),
(744,'HBB-D','2021-09-20 16:20:04.816000','Male',NULL,4,0.9,244,2,1,1,10,NULL),
(745,'HBB-E','2021-09-20 16:24:02.405000','Male',NULL,4,1,245,2,1,1,10,NULL),
(746,'HBB-A','2021-09-20 16:27:27.279000','Male',NULL,5,0.6,246,2,1,1,10,NULL),
(747,'HBB-B','2021-09-20 16:33:00.572000','Male',NULL,5,0.7,247,2,1,1,10,NULL),
(748,'HBB-C','2021-09-20 16:37:23.282000','Male',NULL,5,0.8,248,2,1,1,10,NULL),
(749,'HBB-D','2021-09-20 16:41:19.979000','Male',NULL,5,0.9,249,2,1,1,10,NULL),
(750,'HBB-E','2021-09-20 16:45:52.373000','Male',NULL,5,1,250,2,1,1,10,NULL),
(751,'FBS-A',NULL,'Female',NULL,1,0.6,1,2,1,NULL,1,NULL),
(752,'FBS-B',NULL,'Female',NULL,1,0.7,2,2,1,NULL,1,NULL),
(753,'FBS-C',NULL,'Female',NULL,1,0.8,3,2,1,NULL,1,NULL),
(754,'FBS-D',NULL,'Female',NULL,1,0.9,4,2,1,NULL,1,NULL),
(755,'FBS-E',NULL,'Female',NULL,1,1,5,2,1,NULL,1,NULL),
(756,'FBS-A',NULL,'Female',NULL,2,0.6,6,2,1,NULL,1,NULL),
(757,'FBS-B',NULL,'Female',NULL,2,0.7,7,2,1,NULL,1,NULL),
(758,'FBS-C',NULL,'Female',NULL,2,0.8,8,2,1,NULL,1,NULL),
(759,'FBS-D',NULL,'Female',NULL,2,0.9,9,2,1,NULL,1,NULL),
(760,'FBS-E',NULL,'Female',NULL,2,1,10,2,1,NULL,1,NULL),
(761,'FBS-A',NULL,'Female',NULL,3,0.6,11,2,1,NULL,1,NULL),
(762,'FBS-B',NULL,'Female',NULL,3,0.7,12,2,1,NULL,1,NULL),
(763,'FBS-C',NULL,'Female',NULL,3,0.8,13,2,1,NULL,1,NULL),
(764,'FBS-D',NULL,'Female',NULL,3,0.9,14,2,1,NULL,1,NULL),
(765,'FBS-E',NULL,'Female',NULL,3,1,15,2,1,NULL,1,NULL),
(766,'FBS-A',NULL,'Female',NULL,4,0.6,16,2,1,NULL,1,NULL),
(767,'FBS-B',NULL,'Female',NULL,4,0.7,17,2,1,NULL,1,NULL),
(768,'FBS-C',NULL,'Female',NULL,4,0.8,18,2,1,NULL,1,NULL),
(769,'FBS-D',NULL,'Female',NULL,4,0.9,19,2,1,NULL,1,NULL),
(770,'FBS-E',NULL,'Female',NULL,4,1,20,2,1,NULL,1,NULL),
(771,'FBS-A',NULL,'Female',NULL,5,0.6,21,2,1,NULL,1,NULL),
(772,'FBS-B',NULL,'Female',NULL,5,0.7,22,2,1,NULL,1,NULL),
(773,'FBS-C',NULL,'Female',NULL,5,0.8,23,2,1,NULL,1,NULL),
(774,'FBS-D',NULL,'Female',NULL,5,0.9,24,2,1,NULL,1,NULL),
(775,'FBS-E',NULL,'Female',NULL,5,1,25,2,1,NULL,1,NULL),
(776,'FBF-A',NULL,'Female',NULL,1,0.6,26,2,1,NULL,2,NULL),
(777,'FBF-B',NULL,'Female',NULL,1,0.7,27,2,1,NULL,2,NULL),
(778,'FBF-C',NULL,'Female',NULL,1,0.8,28,2,1,NULL,2,NULL),
(779,'FBF-D',NULL,'Female',NULL,1,0.9,29,2,1,NULL,2,NULL),
(780,'FBF-E',NULL,'Female',NULL,1,1,30,2,1,NULL,2,NULL),
(781,'FBF-A',NULL,'Female',NULL,2,0.6,31,2,1,NULL,2,NULL),
(782,'FBF-B',NULL,'Female',NULL,2,0.7,32,2,1,NULL,2,NULL),
(783,'FBF-C',NULL,'Female',NULL,2,0.8,33,2,1,NULL,2,NULL),
(784,'FBF-D',NULL,'Female',NULL,2,0.9,34,2,1,NULL,2,NULL),
(785,'FBF-E',NULL,'Female',NULL,2,1,35,2,1,NULL,2,NULL),
(786,'FBF-A',NULL,'Female',NULL,3,0.6,36,2,1,NULL,2,NULL),
(787,'FBF-B',NULL,'Female',NULL,3,0.7,37,2,1,NULL,2,NULL),
(788,'FBF-C',NULL,'Female',NULL,3,0.8,38,2,1,NULL,2,NULL),
(789,'FBF-D',NULL,'Female',NULL,3,0.9,39,2,1,NULL,2,NULL),
(790,'FBF-E',NULL,'Female',NULL,3,1,40,2,1,NULL,2,NULL),
(791,'FBF-A',NULL,'Female',NULL,4,0.6,41,2,1,NULL,2,NULL),
(792,'FBF-B',NULL,'Female',NULL,4,0.7,42,2,1,NULL,2,NULL),
(793,'FBF-C',NULL,'Female',NULL,4,0.8,43,2,1,NULL,2,NULL),
(794,'FBF-D',NULL,'Female',NULL,4,0.9,44,2,1,NULL,2,NULL),
(795,'FBF-E',NULL,'Female',NULL,4,1,45,2,1,NULL,2,NULL),
(796,'FBF-A',NULL,'Female',NULL,5,0.6,46,2,1,NULL,2,NULL),
(797,'FBF-B',NULL,'Female',NULL,5,0.7,47,2,1,NULL,2,NULL),
(798,'FBF-C',NULL,'Female',NULL,5,0.8,48,2,1,NULL,2,NULL),
(799,'FBF-D',NULL,'Female',NULL,5,0.9,49,2,1,NULL,2,NULL),
(800,'FBF-E',NULL,'Female',NULL,5,1,50,2,1,NULL,2,NULL),
(801,'BBS-A',NULL,'Female',NULL,1,0.6,51,2,1,NULL,3,NULL),
(802,'BBS-B',NULL,'Female',NULL,1,0.7,52,2,1,NULL,3,NULL),
(803,'BBS-C',NULL,'Female',NULL,1,0.8,53,2,1,NULL,3,NULL),
(804,'BBS-D',NULL,'Female',NULL,1,0.9,54,2,1,NULL,3,NULL),
(805,'BBS-E',NULL,'Female',NULL,1,1,55,2,1,NULL,3,NULL),
(806,'BBS-A',NULL,'Female',NULL,2,0.6,56,2,1,NULL,3,NULL),
(807,'BBS-B',NULL,'Female',NULL,2,0.7,57,2,1,NULL,3,NULL),
(808,'BBS-C',NULL,'Female',NULL,2,0.8,58,2,1,NULL,3,NULL),
(809,'BBS-D',NULL,'Female',NULL,2,0.9,59,2,1,NULL,3,NULL),
(810,'BBS-E',NULL,'Female',NULL,2,1,60,2,1,NULL,3,NULL),
(811,'BBS-A',NULL,'Female',NULL,3,0.6,61,2,1,NULL,3,NULL),
(812,'BBS-B',NULL,'Female',NULL,3,0.7,62,2,1,NULL,3,NULL),
(813,'BBS-C',NULL,'Female',NULL,3,0.8,63,2,1,NULL,3,NULL),
(814,'BBS-D',NULL,'Female',NULL,3,0.9,64,2,1,NULL,3,NULL),
(815,'BBS-E',NULL,'Female',NULL,3,1,65,2,1,NULL,3,NULL),
(816,'BBS-A',NULL,'Female',NULL,4,0.6,66,2,1,NULL,3,NULL),
(817,'BBS-B',NULL,'Female',NULL,4,0.7,67,2,1,NULL,3,NULL),
(818,'BBS-C',NULL,'Female',NULL,4,0.8,68,2,1,NULL,3,NULL),
(819,'BBS-D',NULL,'Female',NULL,4,0.9,69,2,1,NULL,3,NULL),
(820,'BBS-E',NULL,'Female',NULL,4,1,70,2,1,NULL,3,NULL),
(821,'BBS-A',NULL,'Female',NULL,5,0.6,71,2,1,NULL,3,NULL),
(822,'BBS-B',NULL,'Female',NULL,5,0.7,72,2,1,NULL,3,NULL),
(823,'BBS-C',NULL,'Female',NULL,5,0.8,73,2,1,NULL,3,NULL),
(824,'BBS-D',NULL,'Female',NULL,5,0.9,74,2,1,NULL,3,NULL),
(825,'BBS-E',NULL,'Female',NULL,5,1,75,2,1,NULL,3,NULL),
(826,'BBF-A',NULL,'Female',NULL,1,0.6,76,2,1,NULL,4,NULL),
(827,'BBF-B',NULL,'Female',NULL,1,0.7,77,2,1,NULL,4,NULL),
(828,'BBF-C',NULL,'Female',NULL,1,0.8,78,2,1,NULL,4,NULL),
(829,'BBF-D',NULL,'Female',NULL,1,0.9,79,2,1,NULL,4,NULL),
(830,'BBF-E',NULL,'Female',NULL,1,1,80,2,1,NULL,4,NULL),
(831,'BBF-A',NULL,'Female',NULL,2,0.6,81,2,1,NULL,4,NULL),
(832,'BBF-B',NULL,'Female',NULL,2,0.7,82,2,1,NULL,4,NULL),
(833,'BBF-C',NULL,'Female',NULL,2,0.8,83,2,1,NULL,4,NULL),
(834,'BBF-D',NULL,'Female',NULL,2,0.9,84,2,1,NULL,4,NULL),
(835,'BBF-E',NULL,'Female',NULL,2,1,85,2,1,NULL,4,NULL),
(836,'BBF-A',NULL,'Female',NULL,3,0.6,86,2,1,NULL,4,NULL),
(837,'BBF-B',NULL,'Female',NULL,3,0.7,87,2,1,NULL,4,NULL),
(838,'BBF-C',NULL,'Female',NULL,3,0.8,88,2,1,NULL,4,NULL),
(839,'BBF-D',NULL,'Female',NULL,3,0.9,89,2,1,NULL,4,NULL),
(840,'BBF-E',NULL,'Female',NULL,3,1,90,2,1,NULL,4,NULL),
(841,'BBF-A',NULL,'Female',NULL,4,0.6,91,2,1,NULL,4,NULL),
(842,'BBF-B',NULL,'Female',NULL,4,0.7,92,2,1,NULL,4,NULL),
(843,'BBF-C',NULL,'Female',NULL,4,0.8,93,2,1,NULL,4,NULL),
(844,'BBF-D',NULL,'Female',NULL,4,0.9,94,2,1,NULL,4,NULL),
(845,'BBF-E',NULL,'Female',NULL,4,1,95,2,1,NULL,4,NULL),
(846,'BBF-A',NULL,'Female',NULL,5,0.6,96,2,1,NULL,4,NULL),
(847,'BBF-B',NULL,'Female',NULL,5,0.7,97,2,1,NULL,4,NULL),
(848,'BBF-C',NULL,'Female',NULL,5,0.8,98,2,1,NULL,4,NULL),
(849,'BBF-D',NULL,'Female',NULL,5,0.9,99,2,1,NULL,4,NULL),
(850,'BBF-E',NULL,'Female',NULL,5,1,100,2,1,NULL,4,NULL),
(851,'TBF-A',NULL,'Female',NULL,1,0.6,101,2,1,NULL,5,NULL),
(852,'TBF-B',NULL,'Female',NULL,1,0.7,102,2,1,NULL,5,NULL),
(853,'TBF-C',NULL,'Female',NULL,1,0.8,103,2,1,NULL,5,NULL),
(854,'TBF-D',NULL,'Female',NULL,1,0.9,104,2,1,NULL,5,NULL),
(855,'TBF-E',NULL,'Female',NULL,1,1,105,2,1,NULL,5,NULL),
(856,'TBF-A',NULL,'Female',NULL,2,0.6,106,2,1,NULL,5,NULL),
(857,'TBF-B',NULL,'Female',NULL,2,0.7,107,2,1,NULL,5,NULL),
(858,'TBF-C',NULL,'Female',NULL,2,0.8,108,2,1,NULL,5,NULL),
(859,'TBF-D',NULL,'Female',NULL,2,0.9,109,2,1,NULL,5,NULL),
(860,'TBF-E',NULL,'Female',NULL,2,1,110,2,1,NULL,5,NULL),
(861,'TBF-A',NULL,'Female',NULL,3,0.6,111,2,1,NULL,5,NULL),
(862,'TBF-B',NULL,'Female',NULL,3,0.7,112,2,1,NULL,5,NULL),
(863,'TBF-C',NULL,'Female',NULL,3,0.8,113,2,1,NULL,5,NULL),
(864,'TBF-D',NULL,'Female',NULL,3,0.9,114,2,1,NULL,5,NULL),
(865,'TBF-E',NULL,'Female',NULL,3,1,115,2,1,NULL,5,NULL),
(866,'TBF-A',NULL,'Female',NULL,4,0.6,116,2,1,NULL,5,NULL),
(867,'TBF-B',NULL,'Female',NULL,4,0.7,117,2,1,NULL,5,NULL),
(868,'TBF-C',NULL,'Female',NULL,4,0.8,118,2,1,NULL,5,NULL),
(869,'TBF-D',NULL,'Female',NULL,4,0.9,119,2,1,NULL,5,NULL),
(870,'TBF-E',NULL,'Female',NULL,4,1,120,2,1,NULL,5,NULL),
(871,'TBF-A',NULL,'Female',NULL,5,0.6,121,2,1,NULL,5,NULL),
(872,'TBF-B',NULL,'Female',NULL,5,0.7,122,2,1,NULL,5,NULL),
(873,'TBF-C',NULL,'Female',NULL,5,0.8,123,2,1,NULL,5,NULL),
(874,'TBF-D',NULL,'Female',NULL,5,0.9,124,2,1,NULL,5,NULL),
(875,'TBF-E',NULL,'Female',NULL,5,1,125,2,1,NULL,5,NULL),
(876,'TBB-A',NULL,'Female',NULL,1,0.6,126,2,1,NULL,6,NULL),
(877,'TBB-B',NULL,'Female',NULL,1,0.7,127,2,1,NULL,6,NULL),
(878,'TBB-C',NULL,'Female',NULL,1,0.8,128,2,1,NULL,6,NULL),
(879,'TBB-D',NULL,'Female',NULL,1,0.9,129,2,1,NULL,6,1),
(880,'TBB-E',NULL,'Female','2021-09-25 16:02:19.595000',1,1,130,2,1,NULL,6,1),
(881,'TBB-A',NULL,'Female','2021-09-25 16:34:57.014000',2,0.6,131,2,1,NULL,6,NULL),
(882,'TBB-B',NULL,'Female',NULL,2,0.7,132,2,1,NULL,6,1),
(883,'TBB-C',NULL,'Female','2021-09-25 16:05:27.199000',2,0.8,133,2,1,NULL,6,NULL),
(884,'TBB-D',NULL,'Female',NULL,2,0.9,134,2,1,NULL,6,NULL),
(885,'TBB-E',NULL,'Female',NULL,2,1,135,2,1,NULL,6,NULL),
(886,'TBB-A',NULL,'Female',NULL,3,0.6,136,2,1,NULL,6,NULL),
(887,'TBB-B',NULL,'Female',NULL,3,0.7,137,2,1,NULL,6,NULL),
(888,'TBB-C',NULL,'Female',NULL,3,0.8,138,2,1,NULL,6,NULL),
(889,'TBB-D',NULL,'Female',NULL,3,0.9,139,2,1,NULL,6,NULL),
(890,'TBB-E',NULL,'Female',NULL,3,1,140,2,1,NULL,6,NULL),
(891,'TBB-A',NULL,'Female',NULL,4,0.6,141,2,1,NULL,6,NULL),
(892,'TBB-B',NULL,'Female',NULL,4,0.7,142,2,1,NULL,6,NULL),
(893,'TBB-C',NULL,'Female',NULL,4,0.8,143,2,1,NULL,6,NULL),
(894,'TBB-D',NULL,'Female',NULL,4,0.9,144,2,1,NULL,6,NULL),
(895,'TBB-E',NULL,'Female',NULL,4,1,145,2,1,NULL,6,NULL),
(896,'TBB-A',NULL,'Female',NULL,5,0.6,146,2,1,NULL,6,NULL),
(897,'TBB-B',NULL,'Female',NULL,5,0.7,147,2,1,NULL,6,NULL),
(898,'TBB-C',NULL,'Female',NULL,5,0.8,148,2,1,NULL,6,NULL),
(899,'TBB-D',NULL,'Female',NULL,5,0.9,149,2,1,NULL,6,NULL),
(900,'TBB-E',NULL,'Female',NULL,5,1,150,2,1,NULL,6,NULL),
(901,'LBB-A',NULL,'Female',NULL,1,0.6,151,2,1,NULL,7,NULL),
(902,'LBB-B',NULL,'Female',NULL,1,0.7,152,2,1,NULL,7,NULL),
(903,'LBB-C',NULL,'Female',NULL,1,0.8,153,2,1,NULL,7,NULL),
(904,'LBB-D',NULL,'Female',NULL,1,0.9,154,2,1,NULL,7,NULL),
(905,'LBB-E',NULL,'Female',NULL,1,1,155,2,1,NULL,7,NULL),
(906,'LBB-A',NULL,'Female',NULL,2,0.6,156,2,1,NULL,7,NULL),
(907,'LBB-B',NULL,'Female',NULL,2,0.7,157,2,1,NULL,7,NULL),
(908,'LBB-C',NULL,'Female',NULL,2,0.8,158,2,1,NULL,7,NULL),
(909,'LBB-D',NULL,'Female',NULL,2,0.9,159,2,1,NULL,7,NULL),
(910,'LBB-E',NULL,'Female',NULL,2,1,160,2,1,NULL,7,NULL),
(911,'LBB-A',NULL,'Female',NULL,3,0.6,161,2,1,NULL,7,NULL),
(912,'LBB-B',NULL,'Female',NULL,3,0.7,162,2,1,NULL,7,NULL),
(913,'LBB-C',NULL,'Female',NULL,3,0.8,163,2,1,NULL,7,NULL),
(914,'LBB-D',NULL,'Female',NULL,3,0.9,164,2,1,NULL,7,NULL),
(915,'LBB-E',NULL,'Female',NULL,3,1,165,2,1,NULL,7,NULL),
(916,'LBB-A',NULL,'Female',NULL,4,0.6,166,2,1,NULL,7,NULL),
(917,'LBB-B',NULL,'Female',NULL,4,0.7,167,2,1,NULL,7,NULL),
(918,'LBB-C',NULL,'Female',NULL,4,0.8,168,2,1,NULL,7,NULL),
(919,'LBB-D',NULL,'Female',NULL,4,0.9,169,2,1,NULL,7,NULL),
(920,'LBB-E',NULL,'Female',NULL,4,1,170,2,1,NULL,7,NULL),
(921,'LBB-A',NULL,'Female',NULL,5,0.6,171,2,1,NULL,7,NULL),
(922,'LBB-B',NULL,'Female',NULL,5,0.7,172,2,1,NULL,7,NULL),
(923,'LBB-C',NULL,'Female',NULL,5,0.8,173,2,1,NULL,7,NULL),
(924,'LBB-D',NULL,'Female',NULL,5,0.9,174,2,1,NULL,7,NULL),
(925,'LBB-E',NULL,'Female',NULL,5,1,175,2,1,NULL,7,NULL),
(926,'LBF-A',NULL,'Female',NULL,1,0.6,176,2,1,NULL,8,NULL),
(927,'LBF-B',NULL,'Female',NULL,1,0.7,177,2,1,NULL,8,NULL),
(928,'LBF-C',NULL,'Female',NULL,1,0.8,178,2,1,NULL,8,NULL),
(929,'LBF-D',NULL,'Female',NULL,1,0.9,179,2,1,NULL,8,NULL),
(930,'LBF-E',NULL,'Female',NULL,1,1,180,2,1,NULL,8,NULL),
(931,'LBF-A',NULL,'Female',NULL,2,0.6,181,2,1,NULL,8,NULL),
(932,'LBF-B',NULL,'Female',NULL,2,0.7,182,2,1,NULL,8,NULL),
(933,'LBF-C',NULL,'Female',NULL,2,0.8,183,2,1,NULL,8,NULL),
(934,'LBF-D',NULL,'Female',NULL,2,0.9,184,2,1,NULL,8,NULL),
(935,'LBF-E',NULL,'Female',NULL,2,1,185,2,1,NULL,8,NULL),
(936,'LBF-A',NULL,'Female',NULL,3,0.6,186,2,1,NULL,8,NULL),
(937,'LBF-B',NULL,'Female',NULL,3,0.7,187,2,1,NULL,8,NULL),
(938,'LBF-C',NULL,'Female',NULL,3,0.8,188,2,1,NULL,8,NULL),
(939,'LBF-D',NULL,'Female',NULL,3,0.9,189,2,1,NULL,8,NULL),
(940,'LBF-E',NULL,'Female',NULL,3,1,190,2,1,NULL,8,NULL),
(941,'LBF-A',NULL,'Female',NULL,4,0.6,191,2,1,NULL,8,NULL),
(942,'LBF-B',NULL,'Female',NULL,4,0.7,192,2,1,NULL,8,NULL),
(943,'LBF-C',NULL,'Female',NULL,4,0.8,193,2,1,NULL,8,NULL),
(944,'LBF-D',NULL,'Female',NULL,4,0.9,194,2,1,NULL,8,NULL),
(945,'LBF-E',NULL,'Female',NULL,4,1,195,2,1,NULL,8,NULL),
(946,'LBF-A',NULL,'Female',NULL,5,0.6,196,2,1,NULL,8,NULL),
(947,'LBF-B',NULL,'Female',NULL,5,0.7,197,2,1,NULL,8,NULL),
(948,'LBF-C',NULL,'Female',NULL,5,0.8,198,2,1,NULL,8,NULL),
(949,'LBF-D',NULL,'Female',NULL,5,0.9,199,2,1,NULL,8,NULL),
(950,'LBF-E',NULL,'Female',NULL,5,1,200,2,1,NULL,8,1),
(951,'HBF-A',NULL,'Female','2021-09-25 15:53:57.935000',1,0.6,201,2,1,NULL,9,1),
(952,'HBF-B',NULL,'Female','2021-09-25 15:35:51.043000',1,0.7,202,2,1,NULL,9,NULL),
(953,'HBF-C','2021-09-20 10:25:02.788000','Female',NULL,1,0.8,203,2,1,1,9,NULL),
(954,'HBF-D','2021-09-20 10:35:08.153000','Female',NULL,1,0.9,204,2,1,1,9,NULL),
(955,'HBF-E','2021-09-20 11:03:37.762000','Female',NULL,1,1,205,2,1,1,9,NULL),
(956,'HBF-A','2021-09-20 11:08:15.645000','Female',NULL,2,0.6,206,2,1,1,9,NULL),
(957,'HBF-B','2021-09-20 11:13:38.848000','Female',NULL,2,0.7,207,2,1,1,9,NULL),
(958,'HBF-C','2021-09-20 11:18:38.489000','Female',NULL,2,0.8,208,2,1,1,9,NULL),
(959,'HBF-D','2021-09-20 11:24:35.709000','Female',NULL,2,0.9,209,2,1,1,9,NULL),
(960,'HBF-E','2021-09-20 11:28:30.335000','Female',NULL,2,1,210,2,1,1,9,NULL),
(961,'HBF-A','2021-09-20 11:33:38.019000','Female',NULL,3,0.6,211,2,1,1,9,NULL),
(962,'HBF-B','2021-09-20 11:39:52.257000','Female',NULL,3,0.7,212,2,1,1,9,NULL),
(963,'HBF-C','2021-09-20 11:46:33.120000','Female',NULL,3,0.8,213,2,1,1,9,NULL),
(964,'HBF-D','2021-09-20 11:51:22.470000','Female',NULL,3,0.9,214,2,1,1,9,NULL),
(965,'HBF-E','2021-09-20 11:56:40.725000','Female',NULL,3,1,215,2,1,1,9,NULL),
(966,'HBF-A','2021-09-20 12:01:32.990000','Female',NULL,4,0.6,216,2,1,1,9,NULL),
(967,'HBF-B','2021-09-20 12:06:29.477000','Female',NULL,4,0.7,217,2,1,1,9,NULL),
(968,'HBF-C','2021-09-20 12:10:57.339000','Female',NULL,4,0.8,218,2,1,1,9,NULL),
(969,'HBF-D','2021-09-20 12:16:05.428000','Female',NULL,4,0.9,219,2,1,1,9,NULL),
(970,'HBF-E','2021-09-20 12:20:03.726000','Female',NULL,4,1,220,2,1,1,9,NULL),
(971,'HBF-A','2021-09-20 12:26:46.759000','Female',NULL,5,0.6,221,2,1,1,9,NULL),
(972,'HBF-B','2021-09-20 12:31:19.829000','Female',NULL,5,0.7,222,2,1,1,9,NULL),
(973,'HBF-C','2021-09-20 12:37:06.124000','Female',NULL,5,0.8,223,2,1,1,9,NULL),
(974,'HBF-D','2021-09-20 12:42:33.290000','Female',NULL,5,0.9,224,2,1,1,9,NULL),
(975,'HBF-E','2021-09-20 12:49:18.862000','Female',NULL,5,1,225,2,1,1,9,1),
(976,'HBB-A','2021-09-20 12:58:55.482000','Female','2021-09-20 13:01:57.104000',1,0.6,226,2,1,1,10,NULL),
(977,'HBB-B','2021-09-20 13:05:20.488000','Female',NULL,1,0.7,227,2,1,1,10,NULL),
(978,'HBB-C','2021-09-20 13:10:19.853000','Female',NULL,1,0.8,228,2,1,1,10,NULL),
(979,'HBB-D','2021-09-20 13:14:00.031000','Female',NULL,1,0.9,229,2,1,1,10,NULL),
(980,'HBB-E','2021-09-20 13:19:13.838000','Female',NULL,1,1,230,2,1,1,10,NULL),
(981,'HBB-A','2021-09-20 13:23:22.963000','Female',NULL,2,0.6,231,2,1,1,10,NULL),
(982,'HBB-B','2021-09-20 13:32:35.087000','Female',NULL,2,0.7,232,2,1,1,10,NULL),
(983,'HBB-C','2021-09-20 13:40:17.474000','Female',NULL,2,0.8,233,2,1,1,10,NULL),
(984,'HBB-D','2021-09-20 13:44:54.039000','Female',NULL,2,0.9,234,2,1,1,10,NULL),
(985,'HBB-E','2021-09-20 14:20:25.655000','Female',NULL,2,1,235,2,1,1,10,NULL),
(986,'HBB-A','2021-09-20 15:15:02.922000','Female',NULL,3,0.6,236,2,1,1,10,NULL),
(987,'HBB-B','2021-09-20 15:20:03.824000','Female',NULL,3,0.7,237,2,1,1,10,NULL),
(988,'HBB-C','2021-09-20 15:24:19.350000','Female',NULL,3,0.8,238,2,1,1,10,NULL),
(989,'HBB-D','2021-09-20 15:54:54.847000','Female',NULL,3,0.9,239,2,1,1,10,NULL),
(990,'HBB-E','2021-09-20 15:59:07.114000','Female',NULL,3,1,240,2,1,1,10,NULL),
(991,'HBB-A','2021-09-20 16:03:03.195000','Female',NULL,4,0.6,241,2,1,1,10,NULL),
(992,'HBB-B','2021-09-20 16:07:07.240000','Female',NULL,4,0.7,242,2,1,1,10,1),
(993,'HBB-C','2021-09-20 16:12:30.249000','Female','2021-09-20 16:14:20.672000',4,0.8,243,2,1,1,10,NULL),
(994,'HBB-D','2021-09-20 16:20:04.816000','Female',NULL,4,0.9,244,2,1,1,10,NULL),
(995,'HBB-E','2021-09-20 16:24:02.405000','Female',NULL,4,1,245,2,1,1,10,NULL),
(996,'HBB-A','2021-09-20 16:27:27.279000','Female',NULL,5,0.6,246,2,1,1,10,NULL),
(997,'HBB-B','2021-09-20 16:33:00.572000','Female',NULL,5,0.7,247,2,1,1,10,NULL),
(998,'HBB-C','2021-09-20 16:37:23.282000','Female',NULL,5,0.8,248,2,1,1,10,NULL),
(999,'HBB-D','2021-09-20 16:41:19.979000','Female',NULL,5,0.9,249,2,1,1,10,NULL),
(1000,'HBB-E','2021-09-20 16:45:52.373000','Female',NULL,5,1,250,2,1,1,10,NULL),
(1001,'FBS-A',NULL,'Male',NULL,1,0.6,1,3,1,NULL,1,NULL),
(1002,'FBS-B',NULL,'Male',NULL,1,0.7,2,3,1,NULL,1,NULL),
(1003,'FBS-C',NULL,'Male',NULL,1,0.8,3,3,1,NULL,1,NULL),
(1004,'FBS-D',NULL,'Male',NULL,1,0.9,4,3,1,NULL,1,NULL),
(1005,'FBS-E',NULL,'Male',NULL,1,1,5,3,1,NULL,1,NULL),
(1006,'FBS-A',NULL,'Male',NULL,2,0.6,6,3,1,NULL,1,NULL),
(1007,'FBS-B',NULL,'Male',NULL,2,0.7,7,3,1,NULL,1,NULL),
(1008,'FBS-C',NULL,'Male',NULL,2,0.8,8,3,1,NULL,1,NULL),
(1009,'FBS-D',NULL,'Male',NULL,2,0.9,9,3,1,NULL,1,NULL),
(1010,'FBS-E',NULL,'Male',NULL,2,1,10,3,1,NULL,1,NULL),
(1011,'FBS-A',NULL,'Male',NULL,3,0.6,11,3,1,NULL,1,NULL),
(1012,'FBS-B',NULL,'Male',NULL,3,0.7,12,3,1,NULL,1,NULL),
(1013,'FBS-C',NULL,'Male',NULL,3,0.8,13,3,1,NULL,1,NULL),
(1014,'FBS-D',NULL,'Male',NULL,3,0.9,14,3,1,NULL,1,NULL),
(1015,'FBS-E',NULL,'Male',NULL,3,1,15,3,1,NULL,1,NULL),
(1016,'FBS-A',NULL,'Male',NULL,4,0.6,16,3,1,NULL,1,NULL),
(1017,'FBS-B',NULL,'Male',NULL,4,0.7,17,3,1,NULL,1,NULL),
(1018,'FBS-C',NULL,'Male',NULL,4,0.8,18,3,1,NULL,1,NULL),
(1019,'FBS-D',NULL,'Male',NULL,4,0.9,19,3,1,NULL,1,NULL),
(1020,'FBS-E',NULL,'Male',NULL,4,1,20,3,1,NULL,1,NULL),
(1021,'FBS-A',NULL,'Male',NULL,5,0.6,21,3,1,NULL,1,NULL),
(1022,'FBS-B',NULL,'Male',NULL,5,0.7,22,3,1,NULL,1,NULL),
(1023,'FBS-C',NULL,'Male',NULL,5,0.8,23,3,1,NULL,1,NULL),
(1024,'FBS-D',NULL,'Male',NULL,5,0.9,24,3,1,NULL,1,NULL),
(1025,'FBS-E',NULL,'Male',NULL,5,1,25,3,1,NULL,1,NULL),
(1026,'FBF-A',NULL,'Male',NULL,1,0.6,26,3,1,NULL,2,NULL),
(1027,'FBF-B',NULL,'Male',NULL,1,0.7,27,3,1,NULL,2,1),
(1028,'FBF-C',NULL,'Male','2021-09-25 16:23:31.133000',1,0.8,28,3,1,NULL,2,NULL),
(1029,'FBF-D',NULL,'Male',NULL,1,0.9,29,3,1,NULL,2,NULL),
(1030,'FBF-E',NULL,'Male',NULL,1,1,30,3,1,NULL,2,NULL),
(1031,'FBF-A',NULL,'Male',NULL,2,0.6,31,3,1,NULL,2,NULL),
(1032,'FBF-B',NULL,'Male',NULL,2,0.7,32,3,1,NULL,2,NULL),
(1033,'FBF-C',NULL,'Male',NULL,2,0.8,33,3,1,NULL,2,NULL),
(1034,'FBF-D',NULL,'Male',NULL,2,0.9,34,3,1,NULL,2,NULL),
(1035,'FBF-E',NULL,'Male',NULL,2,1,35,3,1,NULL,2,NULL),
(1036,'FBF-A',NULL,'Male',NULL,3,0.6,36,3,1,NULL,2,NULL),
(1037,'FBF-B',NULL,'Male',NULL,3,0.7,37,3,1,NULL,2,NULL),
(1038,'FBF-C',NULL,'Male',NULL,3,0.8,38,3,1,NULL,2,NULL),
(1039,'FBF-D',NULL,'Male',NULL,3,0.9,39,3,1,NULL,2,NULL),
(1040,'FBF-E',NULL,'Male',NULL,3,1,40,3,1,NULL,2,NULL),
(1041,'FBF-A',NULL,'Male',NULL,4,0.6,41,3,1,NULL,2,NULL),
(1042,'FBF-B',NULL,'Male',NULL,4,0.7,42,3,1,NULL,2,NULL),
(1043,'FBF-C',NULL,'Male',NULL,4,0.8,43,3,1,NULL,2,NULL),
(1044,'FBF-D',NULL,'Male',NULL,4,0.9,44,3,1,NULL,2,NULL),
(1045,'FBF-E',NULL,'Male',NULL,4,1,45,3,1,NULL,2,NULL),
(1046,'FBF-A',NULL,'Male',NULL,5,0.6,46,3,1,NULL,2,NULL),
(1047,'FBF-B',NULL,'Male',NULL,5,0.7,47,3,1,NULL,2,NULL),
(1048,'FBF-C',NULL,'Male',NULL,5,0.8,48,3,1,NULL,2,NULL),
(1049,'FBF-D',NULL,'Male',NULL,5,0.9,49,3,1,NULL,2,NULL),
(1050,'FBF-E',NULL,'Male',NULL,5,1,50,3,1,NULL,2,NULL),
(1051,'BBS-A',NULL,'Male',NULL,1,0.6,51,3,1,NULL,3,NULL),
(1052,'BBS-B',NULL,'Male',NULL,1,0.7,52,3,1,NULL,3,NULL),
(1053,'BBS-C',NULL,'Male',NULL,1,0.8,53,3,1,NULL,3,NULL),
(1054,'BBS-D',NULL,'Male',NULL,1,0.9,54,3,1,NULL,3,NULL),
(1055,'BBS-E',NULL,'Male',NULL,1,1,55,3,1,NULL,3,NULL),
(1056,'BBS-A',NULL,'Male',NULL,2,0.6,56,3,1,NULL,3,NULL),
(1057,'BBS-B',NULL,'Male',NULL,2,0.7,57,3,1,NULL,3,NULL),
(1058,'BBS-C',NULL,'Male',NULL,2,0.8,58,3,1,NULL,3,NULL),
(1059,'BBS-D',NULL,'Male',NULL,2,0.9,59,3,1,NULL,3,NULL),
(1060,'BBS-E',NULL,'Male',NULL,2,1,60,3,1,NULL,3,NULL),
(1061,'BBS-A',NULL,'Male',NULL,3,0.6,61,3,1,NULL,3,NULL),
(1062,'BBS-B',NULL,'Male',NULL,3,0.7,62,3,1,NULL,3,NULL),
(1063,'BBS-C',NULL,'Male',NULL,3,0.8,63,3,1,NULL,3,NULL),
(1064,'BBS-D',NULL,'Male',NULL,3,0.9,64,3,1,NULL,3,NULL),
(1065,'BBS-E',NULL,'Male',NULL,3,1,65,3,1,NULL,3,NULL),
(1066,'BBS-A',NULL,'Male',NULL,4,0.6,66,3,1,NULL,3,NULL),
(1067,'BBS-B',NULL,'Male',NULL,4,0.7,67,3,1,NULL,3,NULL),
(1068,'BBS-C',NULL,'Male',NULL,4,0.8,68,3,1,NULL,3,NULL),
(1069,'BBS-D',NULL,'Male',NULL,4,0.9,69,3,1,NULL,3,NULL),
(1070,'BBS-E',NULL,'Male',NULL,4,1,70,3,1,NULL,3,NULL),
(1071,'BBS-A',NULL,'Male',NULL,5,0.6,71,3,1,NULL,3,NULL),
(1072,'BBS-B',NULL,'Male',NULL,5,0.7,72,3,1,NULL,3,NULL),
(1073,'BBS-C',NULL,'Male',NULL,5,0.8,73,3,1,NULL,3,NULL),
(1074,'BBS-D',NULL,'Male',NULL,5,0.9,74,3,1,NULL,3,NULL),
(1075,'BBS-E',NULL,'Male',NULL,5,1,75,3,1,NULL,3,NULL),
(1076,'BBF-A',NULL,'Male',NULL,1,0.6,76,3,1,NULL,4,NULL),
(1077,'BBF-B',NULL,'Male',NULL,1,0.7,77,3,1,NULL,4,NULL),
(1078,'BBF-C',NULL,'Male',NULL,1,0.8,78,3,1,NULL,4,NULL),
(1079,'BBF-D',NULL,'Male',NULL,1,0.9,79,3,1,NULL,4,NULL),
(1080,'BBF-E',NULL,'Male',NULL,1,1,80,3,1,NULL,4,NULL),
(1081,'BBF-A',NULL,'Male',NULL,2,0.6,81,3,1,NULL,4,NULL),
(1082,'BBF-B',NULL,'Male',NULL,2,0.7,82,3,1,NULL,4,NULL),
(1083,'BBF-C',NULL,'Male',NULL,2,0.8,83,3,1,NULL,4,NULL),
(1084,'BBF-D',NULL,'Male',NULL,2,0.9,84,3,1,NULL,4,NULL),
(1085,'BBF-E',NULL,'Male',NULL,2,1,85,3,1,NULL,4,NULL),
(1086,'BBF-A',NULL,'Male',NULL,3,0.6,86,3,1,NULL,4,NULL),
(1087,'BBF-B',NULL,'Male',NULL,3,0.7,87,3,1,NULL,4,NULL),
(1088,'BBF-C',NULL,'Male',NULL,3,0.8,88,3,1,NULL,4,NULL),
(1089,'BBF-D',NULL,'Male',NULL,3,0.9,89,3,1,NULL,4,NULL),
(1090,'BBF-E',NULL,'Male',NULL,3,1,90,3,1,NULL,4,NULL),
(1091,'BBF-A',NULL,'Male',NULL,4,0.6,91,3,1,NULL,4,NULL),
(1092,'BBF-B',NULL,'Male',NULL,4,0.7,92,3,1,NULL,4,NULL),
(1093,'BBF-C',NULL,'Male',NULL,4,0.8,93,3,1,NULL,4,NULL),
(1094,'BBF-D',NULL,'Male',NULL,4,0.9,94,3,1,NULL,4,NULL),
(1095,'BBF-E',NULL,'Male',NULL,4,1,95,3,1,NULL,4,NULL),
(1096,'BBF-A',NULL,'Male',NULL,5,0.6,96,3,1,NULL,4,NULL),
(1097,'BBF-B',NULL,'Male',NULL,5,0.7,97,3,1,NULL,4,NULL),
(1098,'BBF-C',NULL,'Male',NULL,5,0.8,98,3,1,NULL,4,NULL),
(1099,'BBF-D',NULL,'Male',NULL,5,0.9,99,3,1,NULL,4,NULL),
(1100,'BBF-E',NULL,'Male',NULL,5,1,100,3,1,NULL,4,NULL),
(1101,'TBF-A',NULL,'Male',NULL,1,0.6,101,3,1,NULL,5,NULL),
(1102,'TBF-B',NULL,'Male',NULL,1,0.7,102,3,1,NULL,5,NULL),
(1103,'TBF-C',NULL,'Male',NULL,1,0.8,103,3,1,NULL,5,NULL),
(1104,'TBF-D',NULL,'Male',NULL,1,0.9,104,3,1,NULL,5,NULL),
(1105,'TBF-E',NULL,'Male',NULL,1,1,105,3,1,NULL,5,NULL),
(1106,'TBF-A',NULL,'Male',NULL,2,0.6,106,3,1,NULL,5,NULL),
(1107,'TBF-B',NULL,'Male',NULL,2,0.7,107,3,1,NULL,5,NULL),
(1108,'TBF-C',NULL,'Male',NULL,2,0.8,108,3,1,NULL,5,NULL),
(1109,'TBF-D',NULL,'Male',NULL,2,0.9,109,3,1,NULL,5,NULL),
(1110,'TBF-E',NULL,'Male',NULL,2,1,110,3,1,NULL,5,NULL),
(1111,'TBF-A',NULL,'Male',NULL,3,0.6,111,3,1,NULL,5,NULL),
(1112,'TBF-B',NULL,'Male',NULL,3,0.7,112,3,1,NULL,5,NULL),
(1113,'TBF-C',NULL,'Male',NULL,3,0.8,113,3,1,NULL,5,NULL),
(1114,'TBF-D',NULL,'Male',NULL,3,0.9,114,3,1,NULL,5,NULL),
(1115,'TBF-E',NULL,'Male',NULL,3,1,115,3,1,NULL,5,NULL),
(1116,'TBF-A',NULL,'Male',NULL,4,0.6,116,3,1,NULL,5,NULL),
(1117,'TBF-B',NULL,'Male',NULL,4,0.7,117,3,1,NULL,5,NULL),
(1118,'TBF-C',NULL,'Male',NULL,4,0.8,118,3,1,NULL,5,NULL),
(1119,'TBF-D',NULL,'Male',NULL,4,0.9,119,3,1,NULL,5,NULL),
(1120,'TBF-E',NULL,'Male',NULL,4,1,120,3,1,NULL,5,NULL),
(1121,'TBF-A',NULL,'Male',NULL,5,0.6,121,3,1,NULL,5,NULL),
(1122,'TBF-B',NULL,'Male',NULL,5,0.7,122,3,1,NULL,5,NULL),
(1123,'TBF-C',NULL,'Male',NULL,5,0.8,123,3,1,NULL,5,NULL),
(1124,'TBF-D',NULL,'Male',NULL,5,0.9,124,3,1,NULL,5,NULL),
(1125,'TBF-E',NULL,'Male',NULL,5,1,125,3,1,NULL,5,NULL),
(1126,'TBB-A',NULL,'Male',NULL,1,0.6,126,3,1,NULL,6,NULL),
(1127,'TBB-B',NULL,'Male',NULL,1,0.7,127,3,1,NULL,6,NULL),
(1128,'TBB-C',NULL,'Male',NULL,1,0.8,128,3,1,NULL,6,NULL),
(1129,'TBB-D',NULL,'Male',NULL,1,0.9,129,3,1,NULL,6,1),
(1130,'TBB-E',NULL,'Male','2021-09-25 16:02:53.437000',1,1,130,3,1,NULL,6,NULL),
(1131,'TBB-A',NULL,'Male',NULL,2,0.6,131,3,1,NULL,6,NULL),
(1132,'TBB-B',NULL,'Male',NULL,2,0.7,132,3,1,NULL,6,NULL),
(1133,'TBB-C',NULL,'Male',NULL,2,0.8,133,3,1,NULL,6,NULL),
(1134,'TBB-D',NULL,'Male',NULL,2,0.9,134,3,1,NULL,6,NULL),
(1135,'TBB-E',NULL,'Male',NULL,2,1,135,3,1,NULL,6,NULL),
(1136,'TBB-A',NULL,'Male',NULL,3,0.6,136,3,1,NULL,6,NULL),
(1137,'TBB-B',NULL,'Male',NULL,3,0.7,137,3,1,NULL,6,NULL),
(1138,'TBB-C',NULL,'Male',NULL,3,0.8,138,3,1,NULL,6,NULL),
(1139,'TBB-D',NULL,'Male',NULL,3,0.9,139,3,1,NULL,6,NULL),
(1140,'TBB-E',NULL,'Male',NULL,3,1,140,3,1,NULL,6,NULL),
(1141,'TBB-A',NULL,'Male',NULL,4,0.6,141,3,1,NULL,6,NULL),
(1142,'TBB-B',NULL,'Male',NULL,4,0.7,142,3,1,NULL,6,NULL),
(1143,'TBB-C',NULL,'Male',NULL,4,0.8,143,3,1,NULL,6,NULL),
(1144,'TBB-D',NULL,'Male',NULL,4,0.9,144,3,1,NULL,6,NULL),
(1145,'TBB-E',NULL,'Male',NULL,4,1,145,3,1,NULL,6,NULL),
(1146,'TBB-A',NULL,'Male',NULL,5,0.6,146,3,1,NULL,6,NULL),
(1147,'TBB-B',NULL,'Male',NULL,5,0.7,147,3,1,NULL,6,NULL),
(1148,'TBB-C',NULL,'Male',NULL,5,0.8,148,3,1,NULL,6,NULL),
(1149,'TBB-D',NULL,'Male',NULL,5,0.9,149,3,1,NULL,6,NULL),
(1150,'TBB-E',NULL,'Male',NULL,5,1,150,3,1,NULL,6,NULL),
(1151,'LBB-A',NULL,'Male',NULL,1,0.6,151,3,1,NULL,7,NULL),
(1152,'LBB-B',NULL,'Male',NULL,1,0.7,152,3,1,NULL,7,NULL),
(1153,'LBB-C',NULL,'Male',NULL,1,0.8,153,3,1,NULL,7,NULL),
(1154,'LBB-D',NULL,'Male',NULL,1,0.9,154,3,1,NULL,7,NULL),
(1155,'LBB-E',NULL,'Male',NULL,1,1,155,3,1,NULL,7,NULL),
(1156,'LBB-A',NULL,'Male',NULL,2,0.6,156,3,1,NULL,7,NULL),
(1157,'LBB-B',NULL,'Male',NULL,2,0.7,157,3,1,NULL,7,NULL),
(1158,'LBB-C',NULL,'Male',NULL,2,0.8,158,3,1,NULL,7,NULL),
(1159,'LBB-D',NULL,'Male',NULL,2,0.9,159,3,1,NULL,7,NULL),
(1160,'LBB-E',NULL,'Male',NULL,2,1,160,3,1,NULL,7,NULL),
(1161,'LBB-A',NULL,'Male',NULL,3,0.6,161,3,1,NULL,7,NULL),
(1162,'LBB-B',NULL,'Male',NULL,3,0.7,162,3,1,NULL,7,NULL),
(1163,'LBB-C',NULL,'Male',NULL,3,0.8,163,3,1,NULL,7,NULL),
(1164,'LBB-D',NULL,'Male',NULL,3,0.9,164,3,1,NULL,7,NULL),
(1165,'LBB-E',NULL,'Male',NULL,3,1,165,3,1,NULL,7,NULL),
(1166,'LBB-A',NULL,'Male',NULL,4,0.6,166,3,1,NULL,7,NULL),
(1167,'LBB-B',NULL,'Male',NULL,4,0.7,167,3,1,NULL,7,NULL),
(1168,'LBB-C',NULL,'Male',NULL,4,0.8,168,3,1,NULL,7,NULL),
(1169,'LBB-D',NULL,'Male',NULL,4,0.9,169,3,1,NULL,7,NULL),
(1170,'LBB-E',NULL,'Male',NULL,4,1,170,3,1,NULL,7,NULL),
(1171,'LBB-A',NULL,'Male',NULL,5,0.6,171,3,1,NULL,7,NULL),
(1172,'LBB-B',NULL,'Male',NULL,5,0.7,172,3,1,NULL,7,NULL),
(1173,'LBB-C',NULL,'Male',NULL,5,0.8,173,3,1,NULL,7,NULL),
(1174,'LBB-D',NULL,'Male',NULL,5,0.9,174,3,1,NULL,7,NULL),
(1175,'LBB-E',NULL,'Male',NULL,5,1,175,3,1,NULL,7,NULL),
(1176,'LBF-A',NULL,'Male',NULL,1,0.6,176,3,1,NULL,8,NULL),
(1177,'LBF-B',NULL,'Male',NULL,1,0.7,177,3,1,NULL,8,NULL),
(1178,'LBF-C',NULL,'Male',NULL,1,0.8,178,3,1,NULL,8,NULL),
(1179,'LBF-D',NULL,'Male',NULL,1,0.9,179,3,1,NULL,8,NULL),
(1180,'LBF-E',NULL,'Male',NULL,1,1,180,3,1,NULL,8,NULL),
(1181,'LBF-A',NULL,'Male',NULL,2,0.6,181,3,1,NULL,8,NULL),
(1182,'LBF-B',NULL,'Male',NULL,2,0.7,182,3,1,NULL,8,NULL),
(1183,'LBF-C',NULL,'Male',NULL,2,0.8,183,3,1,NULL,8,NULL),
(1184,'LBF-D',NULL,'Male',NULL,2,0.9,184,3,1,NULL,8,NULL),
(1185,'LBF-E',NULL,'Male',NULL,2,1,185,3,1,NULL,8,NULL),
(1186,'LBF-A',NULL,'Male',NULL,3,0.6,186,3,1,NULL,8,NULL),
(1187,'LBF-B',NULL,'Male',NULL,3,0.7,187,3,1,NULL,8,NULL),
(1188,'LBF-C',NULL,'Male',NULL,3,0.8,188,3,1,NULL,8,NULL),
(1189,'LBF-D',NULL,'Male',NULL,3,0.9,189,3,1,NULL,8,NULL),
(1190,'LBF-E',NULL,'Male',NULL,3,1,190,3,1,NULL,8,NULL),
(1191,'LBF-A',NULL,'Male',NULL,4,0.6,191,3,1,NULL,8,NULL),
(1192,'LBF-B',NULL,'Male',NULL,4,0.7,192,3,1,NULL,8,NULL),
(1193,'LBF-C',NULL,'Male',NULL,4,0.8,193,3,1,NULL,8,NULL),
(1194,'LBF-D',NULL,'Male',NULL,4,0.9,194,3,1,NULL,8,NULL),
(1195,'LBF-E',NULL,'Male',NULL,4,1,195,3,1,NULL,8,NULL),
(1196,'LBF-A',NULL,'Male',NULL,5,0.6,196,3,1,NULL,8,NULL),
(1197,'LBF-B',NULL,'Male',NULL,5,0.7,197,3,1,NULL,8,NULL),
(1198,'LBF-C',NULL,'Male',NULL,5,0.8,198,3,1,NULL,8,NULL),
(1199,'LBF-D',NULL,'Male',NULL,5,0.9,199,3,1,NULL,8,NULL),
(1200,'LBF-E',NULL,'Male',NULL,5,1,200,3,1,NULL,8,NULL),
(1201,'HBF-A',NULL,'Male',NULL,1,0.6,201,3,1,NULL,9,1),
(1202,'HBF-B',NULL,'Male','2021-09-25 15:36:24.082000',1,0.7,202,3,1,NULL,9,NULL),
(1203,'HBF-C','2021-09-20 10:25:35.518000','Male',NULL,1,0.8,203,3,1,1,9,NULL),
(1204,'HBF-D','2021-09-20 10:40:09.701000','Male',NULL,1,0.9,204,3,1,1,9,NULL),
(1205,'HBF-E','2021-09-20 11:04:05.737000','Male',NULL,1,1,205,3,1,1,9,NULL),
(1206,'HBF-A','2021-09-20 11:08:35.190000','Male',NULL,2,0.6,206,3,1,1,9,NULL),
(1207,'HBF-B','2021-09-20 11:13:55.063000','Male',NULL,2,0.7,207,3,1,1,9,NULL),
(1208,'HBF-C','2021-09-20 11:18:55.968000','Male',NULL,2,0.8,208,3,1,1,9,1),
(1209,'HBF-D','2021-09-20 11:24:51.851000','Male','2021-09-20 11:25:05.550000',2,0.9,209,3,1,1,9,NULL),
(1210,'HBF-E','2021-09-20 11:28:43.878000','Male',NULL,2,1,210,3,1,1,9,NULL),
(1211,'HBF-A','2021-09-20 11:33:54.580000','Male',NULL,3,0.6,211,3,1,1,9,NULL),
(1212,'HBF-B','2021-09-20 11:40:21.703000','Male',NULL,3,0.7,212,3,1,1,9,NULL),
(1213,'HBF-C','2021-09-20 11:47:00.265000','Male',NULL,3,0.8,213,3,1,1,9,NULL),
(1214,'HBF-D','2021-09-20 11:52:01.456000','Male',NULL,3,0.9,214,3,1,1,9,NULL),
(1215,'HBF-E','2021-09-20 11:57:11.634000','Male',NULL,3,1,215,3,1,1,9,NULL),
(1216,'HBF-A','2021-09-20 12:02:22.626000','Male',NULL,4,0.6,216,3,1,1,9,NULL),
(1217,'HBF-B','2021-09-20 12:06:55.353000','Male',NULL,4,0.7,217,3,1,1,9,NULL),
(1218,'HBF-C','2021-09-20 12:11:21.772000','Male',NULL,4,0.8,218,3,1,1,9,NULL),
(1219,'HBF-D','2021-09-20 12:16:23.863000','Male',NULL,4,0.9,219,3,1,1,9,NULL),
(1220,'HBF-E','2021-09-20 12:20:46.619000','Male',NULL,4,1,220,3,1,1,9,NULL),
(1221,'HBF-A','2021-09-20 12:27:05.190000','Male',NULL,5,0.6,221,3,1,1,9,NULL),
(1222,'HBF-B','2021-09-20 12:31:58.353000','Male',NULL,5,0.7,222,3,1,1,9,NULL),
(1223,'HBF-C','2021-09-20 12:37:26.442000','Male',NULL,5,0.8,223,3,1,1,9,NULL),
(1224,'HBF-D','2021-09-20 12:43:02.758000','Male',NULL,5,0.9,224,3,1,1,9,NULL),
(1225,'HBF-E','2021-09-20 12:49:43.111000','Male',NULL,5,1,225,3,1,1,9,1),
(1226,'HBB-A','2021-09-20 12:59:20.717000','Male','2021-09-20 13:02:11.146000',1,0.6,226,3,1,1,10,NULL),
(1227,'HBB-B','2021-09-20 13:05:39.145000','Male',NULL,1,0.7,227,3,1,1,10,NULL),
(1228,'HBB-C','2021-09-20 13:10:34.106000','Male',NULL,1,0.8,228,3,1,1,10,NULL),
(1229,'HBB-D','2021-09-20 13:14:20.971000','Male',NULL,1,0.9,229,3,1,1,10,NULL),
(1230,'HBB-E','2021-09-20 13:19:57.585000','Male',NULL,1,1,230,3,1,1,10,NULL),
(1231,'HBB-A','2021-09-20 13:24:58.194000','Male',NULL,2,0.6,231,3,1,1,10,NULL),
(1232,'HBB-B','2021-09-20 13:33:47.277000','Male',NULL,2,0.7,232,3,1,1,10,NULL),
(1233,'HBB-C','2021-09-20 13:40:37.147000','Male',NULL,2,0.8,233,3,1,1,10,NULL),
(1234,'HBB-D','2021-09-20 13:45:13.286000','Male',NULL,2,0.9,234,3,1,1,10,NULL),
(1235,'HBB-E','2021-09-20 14:20:39.366000','Male',NULL,2,1,235,3,1,1,10,NULL),
(1236,'HBB-A','2021-09-20 15:15:39.965000','Male',NULL,3,0.6,236,3,1,1,10,NULL),
(1237,'HBB-B','2021-09-20 15:20:19.072000','Male',NULL,3,0.7,237,3,1,1,10,NULL),
(1238,'HBB-C','2021-09-20 15:24:43.249000','Male',NULL,3,0.8,238,3,1,1,10,NULL),
(1239,'HBB-D','2021-09-20 15:55:09.854000','Male',NULL,3,0.9,239,3,1,1,10,NULL),
(1240,'HBB-E','2021-09-20 15:59:56.633000','Male',NULL,3,1,240,3,1,1,10,NULL),
(1241,'HBB-A','2021-09-20 16:03:32.035000','Male',NULL,4,0.6,241,3,1,1,10,NULL),
(1242,'HBB-B','2021-09-20 16:07:50.779000','Male',NULL,4,0.7,242,3,1,1,10,1),
(1243,'HBB-C','2021-09-20 16:12:48.810000','Male','2021-09-20 16:14:49.525000',4,0.8,243,3,1,1,10,NULL),
(1244,'HBB-D','2021-09-20 16:20:25.825000','Male',NULL,4,0.9,244,3,1,1,10,NULL),
(1245,'HBB-E','2021-09-20 16:24:17.416000','Male',NULL,4,1,245,3,1,1,10,NULL),
(1246,'HBB-A','2021-09-20 16:27:43.838000','Male',NULL,5,0.6,246,3,1,1,10,NULL),
(1247,'HBB-B','2021-09-20 16:33:23.287000','Male',NULL,5,0.7,247,3,1,1,10,NULL),
(1248,'HBB-C','2021-09-20 16:37:36.754000','Male',NULL,5,0.8,248,3,1,1,10,NULL),
(1249,'HBB-D','2021-09-20 16:41:52.393000','Male',NULL,5,0.9,249,3,1,1,10,NULL),
(1250,'HBB-E','2021-09-20 16:46:20.206000','Male',NULL,5,1,250,3,1,1,10,NULL),
(1251,'FBS-A',NULL,'Female',NULL,1,0.6,1,3,1,NULL,1,NULL),
(1252,'FBS-B',NULL,'Female',NULL,1,0.7,2,3,1,NULL,1,NULL),
(1253,'FBS-C',NULL,'Female',NULL,1,0.8,3,3,1,NULL,1,NULL),
(1254,'FBS-D',NULL,'Female',NULL,1,0.9,4,3,1,NULL,1,NULL),
(1255,'FBS-E',NULL,'Female',NULL,1,1,5,3,1,NULL,1,NULL),
(1256,'FBS-A',NULL,'Female',NULL,2,0.6,6,3,1,NULL,1,NULL),
(1257,'FBS-B',NULL,'Female',NULL,2,0.7,7,3,1,NULL,1,NULL),
(1258,'FBS-C',NULL,'Female',NULL,2,0.8,8,3,1,NULL,1,NULL),
(1259,'FBS-D',NULL,'Female',NULL,2,0.9,9,3,1,NULL,1,NULL),
(1260,'FBS-E',NULL,'Female',NULL,2,1,10,3,1,NULL,1,NULL),
(1261,'FBS-A',NULL,'Female',NULL,3,0.6,11,3,1,NULL,1,NULL),
(1262,'FBS-B',NULL,'Female',NULL,3,0.7,12,3,1,NULL,1,NULL),
(1263,'FBS-C',NULL,'Female',NULL,3,0.8,13,3,1,NULL,1,NULL),
(1264,'FBS-D',NULL,'Female',NULL,3,0.9,14,3,1,NULL,1,NULL),
(1265,'FBS-E',NULL,'Female',NULL,3,1,15,3,1,NULL,1,NULL),
(1266,'FBS-A',NULL,'Female',NULL,4,0.6,16,3,1,NULL,1,NULL),
(1267,'FBS-B',NULL,'Female',NULL,4,0.7,17,3,1,NULL,1,NULL),
(1268,'FBS-C',NULL,'Female',NULL,4,0.8,18,3,1,NULL,1,NULL),
(1269,'FBS-D',NULL,'Female',NULL,4,0.9,19,3,1,NULL,1,NULL),
(1270,'FBS-E',NULL,'Female',NULL,4,1,20,3,1,NULL,1,NULL),
(1271,'FBS-A',NULL,'Female',NULL,5,0.6,21,3,1,NULL,1,NULL),
(1272,'FBS-B',NULL,'Female',NULL,5,0.7,22,3,1,NULL,1,NULL),
(1273,'FBS-C',NULL,'Female',NULL,5,0.8,23,3,1,NULL,1,NULL),
(1274,'FBS-D',NULL,'Female',NULL,5,0.9,24,3,1,NULL,1,NULL),
(1275,'FBS-E',NULL,'Female',NULL,5,1,25,3,1,NULL,1,NULL),
(1276,'FBF-A',NULL,'Female',NULL,1,0.6,26,3,1,NULL,2,NULL),
(1277,'FBF-B',NULL,'Female',NULL,1,0.7,27,3,1,NULL,2,1),
(1278,'FBF-C',NULL,'Female','2021-09-25 16:23:31.133000',1,0.8,28,3,1,NULL,2,NULL),
(1279,'FBF-D',NULL,'Female',NULL,1,0.9,29,3,1,NULL,2,NULL),
(1280,'FBF-E',NULL,'Female',NULL,1,1,30,3,1,NULL,2,NULL),
(1281,'FBF-A',NULL,'Female',NULL,2,0.6,31,3,1,NULL,2,NULL),
(1282,'FBF-B',NULL,'Female',NULL,2,0.7,32,3,1,NULL,2,NULL),
(1283,'FBF-C',NULL,'Female',NULL,2,0.8,33,3,1,NULL,2,NULL),
(1284,'FBF-D',NULL,'Female',NULL,2,0.9,34,3,1,NULL,2,NULL),
(1285,'FBF-E',NULL,'Female',NULL,2,1,35,3,1,NULL,2,NULL),
(1286,'FBF-A',NULL,'Female',NULL,3,0.6,36,3,1,NULL,2,NULL),
(1287,'FBF-B',NULL,'Female',NULL,3,0.7,37,3,1,NULL,2,NULL),
(1288,'FBF-C',NULL,'Female',NULL,3,0.8,38,3,1,NULL,2,NULL),
(1289,'FBF-D',NULL,'Female',NULL,3,0.9,39,3,1,NULL,2,NULL),
(1290,'FBF-E',NULL,'Female',NULL,3,1,40,3,1,NULL,2,NULL),
(1291,'FBF-A',NULL,'Female',NULL,4,0.6,41,3,1,NULL,2,NULL),
(1292,'FBF-B',NULL,'Female',NULL,4,0.7,42,3,1,NULL,2,NULL),
(1293,'FBF-C',NULL,'Female',NULL,4,0.8,43,3,1,NULL,2,NULL),
(1294,'FBF-D',NULL,'Female',NULL,4,0.9,44,3,1,NULL,2,NULL),
(1295,'FBF-E',NULL,'Female',NULL,4,1,45,3,1,NULL,2,NULL),
(1296,'FBF-A',NULL,'Female',NULL,5,0.6,46,3,1,NULL,2,NULL),
(1297,'FBF-B',NULL,'Female',NULL,5,0.7,47,3,1,NULL,2,NULL),
(1298,'FBF-C',NULL,'Female',NULL,5,0.8,48,3,1,NULL,2,NULL),
(1299,'FBF-D',NULL,'Female',NULL,5,0.9,49,3,1,NULL,2,NULL),
(1300,'FBF-E',NULL,'Female',NULL,5,1,50,3,1,NULL,2,NULL),
(1301,'BBS-A',NULL,'Female',NULL,1,0.6,51,3,1,NULL,3,NULL),
(1302,'BBS-B',NULL,'Female',NULL,1,0.7,52,3,1,NULL,3,NULL),
(1303,'BBS-C',NULL,'Female',NULL,1,0.8,53,3,1,NULL,3,NULL),
(1304,'BBS-D',NULL,'Female',NULL,1,0.9,54,3,1,NULL,3,NULL),
(1305,'BBS-E',NULL,'Female',NULL,1,1,55,3,1,NULL,3,NULL),
(1306,'BBS-A',NULL,'Female',NULL,2,0.6,56,3,1,NULL,3,NULL),
(1307,'BBS-B',NULL,'Female',NULL,2,0.7,57,3,1,NULL,3,NULL),
(1308,'BBS-C',NULL,'Female',NULL,2,0.8,58,3,1,NULL,3,NULL),
(1309,'BBS-D',NULL,'Female',NULL,2,0.9,59,3,1,NULL,3,NULL),
(1310,'BBS-E',NULL,'Female',NULL,2,1,60,3,1,NULL,3,NULL),
(1311,'BBS-A',NULL,'Female',NULL,3,0.6,61,3,1,NULL,3,NULL),
(1312,'BBS-B',NULL,'Female',NULL,3,0.7,62,3,1,NULL,3,NULL),
(1313,'BBS-C',NULL,'Female',NULL,3,0.8,63,3,1,NULL,3,NULL),
(1314,'BBS-D',NULL,'Female',NULL,3,0.9,64,3,1,NULL,3,NULL),
(1315,'BBS-E',NULL,'Female',NULL,3,1,65,3,1,NULL,3,NULL),
(1316,'BBS-A',NULL,'Female',NULL,4,0.6,66,3,1,NULL,3,NULL),
(1317,'BBS-B',NULL,'Female',NULL,4,0.7,67,3,1,NULL,3,NULL),
(1318,'BBS-C',NULL,'Female',NULL,4,0.8,68,3,1,NULL,3,NULL),
(1319,'BBS-D',NULL,'Female',NULL,4,0.9,69,3,1,NULL,3,NULL),
(1320,'BBS-E',NULL,'Female',NULL,4,1,70,3,1,NULL,3,NULL),
(1321,'BBS-A',NULL,'Female',NULL,5,0.6,71,3,1,NULL,3,NULL),
(1322,'BBS-B',NULL,'Female',NULL,5,0.7,72,3,1,NULL,3,NULL),
(1323,'BBS-C',NULL,'Female',NULL,5,0.8,73,3,1,NULL,3,NULL),
(1324,'BBS-D',NULL,'Female',NULL,5,0.9,74,3,1,NULL,3,NULL),
(1325,'BBS-E',NULL,'Female',NULL,5,1,75,3,1,NULL,3,NULL),
(1326,'BBF-A',NULL,'Female',NULL,1,0.6,76,3,1,NULL,4,NULL),
(1327,'BBF-B',NULL,'Female',NULL,1,0.7,77,3,1,NULL,4,NULL),
(1328,'BBF-C',NULL,'Female',NULL,1,0.8,78,3,1,NULL,4,NULL),
(1329,'BBF-D',NULL,'Female',NULL,1,0.9,79,3,1,NULL,4,NULL),
(1330,'BBF-E',NULL,'Female',NULL,1,1,80,3,1,NULL,4,NULL),
(1331,'BBF-A',NULL,'Female',NULL,2,0.6,81,3,1,NULL,4,NULL),
(1332,'BBF-B',NULL,'Female',NULL,2,0.7,82,3,1,NULL,4,NULL),
(1333,'BBF-C',NULL,'Female',NULL,2,0.8,83,3,1,NULL,4,NULL),
(1334,'BBF-D',NULL,'Female',NULL,2,0.9,84,3,1,NULL,4,NULL),
(1335,'BBF-E',NULL,'Female',NULL,2,1,85,3,1,NULL,4,NULL),
(1336,'BBF-A',NULL,'Female',NULL,3,0.6,86,3,1,NULL,4,NULL),
(1337,'BBF-B',NULL,'Female',NULL,3,0.7,87,3,1,NULL,4,NULL),
(1338,'BBF-C',NULL,'Female',NULL,3,0.8,88,3,1,NULL,4,NULL),
(1339,'BBF-D',NULL,'Female',NULL,3,0.9,89,3,1,NULL,4,NULL),
(1340,'BBF-E',NULL,'Female',NULL,3,1,90,3,1,NULL,4,NULL),
(1341,'BBF-A',NULL,'Female',NULL,4,0.6,91,3,1,NULL,4,NULL),
(1342,'BBF-B',NULL,'Female',NULL,4,0.7,92,3,1,NULL,4,NULL),
(1343,'BBF-C',NULL,'Female',NULL,4,0.8,93,3,1,NULL,4,NULL),
(1344,'BBF-D',NULL,'Female',NULL,4,0.9,94,3,1,NULL,4,NULL),
(1345,'BBF-E',NULL,'Female',NULL,4,1,95,3,1,NULL,4,NULL),
(1346,'BBF-A',NULL,'Female',NULL,5,0.6,96,3,1,NULL,4,NULL),
(1347,'BBF-B',NULL,'Female',NULL,5,0.7,97,3,1,NULL,4,NULL),
(1348,'BBF-C',NULL,'Female',NULL,5,0.8,98,3,1,NULL,4,NULL),
(1349,'BBF-D',NULL,'Female',NULL,5,0.9,99,3,1,NULL,4,NULL),
(1350,'BBF-E',NULL,'Female',NULL,5,1,100,3,1,NULL,4,NULL),
(1351,'TBF-A',NULL,'Female',NULL,1,0.6,101,3,1,NULL,5,NULL),
(1352,'TBF-B',NULL,'Female',NULL,1,0.7,102,3,1,NULL,5,NULL),
(1353,'TBF-C',NULL,'Female',NULL,1,0.8,103,3,1,NULL,5,NULL),
(1354,'TBF-D',NULL,'Female',NULL,1,0.9,104,3,1,NULL,5,NULL),
(1355,'TBF-E',NULL,'Female',NULL,1,1,105,3,1,NULL,5,NULL),
(1356,'TBF-A',NULL,'Female',NULL,2,0.6,106,3,1,NULL,5,NULL),
(1357,'TBF-B',NULL,'Female',NULL,2,0.7,107,3,1,NULL,5,NULL),
(1358,'TBF-C',NULL,'Female',NULL,2,0.8,108,3,1,NULL,5,NULL),
(1359,'TBF-D',NULL,'Female',NULL,2,0.9,109,3,1,NULL,5,NULL),
(1360,'TBF-E',NULL,'Female',NULL,2,1,110,3,1,NULL,5,NULL),
(1361,'TBF-A',NULL,'Female',NULL,3,0.6,111,3,1,NULL,5,NULL),
(1362,'TBF-B',NULL,'Female',NULL,3,0.7,112,3,1,NULL,5,NULL),
(1363,'TBF-C',NULL,'Female',NULL,3,0.8,113,3,1,NULL,5,NULL),
(1364,'TBF-D',NULL,'Female',NULL,3,0.9,114,3,1,NULL,5,NULL),
(1365,'TBF-E',NULL,'Female',NULL,3,1,115,3,1,NULL,5,NULL),
(1366,'TBF-A',NULL,'Female',NULL,4,0.6,116,3,1,NULL,5,NULL),
(1367,'TBF-B',NULL,'Female',NULL,4,0.7,117,3,1,NULL,5,NULL),
(1368,'TBF-C',NULL,'Female',NULL,4,0.8,118,3,1,NULL,5,NULL),
(1369,'TBF-D',NULL,'Female',NULL,4,0.9,119,3,1,NULL,5,NULL),
(1370,'TBF-E',NULL,'Female',NULL,4,1,120,3,1,NULL,5,NULL),
(1371,'TBF-A',NULL,'Female',NULL,5,0.6,121,3,1,NULL,5,NULL),
(1372,'TBF-B',NULL,'Female',NULL,5,0.7,122,3,1,NULL,5,NULL),
(1373,'TBF-C',NULL,'Female',NULL,5,0.8,123,3,1,NULL,5,NULL),
(1374,'TBF-D',NULL,'Female',NULL,5,0.9,124,3,1,NULL,5,NULL),
(1375,'TBF-E',NULL,'Female',NULL,5,1,125,3,1,NULL,5,NULL),
(1376,'TBB-A',NULL,'Female',NULL,1,0.6,126,3,1,NULL,6,NULL),
(1377,'TBB-B',NULL,'Female',NULL,1,0.7,127,3,1,NULL,6,NULL),
(1378,'TBB-C',NULL,'Female',NULL,1,0.8,128,3,1,NULL,6,NULL),
(1379,'TBB-D',NULL,'Female',NULL,1,0.9,129,3,1,NULL,6,1),
(1380,'TBB-E',NULL,'Female','2021-09-25 16:02:53.437000',1,1,130,3,1,NULL,6,NULL),
(1381,'TBB-A',NULL,'Female',NULL,2,0.6,131,3,1,NULL,6,NULL),
(1382,'TBB-B',NULL,'Female',NULL,2,0.7,132,3,1,NULL,6,NULL),
(1383,'TBB-C',NULL,'Female',NULL,2,0.8,133,3,1,NULL,6,NULL),
(1384,'TBB-D',NULL,'Female',NULL,2,0.9,134,3,1,NULL,6,NULL),
(1385,'TBB-E',NULL,'Female',NULL,2,1,135,3,1,NULL,6,NULL),
(1386,'TBB-A',NULL,'Female',NULL,3,0.6,136,3,1,NULL,6,NULL),
(1387,'TBB-B',NULL,'Female',NULL,3,0.7,137,3,1,NULL,6,NULL),
(1388,'TBB-C',NULL,'Female',NULL,3,0.8,138,3,1,NULL,6,NULL),
(1389,'TBB-D',NULL,'Female',NULL,3,0.9,139,3,1,NULL,6,NULL),
(1390,'TBB-E',NULL,'Female',NULL,3,1,140,3,1,NULL,6,NULL),
(1391,'TBB-A',NULL,'Female',NULL,4,0.6,141,3,1,NULL,6,NULL),
(1392,'TBB-B',NULL,'Female',NULL,4,0.7,142,3,1,NULL,6,NULL),
(1393,'TBB-C',NULL,'Female',NULL,4,0.8,143,3,1,NULL,6,NULL),
(1394,'TBB-D',NULL,'Female',NULL,4,0.9,144,3,1,NULL,6,NULL),
(1395,'TBB-E',NULL,'Female',NULL,4,1,145,3,1,NULL,6,NULL),
(1396,'TBB-A',NULL,'Female',NULL,5,0.6,146,3,1,NULL,6,NULL),
(1397,'TBB-B',NULL,'Female',NULL,5,0.7,147,3,1,NULL,6,NULL),
(1398,'TBB-C',NULL,'Female',NULL,5,0.8,148,3,1,NULL,6,NULL),
(1399,'TBB-D',NULL,'Female',NULL,5,0.9,149,3,1,NULL,6,NULL),
(1400,'TBB-E',NULL,'Female',NULL,5,1,150,3,1,NULL,6,NULL),
(1401,'LBB-A',NULL,'Female',NULL,1,0.6,151,3,1,NULL,7,NULL),
(1402,'LBB-B',NULL,'Female',NULL,1,0.7,152,3,1,NULL,7,NULL),
(1403,'LBB-C',NULL,'Female',NULL,1,0.8,153,3,1,NULL,7,NULL),
(1404,'LBB-D',NULL,'Female',NULL,1,0.9,154,3,1,NULL,7,NULL),
(1405,'LBB-E',NULL,'Female',NULL,1,1,155,3,1,NULL,7,NULL),
(1406,'LBB-A',NULL,'Female',NULL,2,0.6,156,3,1,NULL,7,NULL),
(1407,'LBB-B',NULL,'Female',NULL,2,0.7,157,3,1,NULL,7,NULL),
(1408,'LBB-C',NULL,'Female',NULL,2,0.8,158,3,1,NULL,7,NULL),
(1409,'LBB-D',NULL,'Female',NULL,2,0.9,159,3,1,NULL,7,NULL),
(1410,'LBB-E',NULL,'Female',NULL,2,1,160,3,1,NULL,7,NULL),
(1411,'LBB-A',NULL,'Female',NULL,3,0.6,161,3,1,NULL,7,NULL),
(1412,'LBB-B',NULL,'Female',NULL,3,0.7,162,3,1,NULL,7,NULL),
(1413,'LBB-C',NULL,'Female',NULL,3,0.8,163,3,1,NULL,7,NULL),
(1414,'LBB-D',NULL,'Female',NULL,3,0.9,164,3,1,NULL,7,NULL),
(1415,'LBB-E',NULL,'Female',NULL,3,1,165,3,1,NULL,7,NULL),
(1416,'LBB-A',NULL,'Female',NULL,4,0.6,166,3,1,NULL,7,NULL),
(1417,'LBB-B',NULL,'Female',NULL,4,0.7,167,3,1,NULL,7,NULL),
(1418,'LBB-C',NULL,'Female',NULL,4,0.8,168,3,1,NULL,7,NULL),
(1419,'LBB-D',NULL,'Female',NULL,4,0.9,169,3,1,NULL,7,NULL),
(1420,'LBB-E',NULL,'Female',NULL,4,1,170,3,1,NULL,7,NULL),
(1421,'LBB-A',NULL,'Female',NULL,5,0.6,171,3,1,NULL,7,NULL),
(1422,'LBB-B',NULL,'Female',NULL,5,0.7,172,3,1,NULL,7,NULL),
(1423,'LBB-C',NULL,'Female',NULL,5,0.8,173,3,1,NULL,7,NULL),
(1424,'LBB-D',NULL,'Female',NULL,5,0.9,174,3,1,NULL,7,NULL),
(1425,'LBB-E',NULL,'Female',NULL,5,1,175,3,1,NULL,7,NULL),
(1426,'LBF-A',NULL,'Female',NULL,1,0.6,176,3,1,NULL,8,NULL),
(1427,'LBF-B',NULL,'Female',NULL,1,0.7,177,3,1,NULL,8,NULL),
(1428,'LBF-C',NULL,'Female',NULL,1,0.8,178,3,1,NULL,8,NULL),
(1429,'LBF-D',NULL,'Female',NULL,1,0.9,179,3,1,NULL,8,NULL),
(1430,'LBF-E',NULL,'Female',NULL,1,1,180,3,1,NULL,8,NULL),
(1431,'LBF-A',NULL,'Female',NULL,2,0.6,181,3,1,NULL,8,NULL),
(1432,'LBF-B',NULL,'Female',NULL,2,0.7,182,3,1,NULL,8,NULL),
(1433,'LBF-C',NULL,'Female',NULL,2,0.8,183,3,1,NULL,8,NULL),
(1434,'LBF-D',NULL,'Female',NULL,2,0.9,184,3,1,NULL,8,NULL),
(1435,'LBF-E',NULL,'Female',NULL,2,1,185,3,1,NULL,8,NULL),
(1436,'LBF-A',NULL,'Female',NULL,3,0.6,186,3,1,NULL,8,NULL),
(1437,'LBF-B',NULL,'Female',NULL,3,0.7,187,3,1,NULL,8,NULL),
(1438,'LBF-C',NULL,'Female',NULL,3,0.8,188,3,1,NULL,8,NULL),
(1439,'LBF-D',NULL,'Female',NULL,3,0.9,189,3,1,NULL,8,NULL),
(1440,'LBF-E',NULL,'Female',NULL,3,1,190,3,1,NULL,8,NULL),
(1441,'LBF-A',NULL,'Female',NULL,4,0.6,191,3,1,NULL,8,NULL),
(1442,'LBF-B',NULL,'Female',NULL,4,0.7,192,3,1,NULL,8,NULL),
(1443,'LBF-C',NULL,'Female',NULL,4,0.8,193,3,1,NULL,8,NULL),
(1444,'LBF-D',NULL,'Female',NULL,4,0.9,194,3,1,NULL,8,NULL),
(1445,'LBF-E',NULL,'Female',NULL,4,1,195,3,1,NULL,8,NULL),
(1446,'LBF-A',NULL,'Female',NULL,5,0.6,196,3,1,NULL,8,NULL),
(1447,'LBF-B',NULL,'Female',NULL,5,0.7,197,3,1,NULL,8,NULL),
(1448,'LBF-C',NULL,'Female',NULL,5,0.8,198,3,1,NULL,8,NULL),
(1449,'LBF-D',NULL,'Female',NULL,5,0.9,199,3,1,NULL,8,NULL),
(1450,'LBF-E',NULL,'Female',NULL,5,1,200,3,1,NULL,8,NULL),
(1451,'HBF-A',NULL,'Female',NULL,1,0.6,201,3,1,NULL,9,1),
(1452,'HBF-B',NULL,'Female','2021-09-25 15:36:24.082000',1,0.7,202,3,1,NULL,9,NULL),
(1453,'HBF-C','2021-09-20 10:25:35.518000','Female',NULL,1,0.8,203,3,1,1,9,NULL),
(1454,'HBF-D','2021-09-20 10:40:09.701000','Female',NULL,1,0.9,204,3,1,1,9,NULL),
(1455,'HBF-E','2021-09-20 11:04:05.737000','Female',NULL,1,1,205,3,1,1,9,NULL),
(1456,'HBF-A','2021-09-20 11:08:35.190000','Female',NULL,2,0.6,206,3,1,1,9,NULL),
(1457,'HBF-B','2021-09-20 11:13:55.063000','Female',NULL,2,0.7,207,3,1,1,9,NULL),
(1458,'HBF-C','2021-09-20 11:18:55.968000','Female',NULL,2,0.8,208,3,1,1,9,1),
(1459,'HBF-D','2021-09-20 11:24:51.851000','Female','2021-09-20 11:25:05.550000',2,0.9,209,3,1,1,9,NULL),
(1460,'HBF-E','2021-09-20 11:28:43.878000','Female',NULL,2,1,210,3,1,1,9,NULL),
(1461,'HBF-A','2021-09-20 11:33:54.580000','Female',NULL,3,0.6,211,3,1,1,9,NULL),
(1462,'HBF-B','2021-09-20 11:40:21.703000','Female',NULL,3,0.7,212,3,1,1,9,NULL),
(1463,'HBF-C','2021-09-20 11:47:00.265000','Female',NULL,3,0.8,213,3,1,1,9,NULL),
(1464,'HBF-D','2021-09-20 11:52:01.456000','Female',NULL,3,0.9,214,3,1,1,9,NULL),
(1465,'HBF-E','2021-09-20 11:57:11.634000','Female',NULL,3,1,215,3,1,1,9,NULL),
(1466,'HBF-A','2021-09-20 12:02:22.626000','Female',NULL,4,0.6,216,3,1,1,9,NULL),
(1467,'HBF-B','2021-09-20 12:06:55.353000','Female',NULL,4,0.7,217,3,1,1,9,NULL),
(1468,'HBF-C','2021-09-20 12:11:21.772000','Female',NULL,4,0.8,218,3,1,1,9,NULL),
(1469,'HBF-D','2021-09-20 12:16:23.863000','Female',NULL,4,0.9,219,3,1,1,9,NULL),
(1470,'HBF-E','2021-09-20 12:20:46.619000','Female',NULL,4,1,220,3,1,1,9,NULL),
(1471,'HBF-A','2021-09-20 12:27:05.190000','Female',NULL,5,0.6,221,3,1,1,9,NULL),
(1472,'HBF-B','2021-09-20 12:31:58.353000','Female',NULL,5,0.7,222,3,1,1,9,NULL),
(1473,'HBF-C','2021-09-20 12:37:26.442000','Female',NULL,5,0.8,223,3,1,1,9,NULL),
(1474,'HBF-D','2021-09-20 12:43:02.758000','Female',NULL,5,0.9,224,3,1,1,9,NULL),
(1475,'HBF-E','2021-09-20 12:49:43.111000','Female',NULL,5,1,225,3,1,1,9,1),
(1476,'HBB-A','2021-09-20 12:59:20.717000','Female','2021-09-20 13:02:11.146000',1,0.6,226,3,1,1,10,NULL),
(1477,'HBB-B','2021-09-20 13:05:39.145000','Female',NULL,1,0.7,227,3,1,1,10,NULL),
(1478,'HBB-C','2021-09-20 13:10:34.106000','Female',NULL,1,0.8,228,3,1,1,10,NULL),
(1479,'HBB-D','2021-09-20 13:14:20.971000','Female',NULL,1,0.9,229,3,1,1,10,NULL),
(1480,'HBB-E','2021-09-20 13:19:57.585000','Female',NULL,1,1,230,3,1,1,10,NULL),
(1481,'HBB-A','2021-09-20 13:24:58.194000','Female',NULL,2,0.6,231,3,1,1,10,NULL),
(1482,'HBB-B','2021-09-20 13:33:47.277000','Female',NULL,2,0.7,232,3,1,1,10,NULL),
(1483,'HBB-C','2021-09-20 13:40:37.147000','Female',NULL,2,0.8,233,3,1,1,10,NULL),
(1484,'HBB-D','2021-09-20 13:45:13.286000','Female',NULL,2,0.9,234,3,1,1,10,NULL),
(1485,'HBB-E','2021-09-20 14:20:39.366000','Female',NULL,2,1,235,3,1,1,10,NULL),
(1486,'HBB-A','2021-09-20 15:15:39.965000','Female',NULL,3,0.6,236,3,1,1,10,NULL),
(1487,'HBB-B','2021-09-20 15:20:19.072000','Female',NULL,3,0.7,237,3,1,1,10,NULL),
(1488,'HBB-C','2021-09-20 15:24:43.249000','Female',NULL,3,0.8,238,3,1,1,10,NULL),
(1489,'HBB-D','2021-09-20 15:55:09.854000','Female',NULL,3,0.9,239,3,1,1,10,NULL),
(1490,'HBB-E','2021-09-20 15:59:56.633000','Female',NULL,3,1,240,3,1,1,10,NULL),
(1491,'HBB-A','2021-09-20 16:03:32.035000','Female',NULL,4,0.6,241,3,1,1,10,NULL),
(1492,'HBB-B','2021-09-20 16:07:50.779000','Female',NULL,4,0.7,242,3,1,1,10,1),
(1493,'HBB-C','2021-09-20 16:12:48.810000','Female','2021-09-20 16:14:49.525000',4,0.8,243,3,1,1,10,NULL),
(1494,'HBB-D','2021-09-20 16:20:25.825000','Female',NULL,4,0.9,244,3,1,1,10,NULL),
(1495,'HBB-E','2021-09-20 16:24:17.416000','Female',NULL,4,1,245,3,1,1,10,NULL),
(1496,'HBB-A','2021-09-20 16:27:43.838000','Female',NULL,5,0.6,246,3,1,1,10,NULL),
(1497,'HBB-B','2021-09-20 16:33:23.287000','Female',NULL,5,0.7,247,3,1,1,10,NULL),
(1498,'HBB-C','2021-09-20 16:37:36.754000','Female',NULL,5,0.8,248,3,1,1,10,NULL),
(1499,'HBB-D','2021-09-20 16:41:52.393000','Female',NULL,5,0.9,249,3,1,1,10,NULL),
(1500,'HBB-E','2021-09-20 16:46:20.206000','Female',NULL,5,1,250,3,1,1,10,NULL),
(1501,'FBS-A',NULL,'Male',NULL,1,0.6,1,4,1,NULL,1,NULL),
(1502,'FBS-B',NULL,'Male',NULL,1,0.7,2,4,1,NULL,1,NULL),
(1503,'FBS-C',NULL,'Male',NULL,1,0.8,3,4,1,NULL,1,NULL),
(1504,'FBS-D',NULL,'Male',NULL,1,0.9,4,4,1,NULL,1,NULL),
(1505,'FBS-E',NULL,'Male',NULL,1,1,5,4,1,NULL,1,NULL),
(1506,'FBS-A',NULL,'Male',NULL,2,0.6,6,4,1,NULL,1,NULL),
(1507,'FBS-B',NULL,'Male',NULL,2,0.7,7,4,1,NULL,1,NULL),
(1508,'FBS-C',NULL,'Male',NULL,2,0.8,8,4,1,NULL,1,NULL),
(1509,'FBS-D',NULL,'Male',NULL,2,0.9,9,4,1,NULL,1,NULL),
(1510,'FBS-E',NULL,'Male',NULL,2,1,10,4,1,NULL,1,NULL),
(1511,'FBS-A',NULL,'Male',NULL,3,0.6,11,4,1,NULL,1,NULL),
(1512,'FBS-B',NULL,'Male',NULL,3,0.7,12,4,1,NULL,1,NULL),
(1513,'FBS-C',NULL,'Male',NULL,3,0.8,13,4,1,NULL,1,NULL),
(1514,'FBS-D',NULL,'Male',NULL,3,0.9,14,4,1,NULL,1,NULL),
(1515,'FBS-E',NULL,'Male',NULL,3,1,15,4,1,NULL,1,NULL),
(1516,'FBS-A',NULL,'Male',NULL,4,0.6,16,4,1,NULL,1,NULL),
(1517,'FBS-B',NULL,'Male',NULL,4,0.7,17,4,1,NULL,1,NULL),
(1518,'FBS-C',NULL,'Male',NULL,4,0.8,18,4,1,NULL,1,NULL),
(1519,'FBS-D',NULL,'Male',NULL,4,0.9,19,4,1,NULL,1,NULL),
(1520,'FBS-E',NULL,'Male',NULL,4,1,20,4,1,NULL,1,NULL),
(1521,'FBS-A',NULL,'Male',NULL,5,0.6,21,4,1,NULL,1,NULL),
(1522,'FBS-B',NULL,'Male',NULL,5,0.7,22,4,1,NULL,1,NULL),
(1523,'FBS-C',NULL,'Male',NULL,5,0.8,23,4,1,NULL,1,NULL),
(1524,'FBS-D',NULL,'Male',NULL,5,0.9,24,4,1,NULL,1,NULL),
(1525,'FBS-E',NULL,'Male',NULL,5,1,25,4,1,NULL,1,1),
(1526,'FBF-A',NULL,'Male','2021-09-25 16:22:10.369000',1,0.6,26,4,1,NULL,2,NULL),
(1527,'FBF-B',NULL,'Male',NULL,1,0.7,27,4,1,NULL,2,NULL),
(1528,'FBF-C',NULL,'Male',NULL,1,0.8,28,4,1,NULL,2,NULL),
(1529,'FBF-D',NULL,'Male',NULL,1,0.9,29,4,1,NULL,2,NULL),
(1530,'FBF-E',NULL,'Male',NULL,1,1,30,4,1,NULL,2,NULL),
(1531,'FBF-A',NULL,'Male',NULL,2,0.6,31,4,1,NULL,2,NULL),
(1532,'FBF-B',NULL,'Male',NULL,2,0.7,32,4,1,NULL,2,NULL),
(1533,'FBF-C',NULL,'Male',NULL,2,0.8,33,4,1,NULL,2,NULL),
(1534,'FBF-D',NULL,'Male',NULL,2,0.9,34,4,1,NULL,2,NULL),
(1535,'FBF-E',NULL,'Male',NULL,2,1,35,4,1,NULL,2,NULL),
(1536,'FBF-A',NULL,'Male',NULL,3,0.6,36,4,1,NULL,2,NULL),
(1537,'FBF-B',NULL,'Male',NULL,3,0.7,37,4,1,NULL,2,NULL),
(1538,'FBF-C',NULL,'Male',NULL,3,0.8,38,4,1,NULL,2,NULL),
(1539,'FBF-D',NULL,'Male',NULL,3,0.9,39,4,1,NULL,2,NULL),
(1540,'FBF-E',NULL,'Male',NULL,3,1,40,4,1,NULL,2,NULL),
(1541,'FBF-A',NULL,'Male',NULL,4,0.6,41,4,1,NULL,2,NULL),
(1542,'FBF-B',NULL,'Male',NULL,4,0.7,42,4,1,NULL,2,NULL),
(1543,'FBF-C',NULL,'Male',NULL,4,0.8,43,4,1,NULL,2,NULL),
(1544,'FBF-D',NULL,'Male',NULL,4,0.9,44,4,1,NULL,2,NULL),
(1545,'FBF-E',NULL,'Male',NULL,4,1,45,4,1,NULL,2,NULL),
(1546,'FBF-A',NULL,'Male',NULL,5,0.6,46,4,1,NULL,2,NULL),
(1547,'FBF-B',NULL,'Male',NULL,5,0.7,47,4,1,NULL,2,NULL),
(1548,'FBF-C',NULL,'Male',NULL,5,0.8,48,4,1,NULL,2,NULL),
(1549,'FBF-D',NULL,'Male',NULL,5,0.9,49,4,1,NULL,2,NULL),
(1550,'FBF-E',NULL,'Male',NULL,5,1,50,4,1,NULL,2,NULL),
(1551,'BBS-A',NULL,'Male',NULL,1,0.6,51,4,1,NULL,3,NULL),
(1552,'BBS-B',NULL,'Male',NULL,1,0.7,52,4,1,NULL,3,NULL),
(1553,'BBS-C',NULL,'Male',NULL,1,0.8,53,4,1,NULL,3,NULL),
(1554,'BBS-D',NULL,'Male',NULL,1,0.9,54,4,1,NULL,3,NULL),
(1555,'BBS-E',NULL,'Male',NULL,1,1,55,4,1,NULL,3,NULL),
(1556,'BBS-A',NULL,'Male',NULL,2,0.6,56,4,1,NULL,3,NULL),
(1557,'BBS-B',NULL,'Male',NULL,2,0.7,57,4,1,NULL,3,NULL),
(1558,'BBS-C',NULL,'Male',NULL,2,0.8,58,4,1,NULL,3,NULL),
(1559,'BBS-D',NULL,'Male',NULL,2,0.9,59,4,1,NULL,3,NULL),
(1560,'BBS-E',NULL,'Male',NULL,2,1,60,4,1,NULL,3,NULL),
(1561,'BBS-A',NULL,'Male',NULL,3,0.6,61,4,1,NULL,3,NULL),
(1562,'BBS-B',NULL,'Male',NULL,3,0.7,62,4,1,NULL,3,NULL),
(1563,'BBS-C',NULL,'Male',NULL,3,0.8,63,4,1,NULL,3,NULL),
(1564,'BBS-D',NULL,'Male',NULL,3,0.9,64,4,1,NULL,3,NULL),
(1565,'BBS-E',NULL,'Male',NULL,3,1,65,4,1,NULL,3,NULL),
(1566,'BBS-A',NULL,'Male',NULL,4,0.6,66,4,1,NULL,3,NULL),
(1567,'BBS-B',NULL,'Male',NULL,4,0.7,67,4,1,NULL,3,NULL),
(1568,'BBS-C',NULL,'Male',NULL,4,0.8,68,4,1,NULL,3,NULL),
(1569,'BBS-D',NULL,'Male',NULL,4,0.9,69,4,1,NULL,3,NULL),
(1570,'BBS-E',NULL,'Male',NULL,4,1,70,4,1,NULL,3,NULL),
(1571,'BBS-A',NULL,'Male',NULL,5,0.6,71,4,1,NULL,3,NULL),
(1572,'BBS-B',NULL,'Male',NULL,5,0.7,72,4,1,NULL,3,NULL),
(1573,'BBS-C',NULL,'Male',NULL,5,0.8,73,4,1,NULL,3,NULL),
(1574,'BBS-D',NULL,'Male',NULL,5,0.9,74,4,1,NULL,3,NULL),
(1575,'BBS-E',NULL,'Male',NULL,5,1,75,4,1,NULL,3,NULL),
(1576,'BBF-A',NULL,'Male',NULL,1,0.6,76,4,1,NULL,4,NULL),
(1577,'BBF-B',NULL,'Male',NULL,1,0.7,77,4,1,NULL,4,NULL),
(1578,'BBF-C',NULL,'Male',NULL,1,0.8,78,4,1,NULL,4,NULL),
(1579,'BBF-D',NULL,'Male',NULL,1,0.9,79,4,1,NULL,4,NULL),
(1580,'BBF-E',NULL,'Male',NULL,1,1,80,4,1,NULL,4,NULL),
(1581,'BBF-A',NULL,'Male',NULL,2,0.6,81,4,1,NULL,4,NULL),
(1582,'BBF-B',NULL,'Male',NULL,2,0.7,82,4,1,NULL,4,NULL),
(1583,'BBF-C',NULL,'Male',NULL,2,0.8,83,4,1,NULL,4,NULL),
(1584,'BBF-D',NULL,'Male',NULL,2,0.9,84,4,1,NULL,4,NULL),
(1585,'BBF-E',NULL,'Male',NULL,2,1,85,4,1,NULL,4,NULL),
(1586,'BBF-A',NULL,'Male',NULL,3,0.6,86,4,1,NULL,4,NULL),
(1587,'BBF-B',NULL,'Male',NULL,3,0.7,87,4,1,NULL,4,NULL),
(1588,'BBF-C',NULL,'Male',NULL,3,0.8,88,4,1,NULL,4,NULL),
(1589,'BBF-D',NULL,'Male',NULL,3,0.9,89,4,1,NULL,4,NULL),
(1590,'BBF-E',NULL,'Male',NULL,3,1,90,4,1,NULL,4,NULL),
(1591,'BBF-A',NULL,'Male',NULL,4,0.6,91,4,1,NULL,4,NULL),
(1592,'BBF-B',NULL,'Male',NULL,4,0.7,92,4,1,NULL,4,NULL),
(1593,'BBF-C',NULL,'Male',NULL,4,0.8,93,4,1,NULL,4,NULL),
(1594,'BBF-D',NULL,'Male',NULL,4,0.9,94,4,1,NULL,4,NULL),
(1595,'BBF-E',NULL,'Male',NULL,4,1,95,4,1,NULL,4,NULL),
(1596,'BBF-A',NULL,'Male',NULL,5,0.6,96,4,1,NULL,4,NULL),
(1597,'BBF-B',NULL,'Male',NULL,5,0.7,97,4,1,NULL,4,NULL),
(1598,'BBF-C',NULL,'Male',NULL,5,0.8,98,4,1,NULL,4,NULL),
(1599,'BBF-D',NULL,'Male',NULL,5,0.9,99,4,1,NULL,4,NULL),
(1600,'BBF-E',NULL,'Male',NULL,5,1,100,4,1,NULL,4,NULL),
(1601,'TBF-A',NULL,'Male',NULL,1,0.6,101,4,1,NULL,5,NULL),
(1602,'TBF-B',NULL,'Male',NULL,1,0.7,102,4,1,NULL,5,NULL),
(1603,'TBF-C',NULL,'Male',NULL,1,0.8,103,4,1,NULL,5,NULL),
(1604,'TBF-D',NULL,'Male',NULL,1,0.9,104,4,1,NULL,5,NULL),
(1605,'TBF-E',NULL,'Male',NULL,1,1,105,4,1,NULL,5,NULL),
(1606,'TBF-A',NULL,'Male',NULL,2,0.6,106,4,1,NULL,5,NULL),
(1607,'TBF-B',NULL,'Male',NULL,2,0.7,107,4,1,NULL,5,NULL),
(1608,'TBF-C',NULL,'Male',NULL,2,0.8,108,4,1,NULL,5,NULL),
(1609,'TBF-D',NULL,'Male',NULL,2,0.9,109,4,1,NULL,5,NULL),
(1610,'TBF-E',NULL,'Male',NULL,2,1,110,4,1,NULL,5,NULL),
(1611,'TBF-A',NULL,'Male',NULL,3,0.6,111,4,1,NULL,5,NULL),
(1612,'TBF-B',NULL,'Male',NULL,3,0.7,112,4,1,NULL,5,NULL),
(1613,'TBF-C',NULL,'Male',NULL,3,0.8,113,4,1,NULL,5,NULL),
(1614,'TBF-D',NULL,'Male',NULL,3,0.9,114,4,1,NULL,5,NULL),
(1615,'TBF-E',NULL,'Male',NULL,3,1,115,4,1,NULL,5,NULL),
(1616,'TBF-A',NULL,'Male',NULL,4,0.6,116,4,1,NULL,5,NULL),
(1617,'TBF-B',NULL,'Male',NULL,4,0.7,117,4,1,NULL,5,NULL),
(1618,'TBF-C',NULL,'Male',NULL,4,0.8,118,4,1,NULL,5,NULL),
(1619,'TBF-D',NULL,'Male',NULL,4,0.9,119,4,1,NULL,5,NULL),
(1620,'TBF-E',NULL,'Male',NULL,4,1,120,4,1,NULL,5,NULL),
(1621,'TBF-A',NULL,'Male',NULL,5,0.6,121,4,1,NULL,5,NULL),
(1622,'TBF-B',NULL,'Male',NULL,5,0.7,122,4,1,NULL,5,NULL),
(1623,'TBF-C',NULL,'Male',NULL,5,0.8,123,4,1,NULL,5,NULL),
(1624,'TBF-D',NULL,'Male',NULL,5,0.9,124,4,1,NULL,5,NULL),
(1625,'TBF-E',NULL,'Male',NULL,5,1,125,4,1,NULL,5,NULL),
(1626,'TBB-A',NULL,'Male',NULL,1,0.6,126,4,1,NULL,6,NULL),
(1627,'TBB-B',NULL,'Male',NULL,1,0.7,127,4,1,NULL,6,NULL),
(1628,'TBB-C',NULL,'Male',NULL,1,0.8,128,4,1,NULL,6,NULL),
(1629,'TBB-D',NULL,'Male',NULL,1,0.9,129,4,1,NULL,6,1),
(1630,'TBB-E',NULL,'Male','2021-09-25 16:03:05.452000',1,1,130,4,1,NULL,6,NULL),
(1631,'TBB-A',NULL,'Male',NULL,2,0.6,131,4,1,NULL,6,NULL),
(1632,'TBB-B',NULL,'Male',NULL,2,0.7,132,4,1,NULL,6,NULL),
(1633,'TBB-C',NULL,'Male',NULL,2,0.8,133,4,1,NULL,6,NULL),
(1634,'TBB-D',NULL,'Male',NULL,2,0.9,134,4,1,NULL,6,NULL),
(1635,'TBB-E',NULL,'Male',NULL,2,1,135,4,1,NULL,6,NULL),
(1636,'TBB-A',NULL,'Male',NULL,3,0.6,136,4,1,NULL,6,NULL),
(1637,'TBB-B',NULL,'Male',NULL,3,0.7,137,4,1,NULL,6,NULL),
(1638,'TBB-C',NULL,'Male',NULL,3,0.8,138,4,1,NULL,6,NULL),
(1639,'TBB-D',NULL,'Male',NULL,3,0.9,139,4,1,NULL,6,NULL),
(1640,'TBB-E',NULL,'Male',NULL,3,1,140,4,1,NULL,6,NULL),
(1641,'TBB-A',NULL,'Male',NULL,4,0.6,141,4,1,NULL,6,NULL),
(1642,'TBB-B',NULL,'Male',NULL,4,0.7,142,4,1,NULL,6,NULL),
(1643,'TBB-C',NULL,'Male',NULL,4,0.8,143,4,1,NULL,6,NULL),
(1644,'TBB-D',NULL,'Male',NULL,4,0.9,144,4,1,NULL,6,NULL),
(1645,'TBB-E',NULL,'Male',NULL,4,1,145,4,1,NULL,6,NULL),
(1646,'TBB-A',NULL,'Male',NULL,5,0.6,146,4,1,NULL,6,NULL),
(1647,'TBB-B',NULL,'Male',NULL,5,0.7,147,4,1,NULL,6,NULL),
(1648,'TBB-C',NULL,'Male',NULL,5,0.8,148,4,1,NULL,6,NULL),
(1649,'TBB-D',NULL,'Male',NULL,5,0.9,149,4,1,NULL,6,NULL),
(1650,'TBB-E',NULL,'Male',NULL,5,1,150,4,1,NULL,6,NULL),
(1651,'LBB-A',NULL,'Male',NULL,1,0.6,151,4,1,NULL,7,1),
(1652,'LBB-B',NULL,'Male','2021-09-25 16:07:56.472000',1,0.7,152,4,1,NULL,7,NULL),
(1653,'LBB-C',NULL,'Male',NULL,1,0.8,153,4,1,NULL,7,NULL),
(1654,'LBB-D',NULL,'Male',NULL,1,0.9,154,4,1,NULL,7,NULL),
(1655,'LBB-E',NULL,'Male',NULL,1,1,155,4,1,NULL,7,NULL),
(1656,'LBB-A',NULL,'Male',NULL,2,0.6,156,4,1,NULL,7,NULL),
(1657,'LBB-B',NULL,'Male',NULL,2,0.7,157,4,1,NULL,7,NULL),
(1658,'LBB-C',NULL,'Male',NULL,2,0.8,158,4,1,NULL,7,NULL),
(1659,'LBB-D',NULL,'Male',NULL,2,0.9,159,4,1,NULL,7,NULL),
(1660,'LBB-E',NULL,'Male',NULL,2,1,160,4,1,NULL,7,NULL),
(1661,'LBB-A',NULL,'Male',NULL,3,0.6,161,4,1,NULL,7,NULL),
(1662,'LBB-B',NULL,'Male',NULL,3,0.7,162,4,1,NULL,7,NULL),
(1663,'LBB-C',NULL,'Male',NULL,3,0.8,163,4,1,NULL,7,NULL),
(1664,'LBB-D',NULL,'Male',NULL,3,0.9,164,4,1,NULL,7,NULL),
(1665,'LBB-E',NULL,'Male',NULL,3,1,165,4,1,NULL,7,NULL),
(1666,'LBB-A',NULL,'Male',NULL,4,0.6,166,4,1,NULL,7,NULL),
(1667,'LBB-B',NULL,'Male',NULL,4,0.7,167,4,1,NULL,7,NULL),
(1668,'LBB-C',NULL,'Male',NULL,4,0.8,168,4,1,NULL,7,NULL),
(1669,'LBB-D',NULL,'Male',NULL,4,0.9,169,4,1,NULL,7,NULL),
(1670,'LBB-E',NULL,'Male',NULL,4,1,170,4,1,NULL,7,NULL),
(1671,'LBB-A',NULL,'Male',NULL,5,0.6,171,4,1,NULL,7,NULL),
(1672,'LBB-B',NULL,'Male',NULL,5,0.7,172,4,1,NULL,7,NULL),
(1673,'LBB-C',NULL,'Male',NULL,5,0.8,173,4,1,NULL,7,NULL),
(1674,'LBB-D',NULL,'Male',NULL,5,0.9,174,4,1,NULL,7,NULL),
(1675,'LBB-E',NULL,'Male',NULL,5,1,175,4,1,NULL,7,NULL),
(1676,'LBF-A',NULL,'Male',NULL,1,0.6,176,4,1,NULL,8,NULL),
(1677,'LBF-B',NULL,'Male',NULL,1,0.7,177,4,1,NULL,8,NULL),
(1678,'LBF-C',NULL,'Male',NULL,1,0.8,178,4,1,NULL,8,NULL),
(1679,'LBF-D',NULL,'Male',NULL,1,0.9,179,4,1,NULL,8,NULL),
(1680,'LBF-E',NULL,'Male',NULL,1,1,180,4,1,NULL,8,NULL),
(1681,'LBF-A',NULL,'Male',NULL,2,0.6,181,4,1,NULL,8,NULL),
(1682,'LBF-B',NULL,'Male',NULL,2,0.7,182,4,1,NULL,8,NULL),
(1683,'LBF-C',NULL,'Male',NULL,2,0.8,183,4,1,NULL,8,NULL),
(1684,'LBF-D',NULL,'Male',NULL,2,0.9,184,4,1,NULL,8,NULL),
(1685,'LBF-E',NULL,'Male',NULL,2,1,185,4,1,NULL,8,NULL),
(1686,'LBF-A',NULL,'Male',NULL,3,0.6,186,4,1,NULL,8,NULL),
(1687,'LBF-B',NULL,'Male',NULL,3,0.7,187,4,1,NULL,8,NULL),
(1688,'LBF-C',NULL,'Male',NULL,3,0.8,188,4,1,NULL,8,NULL),
(1689,'LBF-D',NULL,'Male',NULL,3,0.9,189,4,1,NULL,8,NULL),
(1690,'LBF-E',NULL,'Male',NULL,3,1,190,4,1,NULL,8,NULL),
(1691,'LBF-A',NULL,'Male',NULL,4,0.6,191,4,1,NULL,8,NULL),
(1692,'LBF-B',NULL,'Male',NULL,4,0.7,192,4,1,NULL,8,NULL),
(1693,'LBF-C',NULL,'Male',NULL,4,0.8,193,4,1,NULL,8,NULL),
(1694,'LBF-D',NULL,'Male',NULL,4,0.9,194,4,1,NULL,8,NULL),
(1695,'LBF-E',NULL,'Male',NULL,4,1,195,4,1,NULL,8,NULL),
(1696,'LBF-A',NULL,'Male',NULL,5,0.6,196,4,1,NULL,8,NULL),
(1697,'LBF-B',NULL,'Male',NULL,5,0.7,197,4,1,NULL,8,NULL),
(1698,'LBF-C',NULL,'Male',NULL,5,0.8,198,4,1,NULL,8,NULL),
(1699,'LBF-D',NULL,'Male',NULL,5,0.9,199,4,1,NULL,8,NULL),
(1700,'LBF-E',NULL,'Male',NULL,5,1,200,4,1,NULL,8,NULL),
(1701,'HBF-A',NULL,'Male',NULL,1,0.6,201,4,1,NULL,9,1),
(1702,'HBF-B',NULL,'Male','2021-09-25 15:36:38.042000',1,0.7,202,4,1,NULL,9,NULL),
(1703,'HBF-C','2021-09-20 10:25:51.948000','Male',NULL,1,0.8,203,4,1,1,9,NULL),
(1704,'HBF-D','2021-09-20 10:40:28.423000','Male',NULL,1,0.9,204,4,1,1,9,NULL),
(1705,'HBF-E','2021-09-20 11:04:24.830000','Male',NULL,1,1,205,4,1,1,9,NULL),
(1706,'HBF-A','2021-09-20 11:09:03.490000','Male',NULL,2,0.6,206,4,1,1,9,NULL),
(1707,'HBF-B','2021-09-20 11:14:13.074000','Male',NULL,2,0.7,207,4,1,1,9,NULL),
(1708,'HBF-C','2021-09-20 11:19:13.590000','Male',NULL,2,0.8,208,4,1,1,9,NULL),
(1709,'HBF-D','2021-09-20 11:25:22.597000','Male',NULL,2,0.9,209,4,1,1,9,NULL),
(1710,'HBF-E','2021-09-20 11:28:58.240000','Male',NULL,2,1,210,4,1,1,9,NULL),
(1711,'HBF-A','2021-09-20 11:34:18.921000','Male',NULL,3,0.6,211,4,1,1,9,NULL),
(1712,'HBF-B','2021-09-20 11:40:38.292000','Male',NULL,3,0.7,212,4,1,1,9,NULL),
(1713,'HBF-C','2021-09-20 11:47:20.686000','Male',NULL,3,0.8,213,4,1,1,9,NULL),
(1714,'HBF-D','2021-09-20 11:52:19.765000','Male',NULL,3,0.9,214,4,1,1,9,NULL),
(1715,'HBF-E','2021-09-20 11:57:31.058000','Male',NULL,3,1,215,4,1,1,9,NULL),
(1716,'HBF-A','2021-09-20 12:02:39.655000','Male',NULL,4,0.6,216,4,1,1,9,NULL),
(1717,'HBF-B','2021-09-20 12:07:10.957000','Male',NULL,4,0.7,217,4,1,1,9,NULL),
(1718,'HBF-C','2021-09-20 12:11:42.138000','Male',NULL,4,0.8,218,4,1,1,9,NULL),
(1719,'HBF-D','2021-09-20 12:16:45.232000','Male',NULL,4,0.9,219,4,1,1,9,NULL),
(1720,'HBF-E','2021-09-20 12:22:07.248000','Male',NULL,4,1,220,4,1,1,9,NULL),
(1721,'HBF-A','2021-09-20 12:27:23.330000','Male',NULL,5,0.6,221,4,1,1,9,NULL),
(1722,'HBF-B','2021-09-20 12:32:27.092000','Male',NULL,5,0.7,222,4,1,1,9,NULL),
(1723,'HBF-C','2021-09-20 12:37:50.549000','Male',NULL,5,0.8,223,4,1,1,9,NULL),
(1724,'HBF-D','2021-09-20 12:43:24.185000','Male',NULL,5,0.9,224,4,1,1,9,NULL),
(1725,'HBF-E','2021-09-20 12:50:19.570000','Male',NULL,5,1,225,4,1,1,9,NULL),
(1726,'HBB-A','2021-09-20 12:59:52.680000','Male',NULL,1,0.6,226,4,1,1,10,NULL),
(1727,'HBB-B','2021-09-20 13:06:01.808000','Male',NULL,1,0.7,227,4,1,1,10,NULL),
(1728,'HBB-C','2021-09-20 13:10:52.550000','Male',NULL,1,0.8,228,4,1,1,10,NULL),
(1729,'HBB-D','2021-09-20 13:14:36.584000','Male',NULL,1,0.9,229,4,1,1,10,NULL),
(1730,'HBB-E','2021-09-20 13:20:27.226000','Male',NULL,1,1,230,4,1,1,10,NULL),
(1731,'HBB-A','2021-09-20 13:25:14.150000','Male',NULL,2,0.6,231,4,1,1,10,NULL),
(1732,'HBB-B','2021-09-20 13:34:15.991000','Male',NULL,2,0.7,232,4,1,1,10,NULL),
(1733,'HBB-C','2021-09-20 13:40:54.585000','Male',NULL,2,0.8,233,4,1,1,10,NULL),
(1734,'HBB-D','2021-09-20 13:45:32.799000','Male',NULL,2,0.9,234,4,1,1,10,NULL),
(1735,'HBB-E','2021-09-20 14:20:53.220000','Male',NULL,2,1,235,4,1,1,10,NULL),
(1736,'HBB-A','2021-09-20 15:15:54.391000','Male',NULL,3,0.6,236,4,1,1,10,NULL),
(1737,'HBB-B','2021-09-20 15:20:31.762000','Male',NULL,3,0.7,237,4,1,1,10,NULL),
(1738,'HBB-C','2021-09-20 15:25:08.783000','Male',NULL,3,0.8,238,4,1,1,10,NULL),
(1739,'HBB-D','2021-09-20 15:55:30.345000','Male',NULL,3,0.9,239,4,1,1,10,NULL),
(1740,'HBB-E','2021-09-20 16:00:18.592000','Male',NULL,3,1,240,4,1,1,10,NULL),
(1741,'HBB-A','2021-09-20 16:03:45.538000','Male',NULL,4,0.6,241,4,1,1,10,NULL),
(1742,'HBB-B','2021-09-20 16:08:05.628000','Male',NULL,4,0.7,242,4,1,1,10,1),
(1743,'HBB-C','2021-09-20 16:13:04.346000','Male','2021-09-20 16:16:26.127000',4,0.8,243,4,1,1,10,NULL),
(1744,'HBB-D','2021-09-20 16:20:43.987000','Male',NULL,4,0.9,244,4,1,1,10,NULL),
(1745,'HBB-E','2021-09-20 16:24:29.858000','Male',NULL,4,1,245,4,1,1,10,NULL),
(1746,'HBB-A','2021-09-20 16:28:03.009000','Male',NULL,5,0.6,246,4,1,1,10,NULL),
(1747,'HBB-B','2021-09-20 16:33:54.512000','Male',NULL,5,0.7,247,4,1,1,10,NULL),
(1748,'HBB-C','2021-09-20 16:37:52.823000','Male',NULL,5,0.8,248,4,1,1,10,NULL),
(1749,'HBB-D','2021-09-20 16:42:13.599000','Male',NULL,5,0.9,249,4,1,1,10,NULL),
(1750,'HBB-E','2021-09-20 16:46:34.642000','Male',NULL,5,1,250,4,1,1,10,NULL),
(1751,'FBS-A',NULL,'Female',NULL,1,0.6,1,4,1,NULL,1,NULL),
(1752,'FBS-B',NULL,'Female',NULL,1,0.7,2,4,1,NULL,1,NULL),
(1753,'FBS-C',NULL,'Female',NULL,1,0.8,3,4,1,NULL,1,NULL),
(1754,'FBS-D',NULL,'Female',NULL,1,0.9,4,4,1,NULL,1,NULL),
(1755,'FBS-E',NULL,'Female',NULL,1,1,5,4,1,NULL,1,NULL),
(1756,'FBS-A',NULL,'Female',NULL,2,0.6,6,4,1,NULL,1,NULL),
(1757,'FBS-B',NULL,'Female',NULL,2,0.7,7,4,1,NULL,1,NULL),
(1758,'FBS-C',NULL,'Female',NULL,2,0.8,8,4,1,NULL,1,NULL),
(1759,'FBS-D',NULL,'Female',NULL,2,0.9,9,4,1,NULL,1,NULL),
(1760,'FBS-E',NULL,'Female',NULL,2,1,10,4,1,NULL,1,NULL),
(1761,'FBS-A',NULL,'Female',NULL,3,0.6,11,4,1,NULL,1,NULL),
(1762,'FBS-B',NULL,'Female',NULL,3,0.7,12,4,1,NULL,1,NULL),
(1763,'FBS-C',NULL,'Female',NULL,3,0.8,13,4,1,NULL,1,NULL),
(1764,'FBS-D',NULL,'Female',NULL,3,0.9,14,4,1,NULL,1,NULL),
(1765,'FBS-E',NULL,'Female',NULL,3,1,15,4,1,NULL,1,NULL),
(1766,'FBS-A',NULL,'Female',NULL,4,0.6,16,4,1,NULL,1,NULL),
(1767,'FBS-B',NULL,'Female',NULL,4,0.7,17,4,1,NULL,1,NULL),
(1768,'FBS-C',NULL,'Female',NULL,4,0.8,18,4,1,NULL,1,NULL),
(1769,'FBS-D',NULL,'Female',NULL,4,0.9,19,4,1,NULL,1,NULL),
(1770,'FBS-E',NULL,'Female',NULL,4,1,20,4,1,NULL,1,NULL),
(1771,'FBS-A',NULL,'Female',NULL,5,0.6,21,4,1,NULL,1,NULL),
(1772,'FBS-B',NULL,'Female',NULL,5,0.7,22,4,1,NULL,1,NULL),
(1773,'FBS-C',NULL,'Female',NULL,5,0.8,23,4,1,NULL,1,NULL),
(1774,'FBS-D',NULL,'Female',NULL,5,0.9,24,4,1,NULL,1,NULL),
(1775,'FBS-E',NULL,'Female',NULL,5,1,25,4,1,NULL,1,1),
(1776,'FBF-A',NULL,'Female','2021-09-25 16:22:10.369000',1,0.6,26,4,1,NULL,2,NULL),
(1777,'FBF-B',NULL,'Female',NULL,1,0.7,27,4,1,NULL,2,NULL),
(1778,'FBF-C',NULL,'Female',NULL,1,0.8,28,4,1,NULL,2,NULL),
(1779,'FBF-D',NULL,'Female',NULL,1,0.9,29,4,1,NULL,2,NULL),
(1780,'FBF-E',NULL,'Female',NULL,1,1,30,4,1,NULL,2,NULL),
(1781,'FBF-A',NULL,'Female',NULL,2,0.6,31,4,1,NULL,2,NULL),
(1782,'FBF-B',NULL,'Female',NULL,2,0.7,32,4,1,NULL,2,NULL),
(1783,'FBF-C',NULL,'Female',NULL,2,0.8,33,4,1,NULL,2,NULL),
(1784,'FBF-D',NULL,'Female',NULL,2,0.9,34,4,1,NULL,2,NULL),
(1785,'FBF-E',NULL,'Female',NULL,2,1,35,4,1,NULL,2,NULL),
(1786,'FBF-A',NULL,'Female',NULL,3,0.6,36,4,1,NULL,2,NULL),
(1787,'FBF-B',NULL,'Female',NULL,3,0.7,37,4,1,NULL,2,NULL),
(1788,'FBF-C',NULL,'Female',NULL,3,0.8,38,4,1,NULL,2,NULL),
(1789,'FBF-D',NULL,'Female',NULL,3,0.9,39,4,1,NULL,2,NULL),
(1790,'FBF-E',NULL,'Female',NULL,3,1,40,4,1,NULL,2,NULL),
(1791,'FBF-A',NULL,'Female',NULL,4,0.6,41,4,1,NULL,2,NULL),
(1792,'FBF-B',NULL,'Female',NULL,4,0.7,42,4,1,NULL,2,NULL),
(1793,'FBF-C',NULL,'Female',NULL,4,0.8,43,4,1,NULL,2,NULL),
(1794,'FBF-D',NULL,'Female',NULL,4,0.9,44,4,1,NULL,2,NULL),
(1795,'FBF-E',NULL,'Female',NULL,4,1,45,4,1,NULL,2,NULL),
(1796,'FBF-A',NULL,'Female',NULL,5,0.6,46,4,1,NULL,2,NULL),
(1797,'FBF-B',NULL,'Female',NULL,5,0.7,47,4,1,NULL,2,NULL),
(1798,'FBF-C',NULL,'Female',NULL,5,0.8,48,4,1,NULL,2,NULL),
(1799,'FBF-D',NULL,'Female',NULL,5,0.9,49,4,1,NULL,2,NULL),
(1800,'FBF-E',NULL,'Female',NULL,5,1,50,4,1,NULL,2,NULL),
(1801,'BBS-A',NULL,'Female',NULL,1,0.6,51,4,1,NULL,3,NULL),
(1802,'BBS-B',NULL,'Female',NULL,1,0.7,52,4,1,NULL,3,NULL),
(1803,'BBS-C',NULL,'Female',NULL,1,0.8,53,4,1,NULL,3,NULL),
(1804,'BBS-D',NULL,'Female',NULL,1,0.9,54,4,1,NULL,3,NULL),
(1805,'BBS-E',NULL,'Female',NULL,1,1,55,4,1,NULL,3,NULL),
(1806,'BBS-A',NULL,'Female',NULL,2,0.6,56,4,1,NULL,3,NULL),
(1807,'BBS-B',NULL,'Female',NULL,2,0.7,57,4,1,NULL,3,NULL),
(1808,'BBS-C',NULL,'Female',NULL,2,0.8,58,4,1,NULL,3,NULL),
(1809,'BBS-D',NULL,'Female',NULL,2,0.9,59,4,1,NULL,3,NULL),
(1810,'BBS-E',NULL,'Female',NULL,2,1,60,4,1,NULL,3,NULL),
(1811,'BBS-A',NULL,'Female',NULL,3,0.6,61,4,1,NULL,3,NULL),
(1812,'BBS-B',NULL,'Female',NULL,3,0.7,62,4,1,NULL,3,NULL),
(1813,'BBS-C',NULL,'Female',NULL,3,0.8,63,4,1,NULL,3,NULL),
(1814,'BBS-D',NULL,'Female',NULL,3,0.9,64,4,1,NULL,3,NULL),
(1815,'BBS-E',NULL,'Female',NULL,3,1,65,4,1,NULL,3,NULL),
(1816,'BBS-A',NULL,'Female',NULL,4,0.6,66,4,1,NULL,3,NULL),
(1817,'BBS-B',NULL,'Female',NULL,4,0.7,67,4,1,NULL,3,NULL),
(1818,'BBS-C',NULL,'Female',NULL,4,0.8,68,4,1,NULL,3,NULL),
(1819,'BBS-D',NULL,'Female',NULL,4,0.9,69,4,1,NULL,3,NULL),
(1820,'BBS-E',NULL,'Female',NULL,4,1,70,4,1,NULL,3,NULL),
(1821,'BBS-A',NULL,'Female',NULL,5,0.6,71,4,1,NULL,3,NULL),
(1822,'BBS-B',NULL,'Female',NULL,5,0.7,72,4,1,NULL,3,NULL),
(1823,'BBS-C',NULL,'Female',NULL,5,0.8,73,4,1,NULL,3,NULL),
(1824,'BBS-D',NULL,'Female',NULL,5,0.9,74,4,1,NULL,3,NULL),
(1825,'BBS-E',NULL,'Female',NULL,5,1,75,4,1,NULL,3,NULL),
(1826,'BBF-A',NULL,'Female',NULL,1,0.6,76,4,1,NULL,4,NULL),
(1827,'BBF-B',NULL,'Female',NULL,1,0.7,77,4,1,NULL,4,NULL),
(1828,'BBF-C',NULL,'Female',NULL,1,0.8,78,4,1,NULL,4,NULL),
(1829,'BBF-D',NULL,'Female',NULL,1,0.9,79,4,1,NULL,4,NULL),
(1830,'BBF-E',NULL,'Female',NULL,1,1,80,4,1,NULL,4,NULL),
(1831,'BBF-A',NULL,'Female',NULL,2,0.6,81,4,1,NULL,4,NULL),
(1832,'BBF-B',NULL,'Female',NULL,2,0.7,82,4,1,NULL,4,NULL),
(1833,'BBF-C',NULL,'Female',NULL,2,0.8,83,4,1,NULL,4,NULL),
(1834,'BBF-D',NULL,'Female',NULL,2,0.9,84,4,1,NULL,4,NULL),
(1835,'BBF-E',NULL,'Female',NULL,2,1,85,4,1,NULL,4,NULL),
(1836,'BBF-A',NULL,'Female',NULL,3,0.6,86,4,1,NULL,4,NULL),
(1837,'BBF-B',NULL,'Female',NULL,3,0.7,87,4,1,NULL,4,NULL),
(1838,'BBF-C',NULL,'Female',NULL,3,0.8,88,4,1,NULL,4,NULL),
(1839,'BBF-D',NULL,'Female',NULL,3,0.9,89,4,1,NULL,4,NULL),
(1840,'BBF-E',NULL,'Female',NULL,3,1,90,4,1,NULL,4,NULL),
(1841,'BBF-A',NULL,'Female',NULL,4,0.6,91,4,1,NULL,4,NULL),
(1842,'BBF-B',NULL,'Female',NULL,4,0.7,92,4,1,NULL,4,NULL),
(1843,'BBF-C',NULL,'Female',NULL,4,0.8,93,4,1,NULL,4,NULL),
(1844,'BBF-D',NULL,'Female',NULL,4,0.9,94,4,1,NULL,4,NULL),
(1845,'BBF-E',NULL,'Female',NULL,4,1,95,4,1,NULL,4,NULL),
(1846,'BBF-A',NULL,'Female',NULL,5,0.6,96,4,1,NULL,4,NULL),
(1847,'BBF-B',NULL,'Female',NULL,5,0.7,97,4,1,NULL,4,NULL),
(1848,'BBF-C',NULL,'Female',NULL,5,0.8,98,4,1,NULL,4,NULL),
(1849,'BBF-D',NULL,'Female',NULL,5,0.9,99,4,1,NULL,4,NULL),
(1850,'BBF-E',NULL,'Female',NULL,5,1,100,4,1,NULL,4,NULL),
(1851,'TBF-A',NULL,'Female',NULL,1,0.6,101,4,1,NULL,5,NULL),
(1852,'TBF-B',NULL,'Female',NULL,1,0.7,102,4,1,NULL,5,NULL),
(1853,'TBF-C',NULL,'Female',NULL,1,0.8,103,4,1,NULL,5,NULL),
(1854,'TBF-D',NULL,'Female',NULL,1,0.9,104,4,1,NULL,5,NULL),
(1855,'TBF-E',NULL,'Female',NULL,1,1,105,4,1,NULL,5,NULL),
(1856,'TBF-A',NULL,'Female',NULL,2,0.6,106,4,1,NULL,5,NULL),
(1857,'TBF-B',NULL,'Female',NULL,2,0.7,107,4,1,NULL,5,NULL),
(1858,'TBF-C',NULL,'Female',NULL,2,0.8,108,4,1,NULL,5,NULL),
(1859,'TBF-D',NULL,'Female',NULL,2,0.9,109,4,1,NULL,5,NULL),
(1860,'TBF-E',NULL,'Female',NULL,2,1,110,4,1,NULL,5,NULL),
(1861,'TBF-A',NULL,'Female',NULL,3,0.6,111,4,1,NULL,5,NULL),
(1862,'TBF-B',NULL,'Female',NULL,3,0.7,112,4,1,NULL,5,NULL),
(1863,'TBF-C',NULL,'Female',NULL,3,0.8,113,4,1,NULL,5,NULL),
(1864,'TBF-D',NULL,'Female',NULL,3,0.9,114,4,1,NULL,5,NULL),
(1865,'TBF-E',NULL,'Female',NULL,3,1,115,4,1,NULL,5,NULL),
(1866,'TBF-A',NULL,'Female',NULL,4,0.6,116,4,1,NULL,5,NULL),
(1867,'TBF-B',NULL,'Female',NULL,4,0.7,117,4,1,NULL,5,NULL),
(1868,'TBF-C',NULL,'Female',NULL,4,0.8,118,4,1,NULL,5,NULL),
(1869,'TBF-D',NULL,'Female',NULL,4,0.9,119,4,1,NULL,5,NULL),
(1870,'TBF-E',NULL,'Female',NULL,4,1,120,4,1,NULL,5,NULL),
(1871,'TBF-A',NULL,'Female',NULL,5,0.6,121,4,1,NULL,5,NULL),
(1872,'TBF-B',NULL,'Female',NULL,5,0.7,122,4,1,NULL,5,NULL),
(1873,'TBF-C',NULL,'Female',NULL,5,0.8,123,4,1,NULL,5,NULL),
(1874,'TBF-D',NULL,'Female',NULL,5,0.9,124,4,1,NULL,5,NULL),
(1875,'TBF-E',NULL,'Female',NULL,5,1,125,4,1,NULL,5,NULL),
(1876,'TBB-A',NULL,'Female',NULL,1,0.6,126,4,1,NULL,6,NULL),
(1877,'TBB-B',NULL,'Female',NULL,1,0.7,127,4,1,NULL,6,NULL),
(1878,'TBB-C',NULL,'Female',NULL,1,0.8,128,4,1,NULL,6,NULL),
(1879,'TBB-D',NULL,'Female',NULL,1,0.9,129,4,1,NULL,6,1),
(1880,'TBB-E',NULL,'Female','2021-09-25 16:03:05.452000',1,1,130,4,1,NULL,6,NULL),
(1881,'TBB-A',NULL,'Female',NULL,2,0.6,131,4,1,NULL,6,NULL),
(1882,'TBB-B',NULL,'Female',NULL,2,0.7,132,4,1,NULL,6,NULL),
(1883,'TBB-C',NULL,'Female',NULL,2,0.8,133,4,1,NULL,6,NULL),
(1884,'TBB-D',NULL,'Female',NULL,2,0.9,134,4,1,NULL,6,NULL),
(1885,'TBB-E',NULL,'Female',NULL,2,1,135,4,1,NULL,6,NULL),
(1886,'TBB-A',NULL,'Female',NULL,3,0.6,136,4,1,NULL,6,NULL),
(1887,'TBB-B',NULL,'Female',NULL,3,0.7,137,4,1,NULL,6,NULL),
(1888,'TBB-C',NULL,'Female',NULL,3,0.8,138,4,1,NULL,6,NULL),
(1889,'TBB-D',NULL,'Female',NULL,3,0.9,139,4,1,NULL,6,NULL),
(1890,'TBB-E',NULL,'Female',NULL,3,1,140,4,1,NULL,6,NULL),
(1891,'TBB-A',NULL,'Female',NULL,4,0.6,141,4,1,NULL,6,NULL),
(1892,'TBB-B',NULL,'Female',NULL,4,0.7,142,4,1,NULL,6,NULL),
(1893,'TBB-C',NULL,'Female',NULL,4,0.8,143,4,1,NULL,6,NULL),
(1894,'TBB-D',NULL,'Female',NULL,4,0.9,144,4,1,NULL,6,NULL),
(1895,'TBB-E',NULL,'Female',NULL,4,1,145,4,1,NULL,6,NULL),
(1896,'TBB-A',NULL,'Female',NULL,5,0.6,146,4,1,NULL,6,NULL),
(1897,'TBB-B',NULL,'Female',NULL,5,0.7,147,4,1,NULL,6,NULL),
(1898,'TBB-C',NULL,'Female',NULL,5,0.8,148,4,1,NULL,6,NULL),
(1899,'TBB-D',NULL,'Female',NULL,5,0.9,149,4,1,NULL,6,NULL),
(1900,'TBB-E',NULL,'Female',NULL,5,1,150,4,1,NULL,6,NULL),
(1901,'LBB-A',NULL,'Female',NULL,1,0.6,151,4,1,NULL,7,1),
(1902,'LBB-B',NULL,'Female','2021-09-25 16:07:56.472000',1,0.7,152,4,1,NULL,7,NULL),
(1903,'LBB-C',NULL,'Female',NULL,1,0.8,153,4,1,NULL,7,NULL),
(1904,'LBB-D',NULL,'Female',NULL,1,0.9,154,4,1,NULL,7,NULL),
(1905,'LBB-E',NULL,'Female',NULL,1,1,155,4,1,NULL,7,NULL),
(1906,'LBB-A',NULL,'Female',NULL,2,0.6,156,4,1,NULL,7,NULL),
(1907,'LBB-B',NULL,'Female',NULL,2,0.7,157,4,1,NULL,7,NULL),
(1908,'LBB-C',NULL,'Female',NULL,2,0.8,158,4,1,NULL,7,NULL),
(1909,'LBB-D',NULL,'Female',NULL,2,0.9,159,4,1,NULL,7,NULL),
(1910,'LBB-E',NULL,'Female',NULL,2,1,160,4,1,NULL,7,NULL),
(1911,'LBB-A',NULL,'Female',NULL,3,0.6,161,4,1,NULL,7,NULL),
(1912,'LBB-B',NULL,'Female',NULL,3,0.7,162,4,1,NULL,7,NULL),
(1913,'LBB-C',NULL,'Female',NULL,3,0.8,163,4,1,NULL,7,NULL),
(1914,'LBB-D',NULL,'Female',NULL,3,0.9,164,4,1,NULL,7,NULL),
(1915,'LBB-E',NULL,'Female',NULL,3,1,165,4,1,NULL,7,NULL),
(1916,'LBB-A',NULL,'Female',NULL,4,0.6,166,4,1,NULL,7,NULL),
(1917,'LBB-B',NULL,'Female',NULL,4,0.7,167,4,1,NULL,7,NULL),
(1918,'LBB-C',NULL,'Female',NULL,4,0.8,168,4,1,NULL,7,NULL),
(1919,'LBB-D',NULL,'Female',NULL,4,0.9,169,4,1,NULL,7,NULL),
(1920,'LBB-E',NULL,'Female',NULL,4,1,170,4,1,NULL,7,NULL),
(1921,'LBB-A',NULL,'Female',NULL,5,0.6,171,4,1,NULL,7,NULL),
(1922,'LBB-B',NULL,'Female',NULL,5,0.7,172,4,1,NULL,7,NULL),
(1923,'LBB-C',NULL,'Female',NULL,5,0.8,173,4,1,NULL,7,NULL),
(1924,'LBB-D',NULL,'Female',NULL,5,0.9,174,4,1,NULL,7,NULL),
(1925,'LBB-E',NULL,'Female',NULL,5,1,175,4,1,NULL,7,NULL),
(1926,'LBF-A',NULL,'Female',NULL,1,0.6,176,4,1,NULL,8,NULL),
(1927,'LBF-B',NULL,'Female',NULL,1,0.7,177,4,1,NULL,8,NULL),
(1928,'LBF-C',NULL,'Female',NULL,1,0.8,178,4,1,NULL,8,NULL),
(1929,'LBF-D',NULL,'Female',NULL,1,0.9,179,4,1,NULL,8,NULL),
(1930,'LBF-E',NULL,'Female',NULL,1,1,180,4,1,NULL,8,NULL),
(1931,'LBF-A',NULL,'Female',NULL,2,0.6,181,4,1,NULL,8,NULL),
(1932,'LBF-B',NULL,'Female',NULL,2,0.7,182,4,1,NULL,8,NULL),
(1933,'LBF-C',NULL,'Female',NULL,2,0.8,183,4,1,NULL,8,NULL),
(1934,'LBF-D',NULL,'Female',NULL,2,0.9,184,4,1,NULL,8,NULL),
(1935,'LBF-E',NULL,'Female',NULL,2,1,185,4,1,NULL,8,NULL),
(1936,'LBF-A',NULL,'Female',NULL,3,0.6,186,4,1,NULL,8,NULL),
(1937,'LBF-B',NULL,'Female',NULL,3,0.7,187,4,1,NULL,8,NULL),
(1938,'LBF-C',NULL,'Female',NULL,3,0.8,188,4,1,NULL,8,NULL),
(1939,'LBF-D',NULL,'Female',NULL,3,0.9,189,4,1,NULL,8,NULL),
(1940,'LBF-E',NULL,'Female',NULL,3,1,190,4,1,NULL,8,NULL),
(1941,'LBF-A',NULL,'Female',NULL,4,0.6,191,4,1,NULL,8,NULL),
(1942,'LBF-B',NULL,'Female',NULL,4,0.7,192,4,1,NULL,8,NULL),
(1943,'LBF-C',NULL,'Female',NULL,4,0.8,193,4,1,NULL,8,NULL),
(1944,'LBF-D',NULL,'Female',NULL,4,0.9,194,4,1,NULL,8,NULL),
(1945,'LBF-E',NULL,'Female',NULL,4,1,195,4,1,NULL,8,NULL),
(1946,'LBF-A',NULL,'Female',NULL,5,0.6,196,4,1,NULL,8,NULL),
(1947,'LBF-B',NULL,'Female',NULL,5,0.7,197,4,1,NULL,8,NULL),
(1948,'LBF-C',NULL,'Female',NULL,5,0.8,198,4,1,NULL,8,NULL),
(1949,'LBF-D',NULL,'Female',NULL,5,0.9,199,4,1,NULL,8,NULL),
(1950,'LBF-E',NULL,'Female',NULL,5,1,200,4,1,NULL,8,NULL),
(1951,'HBF-A',NULL,'Female',NULL,1,0.6,201,4,1,NULL,9,1),
(1952,'HBF-B',NULL,'Female','2021-09-25 15:36:38.042000',1,0.7,202,4,1,NULL,9,NULL),
(1953,'HBF-C','2021-09-20 10:25:51.948000','Female',NULL,1,0.8,203,4,1,1,9,NULL),
(1954,'HBF-D','2021-09-20 10:40:28.423000','Female',NULL,1,0.9,204,4,1,1,9,NULL),
(1955,'HBF-E','2021-09-20 11:04:24.830000','Female',NULL,1,1,205,4,1,1,9,NULL),
(1956,'HBF-A','2021-09-20 11:09:03.490000','Female',NULL,2,0.6,206,4,1,1,9,NULL),
(1957,'HBF-B','2021-09-20 11:14:13.074000','Female',NULL,2,0.7,207,4,1,1,9,NULL),
(1958,'HBF-C','2021-09-20 11:19:13.590000','Female',NULL,2,0.8,208,4,1,1,9,NULL),
(1959,'HBF-D','2021-09-20 11:25:22.597000','Female',NULL,2,0.9,209,4,1,1,9,NULL),
(1960,'HBF-E','2021-09-20 11:28:58.240000','Female',NULL,2,1,210,4,1,1,9,NULL),
(1961,'HBF-A','2021-09-20 11:34:18.921000','Female',NULL,3,0.6,211,4,1,1,9,NULL),
(1962,'HBF-B','2021-09-20 11:40:38.292000','Female',NULL,3,0.7,212,4,1,1,9,NULL),
(1963,'HBF-C','2021-09-20 11:47:20.686000','Female',NULL,3,0.8,213,4,1,1,9,NULL),
(1964,'HBF-D','2021-09-20 11:52:19.765000','Female',NULL,3,0.9,214,4,1,1,9,NULL),
(1965,'HBF-E','2021-09-20 11:57:31.058000','Female',NULL,3,1,215,4,1,1,9,NULL),
(1966,'HBF-A','2021-09-20 12:02:39.655000','Female',NULL,4,0.6,216,4,1,1,9,NULL),
(1967,'HBF-B','2021-09-20 12:07:10.957000','Female',NULL,4,0.7,217,4,1,1,9,NULL),
(1968,'HBF-C','2021-09-20 12:11:42.138000','Female',NULL,4,0.8,218,4,1,1,9,NULL),
(1969,'HBF-D','2021-09-20 12:16:45.232000','Female',NULL,4,0.9,219,4,1,1,9,NULL),
(1970,'HBF-E','2021-09-20 12:22:07.248000','Female',NULL,4,1,220,4,1,1,9,NULL),
(1971,'HBF-A','2021-09-20 12:27:23.330000','Female',NULL,5,0.6,221,4,1,1,9,NULL),
(1972,'HBF-B','2021-09-20 12:32:27.092000','Female',NULL,5,0.7,222,4,1,1,9,NULL),
(1973,'HBF-C','2021-09-20 12:37:50.549000','Female',NULL,5,0.8,223,4,1,1,9,NULL),
(1974,'HBF-D','2021-09-20 12:43:24.185000','Female',NULL,5,0.9,224,4,1,1,9,NULL),
(1975,'HBF-E','2021-09-20 12:50:19.570000','Female',NULL,5,1,225,4,1,1,9,NULL),
(1976,'HBB-A','2021-09-20 12:59:52.680000','Female',NULL,1,0.6,226,4,1,1,10,NULL),
(1977,'HBB-B','2021-09-20 13:06:01.808000','Female',NULL,1,0.7,227,4,1,1,10,NULL),
(1978,'HBB-C','2021-09-20 13:10:52.550000','Female',NULL,1,0.8,228,4,1,1,10,NULL),
(1979,'HBB-D','2021-09-20 13:14:36.584000','Female',NULL,1,0.9,229,4,1,1,10,NULL),
(1980,'HBB-E','2021-09-20 13:20:27.226000','Female',NULL,1,1,230,4,1,1,10,NULL),
(1981,'HBB-A','2021-09-20 13:25:14.150000','Female',NULL,2,0.6,231,4,1,1,10,NULL),
(1982,'HBB-B','2021-09-20 13:34:15.991000','Female',NULL,2,0.7,232,4,1,1,10,NULL),
(1983,'HBB-C','2021-09-20 13:40:54.585000','Female',NULL,2,0.8,233,4,1,1,10,NULL),
(1984,'HBB-D','2021-09-20 13:45:32.799000','Female',NULL,2,0.9,234,4,1,1,10,NULL),
(1985,'HBB-E','2021-09-20 14:20:53.220000','Female',NULL,2,1,235,4,1,1,10,NULL),
(1986,'HBB-A','2021-09-20 15:15:54.391000','Female',NULL,3,0.6,236,4,1,1,10,NULL),
(1987,'HBB-B','2021-09-20 15:20:31.762000','Female',NULL,3,0.7,237,4,1,1,10,NULL),
(1988,'HBB-C','2021-09-20 15:25:08.783000','Female',NULL,3,0.8,238,4,1,1,10,NULL),
(1989,'HBB-D','2021-09-20 15:55:30.345000','Female',NULL,3,0.9,239,4,1,1,10,NULL),
(1990,'HBB-E','2021-09-20 16:00:18.592000','Female',NULL,3,1,240,4,1,1,10,NULL),
(1991,'HBB-A','2021-09-20 16:03:45.538000','Female',NULL,4,0.6,241,4,1,1,10,NULL),
(1992,'HBB-B','2021-09-20 16:08:05.628000','Female',NULL,4,0.7,242,4,1,1,10,1),
(1993,'HBB-C','2021-09-20 16:13:04.346000','Female','2021-09-20 16:16:26.127000',4,0.8,243,4,1,1,10,NULL),
(1994,'HBB-D','2021-09-20 16:20:43.987000','Female',NULL,4,0.9,244,4,1,1,10,NULL),
(1995,'HBB-E','2021-09-20 16:24:29.858000','Female',NULL,4,1,245,4,1,1,10,NULL),
(1996,'HBB-A','2021-09-20 16:28:03.009000','Female',NULL,5,0.6,246,4,1,1,10,NULL),
(1997,'HBB-B','2021-09-20 16:33:54.512000','Female',NULL,5,0.7,247,4,1,1,10,NULL),
(1998,'HBB-C','2021-09-20 16:37:52.823000','Female',NULL,5,0.8,248,4,1,1,10,NULL),
(1999,'HBB-D','2021-09-20 16:42:13.599000','Female',NULL,5,0.9,249,4,1,1,10,NULL),
(2000,'HBB-E','2021-09-20 16:46:34.642000','Female',NULL,5,1,250,4,1,1,10,NULL),
(2001,'FBS-A',NULL,'Male',NULL,1,0.6,1,5,1,NULL,1,NULL),
(2002,'FBS-B',NULL,'Male',NULL,1,0.7,2,5,1,NULL,1,NULL),
(2003,'FBS-C',NULL,'Male',NULL,1,0.8,3,5,1,NULL,1,NULL),
(2004,'FBS-D',NULL,'Male',NULL,1,0.9,4,5,1,NULL,1,NULL),
(2005,'FBS-E',NULL,'Male',NULL,1,1,5,5,1,NULL,1,NULL),
(2006,'FBS-A',NULL,'Male',NULL,2,0.6,6,5,1,NULL,1,NULL),
(2007,'FBS-B',NULL,'Male',NULL,2,0.7,7,5,1,NULL,1,NULL),
(2008,'FBS-C',NULL,'Male',NULL,2,0.8,8,5,1,NULL,1,NULL),
(2009,'FBS-D',NULL,'Male',NULL,2,0.9,9,5,1,NULL,1,NULL),
(2010,'FBS-E',NULL,'Male',NULL,2,1,10,5,1,NULL,1,NULL),
(2011,'FBS-A',NULL,'Male',NULL,3,0.6,11,5,1,NULL,1,NULL),
(2012,'FBS-B',NULL,'Male',NULL,3,0.7,12,5,1,NULL,1,NULL),
(2013,'FBS-C',NULL,'Male',NULL,3,0.8,13,5,1,NULL,1,NULL),
(2014,'FBS-D',NULL,'Male',NULL,3,0.9,14,5,1,NULL,1,NULL),
(2015,'FBS-E',NULL,'Male',NULL,3,1,15,5,1,NULL,1,NULL),
(2016,'FBS-A',NULL,'Male',NULL,4,0.6,16,5,1,NULL,1,NULL),
(2017,'FBS-B',NULL,'Male',NULL,4,0.7,17,5,1,NULL,1,NULL),
(2018,'FBS-C',NULL,'Male',NULL,4,0.8,18,5,1,NULL,1,NULL),
(2019,'FBS-D',NULL,'Male',NULL,4,0.9,19,5,1,NULL,1,NULL),
(2020,'FBS-E',NULL,'Male',NULL,4,1,20,5,1,NULL,1,NULL),
(2021,'FBS-A',NULL,'Male',NULL,5,0.6,21,5,1,NULL,1,NULL),
(2022,'FBS-B',NULL,'Male',NULL,5,0.7,22,5,1,NULL,1,NULL),
(2023,'FBS-C',NULL,'Male',NULL,5,0.8,23,5,1,NULL,1,NULL),
(2024,'FBS-D',NULL,'Male',NULL,5,0.9,24,5,1,NULL,1,1),
(2025,'FBS-E',NULL,'Male','2021-09-25 16:21:44.770000',5,1,25,5,1,NULL,1,1),
(2026,'FBF-A',NULL,'Male','2021-09-25 16:22:22.310000',1,0.6,26,5,1,NULL,2,NULL),
(2027,'FBF-B',NULL,'Male',NULL,1,0.7,27,5,1,NULL,2,NULL),
(2028,'FBF-C',NULL,'Male',NULL,1,0.8,28,5,1,NULL,2,NULL),
(2029,'FBF-D',NULL,'Male',NULL,1,0.9,29,5,1,NULL,2,NULL),
(2030,'FBF-E',NULL,'Male',NULL,1,1,30,5,1,NULL,2,NULL),
(2031,'FBF-A',NULL,'Male',NULL,2,0.6,31,5,1,NULL,2,NULL),
(2032,'FBF-B',NULL,'Male',NULL,2,0.7,32,5,1,NULL,2,NULL),
(2033,'FBF-C',NULL,'Male',NULL,2,0.8,33,5,1,NULL,2,NULL),
(2034,'FBF-D',NULL,'Male',NULL,2,0.9,34,5,1,NULL,2,NULL),
(2035,'FBF-E',NULL,'Male',NULL,2,1,35,5,1,NULL,2,NULL),
(2036,'FBF-A',NULL,'Male',NULL,3,0.6,36,5,1,NULL,2,NULL),
(2037,'FBF-B',NULL,'Male',NULL,3,0.7,37,5,1,NULL,2,NULL),
(2038,'FBF-C',NULL,'Male',NULL,3,0.8,38,5,1,NULL,2,NULL),
(2039,'FBF-D',NULL,'Male',NULL,3,0.9,39,5,1,NULL,2,NULL),
(2040,'FBF-E',NULL,'Male',NULL,3,1,40,5,1,NULL,2,NULL),
(2041,'FBF-A',NULL,'Male',NULL,4,0.6,41,5,1,NULL,2,NULL),
(2042,'FBF-B',NULL,'Male',NULL,4,0.7,42,5,1,NULL,2,NULL),
(2043,'FBF-C',NULL,'Male',NULL,4,0.8,43,5,1,NULL,2,NULL),
(2044,'FBF-D',NULL,'Male',NULL,4,0.9,44,5,1,NULL,2,NULL),
(2045,'FBF-E',NULL,'Male',NULL,4,1,45,5,1,NULL,2,NULL),
(2046,'FBF-A',NULL,'Male',NULL,5,0.6,46,5,1,NULL,2,NULL),
(2047,'FBF-B',NULL,'Male',NULL,5,0.7,47,5,1,NULL,2,NULL),
(2048,'FBF-C',NULL,'Male',NULL,5,0.8,48,5,1,NULL,2,NULL),
(2049,'FBF-D',NULL,'Male',NULL,5,0.9,49,5,1,NULL,2,NULL),
(2050,'FBF-E',NULL,'Male',NULL,5,1,50,5,1,NULL,2,NULL),
(2051,'BBS-A',NULL,'Male',NULL,1,0.6,51,5,1,NULL,3,NULL),
(2052,'BBS-B',NULL,'Male',NULL,1,0.7,52,5,1,NULL,3,NULL),
(2053,'BBS-C',NULL,'Male',NULL,1,0.8,53,5,1,NULL,3,NULL),
(2054,'BBS-D',NULL,'Male',NULL,1,0.9,54,5,1,NULL,3,NULL),
(2055,'BBS-E',NULL,'Male',NULL,1,1,55,5,1,NULL,3,NULL),
(2056,'BBS-A',NULL,'Male',NULL,2,0.6,56,5,1,NULL,3,NULL),
(2057,'BBS-B',NULL,'Male',NULL,2,0.7,57,5,1,NULL,3,NULL),
(2058,'BBS-C',NULL,'Male',NULL,2,0.8,58,5,1,NULL,3,NULL),
(2059,'BBS-D',NULL,'Male',NULL,2,0.9,59,5,1,NULL,3,NULL),
(2060,'BBS-E',NULL,'Male',NULL,2,1,60,5,1,NULL,3,NULL),
(2061,'BBS-A',NULL,'Male',NULL,3,0.6,61,5,1,NULL,3,NULL),
(2062,'BBS-B',NULL,'Male',NULL,3,0.7,62,5,1,NULL,3,NULL),
(2063,'BBS-C',NULL,'Male',NULL,3,0.8,63,5,1,NULL,3,NULL),
(2064,'BBS-D',NULL,'Male',NULL,3,0.9,64,5,1,NULL,3,NULL),
(2065,'BBS-E',NULL,'Male',NULL,3,1,65,5,1,NULL,3,NULL),
(2066,'BBS-A',NULL,'Male',NULL,4,0.6,66,5,1,NULL,3,NULL),
(2067,'BBS-B',NULL,'Male',NULL,4,0.7,67,5,1,NULL,3,NULL),
(2068,'BBS-C',NULL,'Male',NULL,4,0.8,68,5,1,NULL,3,NULL),
(2069,'BBS-D',NULL,'Male',NULL,4,0.9,69,5,1,NULL,3,NULL),
(2070,'BBS-E',NULL,'Male',NULL,4,1,70,5,1,NULL,3,NULL),
(2071,'BBS-A',NULL,'Male',NULL,5,0.6,71,5,1,NULL,3,NULL),
(2072,'BBS-B',NULL,'Male',NULL,5,0.7,72,5,1,NULL,3,NULL),
(2073,'BBS-C',NULL,'Male',NULL,5,0.8,73,5,1,NULL,3,NULL),
(2074,'BBS-D',NULL,'Male',NULL,5,0.9,74,5,1,NULL,3,NULL),
(2075,'BBS-E',NULL,'Male',NULL,5,1,75,5,1,NULL,3,NULL),
(2076,'BBF-A',NULL,'Male',NULL,1,0.6,76,5,1,NULL,4,NULL),
(2077,'BBF-B',NULL,'Male',NULL,1,0.7,77,5,1,NULL,4,NULL),
(2078,'BBF-C',NULL,'Male',NULL,1,0.8,78,5,1,NULL,4,NULL),
(2079,'BBF-D',NULL,'Male',NULL,1,0.9,79,5,1,NULL,4,NULL),
(2080,'BBF-E',NULL,'Male',NULL,1,1,80,5,1,NULL,4,NULL),
(2081,'BBF-A',NULL,'Male',NULL,2,0.6,81,5,1,NULL,4,NULL),
(2082,'BBF-B',NULL,'Male',NULL,2,0.7,82,5,1,NULL,4,NULL),
(2083,'BBF-C',NULL,'Male',NULL,2,0.8,83,5,1,NULL,4,NULL),
(2084,'BBF-D',NULL,'Male',NULL,2,0.9,84,5,1,NULL,4,NULL),
(2085,'BBF-E',NULL,'Male',NULL,2,1,85,5,1,NULL,4,NULL),
(2086,'BBF-A',NULL,'Male',NULL,3,0.6,86,5,1,NULL,4,NULL),
(2087,'BBF-B',NULL,'Male',NULL,3,0.7,87,5,1,NULL,4,NULL),
(2088,'BBF-C',NULL,'Male',NULL,3,0.8,88,5,1,NULL,4,NULL),
(2089,'BBF-D',NULL,'Male',NULL,3,0.9,89,5,1,NULL,4,NULL),
(2090,'BBF-E',NULL,'Male',NULL,3,1,90,5,1,NULL,4,NULL),
(2091,'BBF-A',NULL,'Male',NULL,4,0.6,91,5,1,NULL,4,NULL),
(2092,'BBF-B',NULL,'Male',NULL,4,0.7,92,5,1,NULL,4,NULL),
(2093,'BBF-C',NULL,'Male',NULL,4,0.8,93,5,1,NULL,4,NULL),
(2094,'BBF-D',NULL,'Male',NULL,4,0.9,94,5,1,NULL,4,NULL),
(2095,'BBF-E',NULL,'Male',NULL,4,1,95,5,1,NULL,4,NULL),
(2096,'BBF-A',NULL,'Male',NULL,5,0.6,96,5,1,NULL,4,NULL),
(2097,'BBF-B',NULL,'Male',NULL,5,0.7,97,5,1,NULL,4,NULL),
(2098,'BBF-C',NULL,'Male',NULL,5,0.8,98,5,1,NULL,4,NULL),
(2099,'BBF-D',NULL,'Male',NULL,5,0.9,99,5,1,NULL,4,NULL),
(2100,'BBF-E',NULL,'Male',NULL,5,1,100,5,1,NULL,4,NULL),
(2101,'TBF-A',NULL,'Male',NULL,1,0.6,101,5,1,NULL,5,NULL),
(2102,'TBF-B',NULL,'Male',NULL,1,0.7,102,5,1,NULL,5,NULL),
(2103,'TBF-C',NULL,'Male',NULL,1,0.8,103,5,1,NULL,5,NULL),
(2104,'TBF-D',NULL,'Male',NULL,1,0.9,104,5,1,NULL,5,NULL),
(2105,'TBF-E',NULL,'Male',NULL,1,1,105,5,1,NULL,5,NULL),
(2106,'TBF-A',NULL,'Male',NULL,2,0.6,106,5,1,NULL,5,NULL),
(2107,'TBF-B',NULL,'Male',NULL,2,0.7,107,5,1,NULL,5,NULL),
(2108,'TBF-C',NULL,'Male',NULL,2,0.8,108,5,1,NULL,5,NULL),
(2109,'TBF-D',NULL,'Male',NULL,2,0.9,109,5,1,NULL,5,NULL),
(2110,'TBF-E',NULL,'Male',NULL,2,1,110,5,1,NULL,5,NULL),
(2111,'TBF-A',NULL,'Male',NULL,3,0.6,111,5,1,NULL,5,NULL),
(2112,'TBF-B',NULL,'Male',NULL,3,0.7,112,5,1,NULL,5,NULL),
(2113,'TBF-C',NULL,'Male',NULL,3,0.8,113,5,1,NULL,5,NULL),
(2114,'TBF-D',NULL,'Male',NULL,3,0.9,114,5,1,NULL,5,NULL),
(2115,'TBF-E',NULL,'Male',NULL,3,1,115,5,1,NULL,5,NULL),
(2116,'TBF-A',NULL,'Male',NULL,4,0.6,116,5,1,NULL,5,NULL),
(2117,'TBF-B',NULL,'Male',NULL,4,0.7,117,5,1,NULL,5,NULL),
(2118,'TBF-C',NULL,'Male',NULL,4,0.8,118,5,1,NULL,5,NULL),
(2119,'TBF-D',NULL,'Male',NULL,4,0.9,119,5,1,NULL,5,NULL),
(2120,'TBF-E',NULL,'Male',NULL,4,1,120,5,1,NULL,5,NULL),
(2121,'TBF-A',NULL,'Male',NULL,5,0.6,121,5,1,NULL,5,NULL),
(2122,'TBF-B',NULL,'Male',NULL,5,0.7,122,5,1,NULL,5,NULL),
(2123,'TBF-C',NULL,'Male',NULL,5,0.8,123,5,1,NULL,5,NULL),
(2124,'TBF-D',NULL,'Male',NULL,5,0.9,124,5,1,NULL,5,NULL),
(2125,'TBF-E',NULL,'Male',NULL,5,1,125,5,1,NULL,5,NULL),
(2126,'TBB-A',NULL,'Male',NULL,1,0.6,126,5,1,NULL,6,NULL),
(2127,'TBB-B',NULL,'Male',NULL,1,0.7,127,5,1,NULL,6,NULL),
(2128,'TBB-C',NULL,'Male',NULL,1,0.8,128,5,1,NULL,6,NULL),
(2129,'TBB-D',NULL,'Male',NULL,1,0.9,129,5,1,NULL,6,1),
(2130,'TBB-E',NULL,'Male','2021-09-25 16:03:24.800000',1,1,130,5,1,NULL,6,NULL),
(2131,'TBB-A',NULL,'Male',NULL,2,0.6,131,5,1,NULL,6,NULL),
(2132,'TBB-B',NULL,'Male',NULL,2,0.7,132,5,1,NULL,6,NULL),
(2133,'TBB-C',NULL,'Male',NULL,2,0.8,133,5,1,NULL,6,NULL),
(2134,'TBB-D',NULL,'Male',NULL,2,0.9,134,5,1,NULL,6,NULL),
(2135,'TBB-E',NULL,'Male',NULL,2,1,135,5,1,NULL,6,NULL),
(2136,'TBB-A',NULL,'Male',NULL,3,0.6,136,5,1,NULL,6,NULL),
(2137,'TBB-B',NULL,'Male',NULL,3,0.7,137,5,1,NULL,6,NULL),
(2138,'TBB-C',NULL,'Male',NULL,3,0.8,138,5,1,NULL,6,NULL),
(2139,'TBB-D',NULL,'Male',NULL,3,0.9,139,5,1,NULL,6,NULL),
(2140,'TBB-E',NULL,'Male',NULL,3,1,140,5,1,NULL,6,NULL),
(2141,'TBB-A',NULL,'Male',NULL,4,0.6,141,5,1,NULL,6,NULL),
(2142,'TBB-B',NULL,'Male',NULL,4,0.7,142,5,1,NULL,6,NULL),
(2143,'TBB-C',NULL,'Male',NULL,4,0.8,143,5,1,NULL,6,NULL),
(2144,'TBB-D',NULL,'Male',NULL,4,0.9,144,5,1,NULL,6,NULL),
(2145,'TBB-E',NULL,'Male',NULL,4,1,145,5,1,NULL,6,NULL),
(2146,'TBB-A',NULL,'Male',NULL,5,0.6,146,5,1,NULL,6,NULL),
(2147,'TBB-B',NULL,'Male',NULL,5,0.7,147,5,1,NULL,6,NULL),
(2148,'TBB-C',NULL,'Male',NULL,5,0.8,148,5,1,NULL,6,NULL),
(2149,'TBB-D',NULL,'Male',NULL,5,0.9,149,5,1,NULL,6,NULL),
(2150,'TBB-E',NULL,'Male',NULL,5,1,150,5,1,NULL,6,NULL),
(2151,'LBB-A',NULL,'Male',NULL,1,0.6,151,5,1,NULL,7,NULL),
(2152,'LBB-B',NULL,'Male',NULL,1,0.7,152,5,1,NULL,7,NULL),
(2153,'LBB-C',NULL,'Male',NULL,1,0.8,153,5,1,NULL,7,NULL),
(2154,'LBB-D',NULL,'Male',NULL,1,0.9,154,5,1,NULL,7,NULL),
(2155,'LBB-E',NULL,'Male',NULL,1,1,155,5,1,NULL,7,NULL),
(2156,'LBB-A',NULL,'Male',NULL,2,0.6,156,5,1,NULL,7,NULL),
(2157,'LBB-B',NULL,'Male',NULL,2,0.7,157,5,1,NULL,7,NULL),
(2158,'LBB-C',NULL,'Male',NULL,2,0.8,158,5,1,NULL,7,NULL),
(2159,'LBB-D',NULL,'Male',NULL,2,0.9,159,5,1,NULL,7,NULL),
(2160,'LBB-E',NULL,'Male',NULL,2,1,160,5,1,NULL,7,NULL),
(2161,'LBB-A',NULL,'Male',NULL,3,0.6,161,5,1,NULL,7,NULL),
(2162,'LBB-B',NULL,'Male',NULL,3,0.7,162,5,1,NULL,7,NULL),
(2163,'LBB-C',NULL,'Male',NULL,3,0.8,163,5,1,NULL,7,NULL),
(2164,'LBB-D',NULL,'Male',NULL,3,0.9,164,5,1,NULL,7,NULL),
(2165,'LBB-E',NULL,'Male',NULL,3,1,165,5,1,NULL,7,NULL),
(2166,'LBB-A',NULL,'Male',NULL,4,0.6,166,5,1,NULL,7,NULL),
(2167,'LBB-B',NULL,'Male',NULL,4,0.7,167,5,1,NULL,7,NULL),
(2168,'LBB-C',NULL,'Male',NULL,4,0.8,168,5,1,NULL,7,NULL),
(2169,'LBB-D',NULL,'Male',NULL,4,0.9,169,5,1,NULL,7,NULL),
(2170,'LBB-E',NULL,'Male',NULL,4,1,170,5,1,NULL,7,NULL),
(2171,'LBB-A',NULL,'Male',NULL,5,0.6,171,5,1,NULL,7,NULL),
(2172,'LBB-B',NULL,'Male',NULL,5,0.7,172,5,1,NULL,7,NULL),
(2173,'LBB-C',NULL,'Male',NULL,5,0.8,173,5,1,NULL,7,NULL),
(2174,'LBB-D',NULL,'Male',NULL,5,0.9,174,5,1,NULL,7,NULL),
(2175,'LBB-E',NULL,'Male',NULL,5,1,175,5,1,NULL,7,NULL),
(2176,'LBF-A',NULL,'Male',NULL,1,0.6,176,5,1,NULL,8,NULL),
(2177,'LBF-B',NULL,'Male',NULL,1,0.7,177,5,1,NULL,8,NULL),
(2178,'LBF-C',NULL,'Male',NULL,1,0.8,178,5,1,NULL,8,NULL),
(2179,'LBF-D',NULL,'Male',NULL,1,0.9,179,5,1,NULL,8,NULL),
(2180,'LBF-E',NULL,'Male',NULL,1,1,180,5,1,NULL,8,NULL),
(2181,'LBF-A',NULL,'Male',NULL,2,0.6,181,5,1,NULL,8,NULL),
(2182,'LBF-B',NULL,'Male',NULL,2,0.7,182,5,1,NULL,8,NULL),
(2183,'LBF-C',NULL,'Male',NULL,2,0.8,183,5,1,NULL,8,NULL),
(2184,'LBF-D',NULL,'Male',NULL,2,0.9,184,5,1,NULL,8,NULL),
(2185,'LBF-E',NULL,'Male',NULL,2,1,185,5,1,NULL,8,NULL),
(2186,'LBF-A',NULL,'Male',NULL,3,0.6,186,5,1,NULL,8,NULL),
(2187,'LBF-B',NULL,'Male',NULL,3,0.7,187,5,1,NULL,8,NULL),
(2188,'LBF-C',NULL,'Male',NULL,3,0.8,188,5,1,NULL,8,NULL),
(2189,'LBF-D',NULL,'Male',NULL,3,0.9,189,5,1,NULL,8,NULL),
(2190,'LBF-E',NULL,'Male',NULL,3,1,190,5,1,NULL,8,NULL),
(2191,'LBF-A',NULL,'Male',NULL,4,0.6,191,5,1,NULL,8,NULL),
(2192,'LBF-B',NULL,'Male',NULL,4,0.7,192,5,1,NULL,8,NULL),
(2193,'LBF-C',NULL,'Male',NULL,4,0.8,193,5,1,NULL,8,NULL),
(2194,'LBF-D',NULL,'Male',NULL,4,0.9,194,5,1,NULL,8,NULL),
(2195,'LBF-E',NULL,'Male',NULL,4,1,195,5,1,NULL,8,NULL),
(2196,'LBF-A',NULL,'Male',NULL,5,0.6,196,5,1,NULL,8,NULL),
(2197,'LBF-B',NULL,'Male',NULL,5,0.7,197,5,1,NULL,8,NULL),
(2198,'LBF-C',NULL,'Male',NULL,5,0.8,198,5,1,NULL,8,NULL),
(2199,'LBF-D',NULL,'Male',NULL,5,0.9,199,5,1,NULL,8,NULL),
(2200,'LBF-E',NULL,'Male',NULL,5,1,200,5,1,NULL,8,NULL),
(2201,'HBF-A',NULL,'Male',NULL,1,0.6,201,5,1,NULL,9,1),
(2202,'HBF-B',NULL,'Male','2021-09-25 15:37:22.495000',1,0.7,202,5,1,NULL,9,NULL),
(2203,'HBF-C','2021-09-20 10:26:08.303000','Male',NULL,1,0.8,203,5,1,1,9,NULL),
(2204,'HBF-D','2021-09-20 10:40:50.555000','Male',NULL,1,0.9,204,5,1,1,9,NULL),
(2205,'HBF-E','2021-09-20 11:04:42.279000','Male',NULL,1,1,205,5,1,1,9,NULL),
(2206,'HBF-A','2021-09-20 11:09:22.718000','Male',NULL,2,0.6,206,5,1,1,9,NULL),
(2207,'HBF-B','2021-09-20 11:14:51.307000','Male',NULL,2,0.7,207,5,1,1,9,NULL),
(2208,'HBF-C','2021-09-20 11:19:28.868000','Male',NULL,2,0.8,208,5,1,1,9,NULL),
(2209,'HBF-D','2021-09-20 11:25:39.013000','Male',NULL,2,0.9,209,5,1,1,9,NULL),
(2210,'HBF-E','2021-09-20 11:29:12.823000','Male',NULL,2,1,210,5,1,1,9,NULL),
(2211,'HBF-A','2021-09-20 11:34:34.596000','Male',NULL,3,0.6,211,5,1,1,9,NULL),
(2212,'HBF-B','2021-09-20 11:40:59.577000','Male',NULL,3,0.7,212,5,1,1,9,NULL),
(2213,'HBF-C','2021-09-20 11:47:38.704000','Male',NULL,3,0.8,213,5,1,1,9,NULL),
(2214,'HBF-D','2021-09-20 11:52:39.470000','Male',NULL,3,0.9,214,5,1,1,9,NULL),
(2215,'HBF-E','2021-09-20 11:57:57.042000','Male',NULL,3,1,215,5,1,1,9,NULL),
(2216,'HBF-A','2021-09-20 12:02:58.491000','Male',NULL,4,0.6,216,5,1,1,9,NULL),
(2217,'HBF-B','2021-09-20 12:07:31.530000','Male',NULL,4,0.7,217,5,1,1,9,NULL),
(2218,'HBF-C','2021-09-20 12:12:03.863000','Male',NULL,4,0.8,218,5,1,1,9,NULL),
(2219,'HBF-D','2021-09-20 12:17:03.953000','Male',NULL,4,0.9,219,5,1,1,9,NULL),
(2220,'HBF-E','2021-09-20 12:22:34.197000','Male',NULL,4,1,220,5,1,1,9,NULL),
(2221,'HBF-A','2021-09-20 12:27:40.875000','Male',NULL,5,0.6,221,5,1,1,9,NULL),
(2222,'HBF-B','2021-09-20 12:33:29.070000','Male',NULL,5,0.7,222,5,1,1,9,NULL),
(2223,'HBF-C','2021-09-20 12:38:16.084000','Male',NULL,5,0.8,223,5,1,1,9,NULL),
(2224,'HBF-D','2021-09-20 12:43:45.220000','Male',NULL,5,0.9,224,5,1,1,9,NULL),
(2225,'HBF-E','2021-09-20 12:50:47.709000','Male',NULL,5,1,225,5,1,1,9,NULL),
(2226,'HBB-A','2021-09-20 13:00:19.502000','Male',NULL,1,0.6,226,5,1,1,10,NULL),
(2227,'HBB-B','2021-09-20 13:06:32.548000','Male',NULL,1,0.7,227,5,1,1,10,NULL),
(2228,'HBB-C','2021-09-20 13:11:11.473000','Male',NULL,1,0.8,228,5,1,1,10,NULL),
(2229,'HBB-D','2021-09-20 13:14:54.001000','Male',NULL,1,0.9,229,5,1,1,10,NULL),
(2230,'HBB-E','2021-09-20 13:20:49.756000','Male',NULL,1,1,230,5,1,1,10,NULL),
(2231,'HBB-A','2021-09-20 13:25:29.528000','Male',NULL,2,0.6,231,5,1,1,10,NULL),
(2232,'HBB-B','2021-09-20 13:35:16.410000','Male',NULL,2,0.7,232,5,1,1,10,NULL),
(2233,'HBB-C','2021-09-20 13:41:14.525000','Male',NULL,2,0.8,233,5,1,1,10,NULL),
(2234,'HBB-D','2021-09-20 13:45:52.810000','Male',NULL,2,0.9,234,5,1,1,10,NULL),
(2235,'HBB-E','2021-09-20 14:21:09.325000','Male',NULL,2,1,235,5,1,1,10,NULL),
(2236,'HBB-A','2021-09-20 15:16:15.904000','Male',NULL,3,0.6,236,5,1,1,10,NULL),
(2237,'HBB-B','2021-09-20 15:20:51.030000','Male',NULL,3,0.7,237,5,1,1,10,NULL),
(2238,'HBB-C','2021-09-20 15:26:25.404000','Male',NULL,3,0.8,238,5,1,1,10,NULL),
(2239,'HBB-D','2021-09-20 15:55:51.079000','Male',NULL,3,0.9,239,5,1,1,10,NULL),
(2240,'HBB-E','2021-09-20 16:00:42.616000','Male',NULL,3,1,240,5,1,1,10,NULL),
(2241,'HBB-A','2021-09-20 16:04:00.073000','Male',NULL,4,0.6,241,5,1,1,10,NULL),
(2242,'HBB-B','2021-09-20 16:08:23.107000','Male',NULL,4,0.7,242,5,1,1,10,1),
(2243,'HBB-C','2021-09-20 16:13:24.316000','Male','2021-09-20 16:16:52.787000',4,0.8,243,5,1,1,10,NULL),
(2244,'HBB-D','2021-09-20 16:21:04.981000','Male',NULL,4,0.9,244,5,1,1,10,NULL),
(2245,'HBB-E','2021-09-20 16:24:45.786000','Male',NULL,4,1,245,5,1,1,10,NULL),
(2246,'HBB-A','2021-09-20 16:28:26.765000','Male',NULL,5,0.6,246,5,1,1,10,NULL),
(2247,'HBB-B','2021-09-20 16:34:12.345000','Male',NULL,5,0.7,247,5,1,1,10,NULL),
(2248,'HBB-C','2021-09-20 16:38:08.832000','Male',NULL,5,0.8,248,5,1,1,10,NULL),
(2249,'HBB-D','2021-09-20 16:42:30.848000','Male',NULL,5,0.9,249,5,1,1,10,NULL),
(2250,'HBB-E','2021-09-20 16:46:57.159000','Male',NULL,5,1,250,5,1,1,10,NULL),
(2251,'FBS-A',NULL,'Female',NULL,1,0.6,1,5,1,NULL,1,NULL),
(2252,'FBS-B',NULL,'Female',NULL,1,0.7,2,5,1,NULL,1,NULL),
(2253,'FBS-C',NULL,'Female',NULL,1,0.8,3,5,1,NULL,1,NULL),
(2254,'FBS-D',NULL,'Female',NULL,1,0.9,4,5,1,NULL,1,NULL),
(2255,'FBS-E',NULL,'Female',NULL,1,1,5,5,1,NULL,1,NULL),
(2256,'FBS-A',NULL,'Female',NULL,2,0.6,6,5,1,NULL,1,NULL),
(2257,'FBS-B',NULL,'Female',NULL,2,0.7,7,5,1,NULL,1,NULL),
(2258,'FBS-C',NULL,'Female',NULL,2,0.8,8,5,1,NULL,1,NULL),
(2259,'FBS-D',NULL,'Female',NULL,2,0.9,9,5,1,NULL,1,NULL),
(2260,'FBS-E',NULL,'Female',NULL,2,1,10,5,1,NULL,1,NULL),
(2261,'FBS-A',NULL,'Female',NULL,3,0.6,11,5,1,NULL,1,NULL),
(2262,'FBS-B',NULL,'Female',NULL,3,0.7,12,5,1,NULL,1,NULL),
(2263,'FBS-C',NULL,'Female',NULL,3,0.8,13,5,1,NULL,1,NULL),
(2264,'FBS-D',NULL,'Female',NULL,3,0.9,14,5,1,NULL,1,NULL),
(2265,'FBS-E',NULL,'Female',NULL,3,1,15,5,1,NULL,1,NULL),
(2266,'FBS-A',NULL,'Female',NULL,4,0.6,16,5,1,NULL,1,NULL),
(2267,'FBS-B',NULL,'Female',NULL,4,0.7,17,5,1,NULL,1,NULL),
(2268,'FBS-C',NULL,'Female',NULL,4,0.8,18,5,1,NULL,1,NULL),
(2269,'FBS-D',NULL,'Female',NULL,4,0.9,19,5,1,NULL,1,NULL),
(2270,'FBS-E',NULL,'Female',NULL,4,1,20,5,1,NULL,1,NULL),
(2271,'FBS-A',NULL,'Female',NULL,5,0.6,21,5,1,NULL,1,NULL),
(2272,'FBS-B',NULL,'Female',NULL,5,0.7,22,5,1,NULL,1,NULL),
(2273,'FBS-C',NULL,'Female',NULL,5,0.8,23,5,1,NULL,1,NULL),
(2274,'FBS-D',NULL,'Female',NULL,5,0.9,24,5,1,NULL,1,1),
(2275,'FBS-E',NULL,'Female','2021-09-25 16:21:44.770000',5,1,25,5,1,NULL,1,1),
(2276,'FBF-A',NULL,'Female','2021-09-25 16:22:22.310000',1,0.6,26,5,1,NULL,2,NULL),
(2277,'FBF-B',NULL,'Female',NULL,1,0.7,27,5,1,NULL,2,NULL),
(2278,'FBF-C',NULL,'Female',NULL,1,0.8,28,5,1,NULL,2,NULL),
(2279,'FBF-D',NULL,'Female',NULL,1,0.9,29,5,1,NULL,2,NULL),
(2280,'FBF-E',NULL,'Female',NULL,1,1,30,5,1,NULL,2,NULL),
(2281,'FBF-A',NULL,'Female',NULL,2,0.6,31,5,1,NULL,2,NULL),
(2282,'FBF-B',NULL,'Female',NULL,2,0.7,32,5,1,NULL,2,NULL),
(2283,'FBF-C',NULL,'Female',NULL,2,0.8,33,5,1,NULL,2,NULL),
(2284,'FBF-D',NULL,'Female',NULL,2,0.9,34,5,1,NULL,2,NULL),
(2285,'FBF-E',NULL,'Female',NULL,2,1,35,5,1,NULL,2,NULL),
(2286,'FBF-A',NULL,'Female',NULL,3,0.6,36,5,1,NULL,2,NULL),
(2287,'FBF-B',NULL,'Female',NULL,3,0.7,37,5,1,NULL,2,NULL),
(2288,'FBF-C',NULL,'Female',NULL,3,0.8,38,5,1,NULL,2,NULL),
(2289,'FBF-D',NULL,'Female',NULL,3,0.9,39,5,1,NULL,2,NULL),
(2290,'FBF-E',NULL,'Female',NULL,3,1,40,5,1,NULL,2,NULL),
(2291,'FBF-A',NULL,'Female',NULL,4,0.6,41,5,1,NULL,2,NULL),
(2292,'FBF-B',NULL,'Female',NULL,4,0.7,42,5,1,NULL,2,NULL),
(2293,'FBF-C',NULL,'Female',NULL,4,0.8,43,5,1,NULL,2,NULL),
(2294,'FBF-D',NULL,'Female',NULL,4,0.9,44,5,1,NULL,2,NULL),
(2295,'FBF-E',NULL,'Female',NULL,4,1,45,5,1,NULL,2,NULL),
(2296,'FBF-A',NULL,'Female',NULL,5,0.6,46,5,1,NULL,2,NULL),
(2297,'FBF-B',NULL,'Female',NULL,5,0.7,47,5,1,NULL,2,NULL),
(2298,'FBF-C',NULL,'Female',NULL,5,0.8,48,5,1,NULL,2,NULL),
(2299,'FBF-D',NULL,'Female',NULL,5,0.9,49,5,1,NULL,2,NULL),
(2300,'FBF-E',NULL,'Female',NULL,5,1,50,5,1,NULL,2,NULL),
(2301,'BBS-A',NULL,'Female',NULL,1,0.6,51,5,1,NULL,3,NULL),
(2302,'BBS-B',NULL,'Female',NULL,1,0.7,52,5,1,NULL,3,NULL),
(2303,'BBS-C',NULL,'Female',NULL,1,0.8,53,5,1,NULL,3,NULL),
(2304,'BBS-D',NULL,'Female',NULL,1,0.9,54,5,1,NULL,3,NULL),
(2305,'BBS-E',NULL,'Female',NULL,1,1,55,5,1,NULL,3,NULL),
(2306,'BBS-A',NULL,'Female',NULL,2,0.6,56,5,1,NULL,3,NULL),
(2307,'BBS-B',NULL,'Female',NULL,2,0.7,57,5,1,NULL,3,NULL),
(2308,'BBS-C',NULL,'Female',NULL,2,0.8,58,5,1,NULL,3,NULL),
(2309,'BBS-D',NULL,'Female',NULL,2,0.9,59,5,1,NULL,3,NULL),
(2310,'BBS-E',NULL,'Female',NULL,2,1,60,5,1,NULL,3,NULL),
(2311,'BBS-A',NULL,'Female',NULL,3,0.6,61,5,1,NULL,3,NULL),
(2312,'BBS-B',NULL,'Female',NULL,3,0.7,62,5,1,NULL,3,NULL),
(2313,'BBS-C',NULL,'Female',NULL,3,0.8,63,5,1,NULL,3,NULL),
(2314,'BBS-D',NULL,'Female',NULL,3,0.9,64,5,1,NULL,3,NULL),
(2315,'BBS-E',NULL,'Female',NULL,3,1,65,5,1,NULL,3,NULL),
(2316,'BBS-A',NULL,'Female',NULL,4,0.6,66,5,1,NULL,3,NULL),
(2317,'BBS-B',NULL,'Female',NULL,4,0.7,67,5,1,NULL,3,NULL),
(2318,'BBS-C',NULL,'Female',NULL,4,0.8,68,5,1,NULL,3,NULL),
(2319,'BBS-D',NULL,'Female',NULL,4,0.9,69,5,1,NULL,3,NULL),
(2320,'BBS-E',NULL,'Female',NULL,4,1,70,5,1,NULL,3,NULL),
(2321,'BBS-A',NULL,'Female',NULL,5,0.6,71,5,1,NULL,3,NULL),
(2322,'BBS-B',NULL,'Female',NULL,5,0.7,72,5,1,NULL,3,NULL),
(2323,'BBS-C',NULL,'Female',NULL,5,0.8,73,5,1,NULL,3,NULL),
(2324,'BBS-D',NULL,'Female',NULL,5,0.9,74,5,1,NULL,3,NULL),
(2325,'BBS-E',NULL,'Female',NULL,5,1,75,5,1,NULL,3,NULL),
(2326,'BBF-A',NULL,'Female',NULL,1,0.6,76,5,1,NULL,4,NULL),
(2327,'BBF-B',NULL,'Female',NULL,1,0.7,77,5,1,NULL,4,NULL),
(2328,'BBF-C',NULL,'Female',NULL,1,0.8,78,5,1,NULL,4,NULL),
(2329,'BBF-D',NULL,'Female',NULL,1,0.9,79,5,1,NULL,4,NULL),
(2330,'BBF-E',NULL,'Female',NULL,1,1,80,5,1,NULL,4,NULL),
(2331,'BBF-A',NULL,'Female',NULL,2,0.6,81,5,1,NULL,4,NULL),
(2332,'BBF-B',NULL,'Female',NULL,2,0.7,82,5,1,NULL,4,NULL),
(2333,'BBF-C',NULL,'Female',NULL,2,0.8,83,5,1,NULL,4,NULL),
(2334,'BBF-D',NULL,'Female',NULL,2,0.9,84,5,1,NULL,4,NULL),
(2335,'BBF-E',NULL,'Female',NULL,2,1,85,5,1,NULL,4,NULL),
(2336,'BBF-A',NULL,'Female',NULL,3,0.6,86,5,1,NULL,4,NULL),
(2337,'BBF-B',NULL,'Female',NULL,3,0.7,87,5,1,NULL,4,NULL),
(2338,'BBF-C',NULL,'Female',NULL,3,0.8,88,5,1,NULL,4,NULL),
(2339,'BBF-D',NULL,'Female',NULL,3,0.9,89,5,1,NULL,4,NULL),
(2340,'BBF-E',NULL,'Female',NULL,3,1,90,5,1,NULL,4,NULL),
(2341,'BBF-A',NULL,'Female',NULL,4,0.6,91,5,1,NULL,4,NULL),
(2342,'BBF-B',NULL,'Female',NULL,4,0.7,92,5,1,NULL,4,NULL),
(2343,'BBF-C',NULL,'Female',NULL,4,0.8,93,5,1,NULL,4,NULL),
(2344,'BBF-D',NULL,'Female',NULL,4,0.9,94,5,1,NULL,4,NULL),
(2345,'BBF-E',NULL,'Female',NULL,4,1,95,5,1,NULL,4,NULL),
(2346,'BBF-A',NULL,'Female',NULL,5,0.6,96,5,1,NULL,4,NULL),
(2347,'BBF-B',NULL,'Female',NULL,5,0.7,97,5,1,NULL,4,NULL),
(2348,'BBF-C',NULL,'Female',NULL,5,0.8,98,5,1,NULL,4,NULL),
(2349,'BBF-D',NULL,'Female',NULL,5,0.9,99,5,1,NULL,4,NULL),
(2350,'BBF-E',NULL,'Female',NULL,5,1,100,5,1,NULL,4,NULL),
(2351,'TBF-A',NULL,'Female',NULL,1,0.6,101,5,1,NULL,5,NULL),
(2352,'TBF-B',NULL,'Female',NULL,1,0.7,102,5,1,NULL,5,NULL),
(2353,'TBF-C',NULL,'Female',NULL,1,0.8,103,5,1,NULL,5,NULL),
(2354,'TBF-D',NULL,'Female',NULL,1,0.9,104,5,1,NULL,5,NULL),
(2355,'TBF-E',NULL,'Female',NULL,1,1,105,5,1,NULL,5,NULL),
(2356,'TBF-A',NULL,'Female',NULL,2,0.6,106,5,1,NULL,5,NULL),
(2357,'TBF-B',NULL,'Female',NULL,2,0.7,107,5,1,NULL,5,NULL),
(2358,'TBF-C',NULL,'Female',NULL,2,0.8,108,5,1,NULL,5,NULL),
(2359,'TBF-D',NULL,'Female',NULL,2,0.9,109,5,1,NULL,5,NULL),
(2360,'TBF-E',NULL,'Female',NULL,2,1,110,5,1,NULL,5,NULL),
(2361,'TBF-A',NULL,'Female',NULL,3,0.6,111,5,1,NULL,5,NULL),
(2362,'TBF-B',NULL,'Female',NULL,3,0.7,112,5,1,NULL,5,NULL),
(2363,'TBF-C',NULL,'Female',NULL,3,0.8,113,5,1,NULL,5,NULL),
(2364,'TBF-D',NULL,'Female',NULL,3,0.9,114,5,1,NULL,5,NULL),
(2365,'TBF-E',NULL,'Female',NULL,3,1,115,5,1,NULL,5,NULL),
(2366,'TBF-A',NULL,'Female',NULL,4,0.6,116,5,1,NULL,5,NULL),
(2367,'TBF-B',NULL,'Female',NULL,4,0.7,117,5,1,NULL,5,NULL),
(2368,'TBF-C',NULL,'Female',NULL,4,0.8,118,5,1,NULL,5,NULL),
(2369,'TBF-D',NULL,'Female',NULL,4,0.9,119,5,1,NULL,5,NULL),
(2370,'TBF-E',NULL,'Female',NULL,4,1,120,5,1,NULL,5,NULL),
(2371,'TBF-A',NULL,'Female',NULL,5,0.6,121,5,1,NULL,5,NULL),
(2372,'TBF-B',NULL,'Female',NULL,5,0.7,122,5,1,NULL,5,NULL),
(2373,'TBF-C',NULL,'Female',NULL,5,0.8,123,5,1,NULL,5,NULL),
(2374,'TBF-D',NULL,'Female',NULL,5,0.9,124,5,1,NULL,5,NULL),
(2375,'TBF-E',NULL,'Female',NULL,5,1,125,5,1,NULL,5,NULL),
(2376,'TBB-A',NULL,'Female',NULL,1,0.6,126,5,1,NULL,6,NULL),
(2377,'TBB-B',NULL,'Female',NULL,1,0.7,127,5,1,NULL,6,NULL),
(2378,'TBB-C',NULL,'Female',NULL,1,0.8,128,5,1,NULL,6,NULL),
(2379,'TBB-D',NULL,'Female',NULL,1,0.9,129,5,1,NULL,6,1),
(2380,'TBB-E',NULL,'Female','2021-09-25 16:03:24.800000',1,1,130,5,1,NULL,6,NULL),
(2381,'TBB-A',NULL,'Female',NULL,2,0.6,131,5,1,NULL,6,NULL),
(2382,'TBB-B',NULL,'Female',NULL,2,0.7,132,5,1,NULL,6,NULL),
(2383,'TBB-C',NULL,'Female',NULL,2,0.8,133,5,1,NULL,6,NULL),
(2384,'TBB-D',NULL,'Female',NULL,2,0.9,134,5,1,NULL,6,NULL),
(2385,'TBB-E',NULL,'Female',NULL,2,1,135,5,1,NULL,6,NULL),
(2386,'TBB-A',NULL,'Female',NULL,3,0.6,136,5,1,NULL,6,NULL),
(2387,'TBB-B',NULL,'Female',NULL,3,0.7,137,5,1,NULL,6,NULL),
(2388,'TBB-C',NULL,'Female',NULL,3,0.8,138,5,1,NULL,6,NULL),
(2389,'TBB-D',NULL,'Female',NULL,3,0.9,139,5,1,NULL,6,NULL),
(2390,'TBB-E',NULL,'Female',NULL,3,1,140,5,1,NULL,6,NULL),
(2391,'TBB-A',NULL,'Female',NULL,4,0.6,141,5,1,NULL,6,NULL),
(2392,'TBB-B',NULL,'Female',NULL,4,0.7,142,5,1,NULL,6,NULL),
(2393,'TBB-C',NULL,'Female',NULL,4,0.8,143,5,1,NULL,6,NULL),
(2394,'TBB-D',NULL,'Female',NULL,4,0.9,144,5,1,NULL,6,NULL),
(2395,'TBB-E',NULL,'Female',NULL,4,1,145,5,1,NULL,6,NULL),
(2396,'TBB-A',NULL,'Female',NULL,5,0.6,146,5,1,NULL,6,NULL),
(2397,'TBB-B',NULL,'Female',NULL,5,0.7,147,5,1,NULL,6,NULL),
(2398,'TBB-C',NULL,'Female',NULL,5,0.8,148,5,1,NULL,6,NULL),
(2399,'TBB-D',NULL,'Female',NULL,5,0.9,149,5,1,NULL,6,NULL),
(2400,'TBB-E',NULL,'Female',NULL,5,1,150,5,1,NULL,6,NULL),
(2401,'LBB-A',NULL,'Female',NULL,1,0.6,151,5,1,NULL,7,NULL),
(2402,'LBB-B',NULL,'Female',NULL,1,0.7,152,5,1,NULL,7,NULL),
(2403,'LBB-C',NULL,'Female',NULL,1,0.8,153,5,1,NULL,7,NULL),
(2404,'LBB-D',NULL,'Female',NULL,1,0.9,154,5,1,NULL,7,NULL),
(2405,'LBB-E',NULL,'Female',NULL,1,1,155,5,1,NULL,7,NULL),
(2406,'LBB-A',NULL,'Female',NULL,2,0.6,156,5,1,NULL,7,NULL),
(2407,'LBB-B',NULL,'Female',NULL,2,0.7,157,5,1,NULL,7,NULL),
(2408,'LBB-C',NULL,'Female',NULL,2,0.8,158,5,1,NULL,7,NULL),
(2409,'LBB-D',NULL,'Female',NULL,2,0.9,159,5,1,NULL,7,NULL),
(2410,'LBB-E',NULL,'Female',NULL,2,1,160,5,1,NULL,7,NULL),
(2411,'LBB-A',NULL,'Female',NULL,3,0.6,161,5,1,NULL,7,NULL),
(2412,'LBB-B',NULL,'Female',NULL,3,0.7,162,5,1,NULL,7,NULL),
(2413,'LBB-C',NULL,'Female',NULL,3,0.8,163,5,1,NULL,7,NULL),
(2414,'LBB-D',NULL,'Female',NULL,3,0.9,164,5,1,NULL,7,NULL),
(2415,'LBB-E',NULL,'Female',NULL,3,1,165,5,1,NULL,7,NULL),
(2416,'LBB-A',NULL,'Female',NULL,4,0.6,166,5,1,NULL,7,NULL),
(2417,'LBB-B',NULL,'Female',NULL,4,0.7,167,5,1,NULL,7,NULL),
(2418,'LBB-C',NULL,'Female',NULL,4,0.8,168,5,1,NULL,7,NULL),
(2419,'LBB-D',NULL,'Female',NULL,4,0.9,169,5,1,NULL,7,NULL),
(2420,'LBB-E',NULL,'Female',NULL,4,1,170,5,1,NULL,7,NULL),
(2421,'LBB-A',NULL,'Female',NULL,5,0.6,171,5,1,NULL,7,NULL),
(2422,'LBB-B',NULL,'Female',NULL,5,0.7,172,5,1,NULL,7,NULL),
(2423,'LBB-C',NULL,'Female',NULL,5,0.8,173,5,1,NULL,7,NULL),
(2424,'LBB-D',NULL,'Female',NULL,5,0.9,174,5,1,NULL,7,NULL),
(2425,'LBB-E',NULL,'Female',NULL,5,1,175,5,1,NULL,7,NULL),
(2426,'LBF-A',NULL,'Female',NULL,1,0.6,176,5,1,NULL,8,NULL),
(2427,'LBF-B',NULL,'Female',NULL,1,0.7,177,5,1,NULL,8,NULL),
(2428,'LBF-C',NULL,'Female',NULL,1,0.8,178,5,1,NULL,8,NULL),
(2429,'LBF-D',NULL,'Female',NULL,1,0.9,179,5,1,NULL,8,NULL),
(2430,'LBF-E',NULL,'Female',NULL,1,1,180,5,1,NULL,8,NULL),
(2431,'LBF-A',NULL,'Female',NULL,2,0.6,181,5,1,NULL,8,NULL),
(2432,'LBF-B',NULL,'Female',NULL,2,0.7,182,5,1,NULL,8,NULL),
(2433,'LBF-C',NULL,'Female',NULL,2,0.8,183,5,1,NULL,8,NULL),
(2434,'LBF-D',NULL,'Female',NULL,2,0.9,184,5,1,NULL,8,NULL),
(2435,'LBF-E',NULL,'Female',NULL,2,1,185,5,1,NULL,8,NULL),
(2436,'LBF-A',NULL,'Female',NULL,3,0.6,186,5,1,NULL,8,NULL),
(2437,'LBF-B',NULL,'Female',NULL,3,0.7,187,5,1,NULL,8,NULL),
(2438,'LBF-C',NULL,'Female',NULL,3,0.8,188,5,1,NULL,8,NULL),
(2439,'LBF-D',NULL,'Female',NULL,3,0.9,189,5,1,NULL,8,NULL),
(2440,'LBF-E',NULL,'Female',NULL,3,1,190,5,1,NULL,8,NULL),
(2441,'LBF-A',NULL,'Female',NULL,4,0.6,191,5,1,NULL,8,NULL),
(2442,'LBF-B',NULL,'Female',NULL,4,0.7,192,5,1,NULL,8,NULL),
(2443,'LBF-C',NULL,'Female',NULL,4,0.8,193,5,1,NULL,8,NULL),
(2444,'LBF-D',NULL,'Female',NULL,4,0.9,194,5,1,NULL,8,NULL),
(2445,'LBF-E',NULL,'Female',NULL,4,1,195,5,1,NULL,8,NULL),
(2446,'LBF-A',NULL,'Female',NULL,5,0.6,196,5,1,NULL,8,NULL),
(2447,'LBF-B',NULL,'Female',NULL,5,0.7,197,5,1,NULL,8,NULL),
(2448,'LBF-C',NULL,'Female',NULL,5,0.8,198,5,1,NULL,8,NULL),
(2449,'LBF-D',NULL,'Female',NULL,5,0.9,199,5,1,NULL,8,NULL),
(2450,'LBF-E',NULL,'Female',NULL,5,1,200,5,1,NULL,8,NULL),
(2451,'HBF-A',NULL,'Female',NULL,1,0.6,201,5,1,NULL,9,1),
(2452,'HBF-B',NULL,'Female','2021-09-25 15:37:22.495000',1,0.7,202,5,1,NULL,9,NULL),
(2453,'HBF-C','2021-09-20 10:26:08.303000','Female',NULL,1,0.8,203,5,1,1,9,NULL),
(2454,'HBF-D','2021-09-20 10:40:50.555000','Female',NULL,1,0.9,204,5,1,1,9,NULL),
(2455,'HBF-E','2021-09-20 11:04:42.279000','Female',NULL,1,1,205,5,1,1,9,NULL),
(2456,'HBF-A','2021-09-20 11:09:22.718000','Female',NULL,2,0.6,206,5,1,1,9,NULL),
(2457,'HBF-B','2021-09-20 11:14:51.307000','Female',NULL,2,0.7,207,5,1,1,9,NULL),
(2458,'HBF-C','2021-09-20 11:19:28.868000','Female',NULL,2,0.8,208,5,1,1,9,NULL),
(2459,'HBF-D','2021-09-20 11:25:39.013000','Female',NULL,2,0.9,209,5,1,1,9,NULL),
(2460,'HBF-E','2021-09-20 11:29:12.823000','Female',NULL,2,1,210,5,1,1,9,NULL),
(2461,'HBF-A','2021-09-20 11:34:34.596000','Female',NULL,3,0.6,211,5,1,1,9,NULL),
(2462,'HBF-B','2021-09-20 11:40:59.577000','Female',NULL,3,0.7,212,5,1,1,9,NULL),
(2463,'HBF-C','2021-09-20 11:47:38.704000','Female',NULL,3,0.8,213,5,1,1,9,NULL),
(2464,'HBF-D','2021-09-20 11:52:39.470000','Female',NULL,3,0.9,214,5,1,1,9,NULL),
(2465,'HBF-E','2021-09-20 11:57:57.042000','Female',NULL,3,1,215,5,1,1,9,NULL),
(2466,'HBF-A','2021-09-20 12:02:58.491000','Female',NULL,4,0.6,216,5,1,1,9,NULL),
(2467,'HBF-B','2021-09-20 12:07:31.530000','Female',NULL,4,0.7,217,5,1,1,9,NULL),
(2468,'HBF-C','2021-09-20 12:12:03.863000','Female',NULL,4,0.8,218,5,1,1,9,NULL),
(2469,'HBF-D','2021-09-20 12:17:03.953000','Female',NULL,4,0.9,219,5,1,1,9,NULL),
(2470,'HBF-E','2021-09-20 12:22:34.197000','Female',NULL,4,1,220,5,1,1,9,NULL),
(2471,'HBF-A','2021-09-20 12:27:40.875000','Female',NULL,5,0.6,221,5,1,1,9,NULL),
(2472,'HBF-B','2021-09-20 12:33:29.070000','Female',NULL,5,0.7,222,5,1,1,9,NULL),
(2473,'HBF-C','2021-09-20 12:38:16.084000','Female',NULL,5,0.8,223,5,1,1,9,NULL),
(2474,'HBF-D','2021-09-20 12:43:45.220000','Female',NULL,5,0.9,224,5,1,1,9,NULL),
(2475,'HBF-E','2021-09-20 12:50:47.709000','Female',NULL,5,1,225,5,1,1,9,NULL),
(2476,'HBB-A','2021-09-20 13:00:19.502000','Female',NULL,1,0.6,226,5,1,1,10,NULL),
(2477,'HBB-B','2021-09-20 13:06:32.548000','Female',NULL,1,0.7,227,5,1,1,10,NULL),
(2478,'HBB-C','2021-09-20 13:11:11.473000','Female',NULL,1,0.8,228,5,1,1,10,NULL),
(2479,'HBB-D','2021-09-20 13:14:54.001000','Female',NULL,1,0.9,229,5,1,1,10,NULL),
(2480,'HBB-E','2021-09-20 13:20:49.756000','Female',NULL,1,1,230,5,1,1,10,NULL),
(2481,'HBB-A','2021-09-20 13:25:29.528000','Female',NULL,2,0.6,231,5,1,1,10,NULL),
(2482,'HBB-B','2021-09-20 13:35:16.410000','Female',NULL,2,0.7,232,5,1,1,10,NULL),
(2483,'HBB-C','2021-09-20 13:41:14.525000','Female',NULL,2,0.8,233,5,1,1,10,NULL),
(2484,'HBB-D','2021-09-20 13:45:52.810000','Female',NULL,2,0.9,234,5,1,1,10,NULL),
(2485,'HBB-E','2021-09-20 14:21:09.325000','Female',NULL,2,1,235,5,1,1,10,NULL),
(2486,'HBB-A','2021-09-20 15:16:15.904000','Female',NULL,3,0.6,236,5,1,1,10,NULL),
(2487,'HBB-B','2021-09-20 15:20:51.030000','Female',NULL,3,0.7,237,5,1,1,10,NULL),
(2488,'HBB-C','2021-09-20 15:26:25.404000','Female',NULL,3,0.8,238,5,1,1,10,NULL),
(2489,'HBB-D','2021-09-20 15:55:51.079000','Female',NULL,3,0.9,239,5,1,1,10,NULL),
(2490,'HBB-E','2021-09-20 16:00:42.616000','Female',NULL,3,1,240,5,1,1,10,NULL),
(2491,'HBB-A','2021-09-20 16:04:00.073000','Female',NULL,4,0.6,241,5,1,1,10,NULL),
(2492,'HBB-B','2021-09-20 16:08:23.107000','Female',NULL,4,0.7,242,5,1,1,10,1),
(2493,'HBB-C','2021-09-20 16:13:24.316000','Female','2021-09-20 16:16:52.787000',4,0.8,243,5,1,1,10,NULL),
(2494,'HBB-D','2021-09-20 16:21:04.981000','Female',NULL,4,0.9,244,5,1,1,10,NULL),
(2495,'HBB-E','2021-09-20 16:24:45.786000','Female',NULL,4,1,245,5,1,1,10,NULL),
(2496,'HBB-A','2021-09-20 16:28:26.765000','Female',NULL,5,0.6,246,5,1,1,10,NULL),
(2497,'HBB-B','2021-09-20 16:34:12.345000','Female',NULL,5,0.7,247,5,1,1,10,NULL),
(2498,'HBB-C','2021-09-20 16:38:08.832000','Female',NULL,5,0.8,248,5,1,1,10,NULL),
(2499,'HBB-D','2021-09-20 16:42:30.848000','Female',NULL,5,0.9,249,5,1,1,10,NULL),
(2500,'HBB-E','2021-09-20 16:46:57.159000','Female',NULL,5,1,250,5,1,1,10,NULL),

/*Compulsary asana */
(2501,'Comp','2022-05-28 20:59:36.687000','Male',NULL,-1,1,256,1,1,1,11,NULL),
(2502,'Comp','2022-05-28 21:00:21.603000','Female','2022-05-28 21:11:38.752000',-1,1,259,1,1,1,11,1),
(2503,'Comp','2022-05-28 21:01:22.386000','Male',NULL,-1,1,98,1,1,1,11,NULL),
(2504,'Comp','2022-05-28 21:01:51.421000','Female','2022-05-28 21:15:16.250000',-1,1,257,1,1,1,11,1),
(2505,'Comp','2022-05-28 21:02:56.771000','Male',NULL,-1,1,141,1,1,1,11,NULL),
(2506,'Comp','2022-05-28 21:03:25.682000','Female','2022-05-28 21:15:49.743000',-1,1,252,1,1,1,11,1),
(2507,'Comp','2022-05-28 21:04:52.679000','Male',NULL,-1,1,261,1,1,1,11,NULL),
(2508,'Comp','2022-05-28 21:05:46.526000','Female','2022-05-28 21:14:19.229000',-1,1,267,1,1,1,11,1),
(2509,'Comp','2022-05-28 21:17:32.783000','Male',NULL,-1,1,78,1,1,1,11,NULL),
(2510,'Comp','2022-05-28 21:18:13.511000','Female',NULL,-1,1,98,1,1,1,11,NULL),
(2511,'Comp','2022-05-28 21:18:47.886000','Male',NULL,-1,1,263,1,1,1,11,NULL),
(2512,'Comp','2022-05-28 21:20:39.699000','Female',NULL,-1,1,281,1,1,1,11,NULL),



/* Asanas 1 to 10 for Artistic Group */
(2523,'grp','2022-06-03 07:33:43.916000','Male',NULL,-1,1,289,5,1,1,1,NULL),
(2524,'grp','2022-06-03 07:34:15.194000','Female',NULL,-1,1,289,5,1,1,1,NULL),
(2525,'grp','2022-06-03 07:35:58.509000','Male',NULL,-1,1,290,5,1,1,2,NULL),
(2526,'grp','2022-06-03 07:36:33.246000','Female',NULL,-1,1,290,5,1,1,2,NULL),
(2527,'grp','2022-06-03 07:37:11.330000','Male',NULL,-1,1,291,5,1,1,3,NULL),
(2528,'grp','2022-06-03 07:37:48.394000','Female',NULL,-1,1,291,5,1,1,3,NULL),
(2529,'grp','2022-06-03 07:38:56.006000','Male',NULL,-1,1,292,5,1,1,4,NULL),
(2530,'grp','2022-06-03 07:39:30.115000','Female',NULL,-1,1,292,5,1,1,4,NULL),
(2531,'grp','2022-06-03 07:40:05.496000','Male',NULL,-1,1,293,5,1,1,5,NULL),
(2532,'grp','2022-06-03 07:40:40.985000','Female',NULL,-1,1,293,5,1,1,5,NULL),
(2533,'grp','2022-06-03 07:41:33.196000','Male',NULL,-1,1,294,5,1,1,6,NULL),
(2534,'grp','2022-06-03 07:42:09.009000','Female',NULL,-1,1,294,5,1,1,6,NULL),
(2535,'grp','2022-06-03 07:42:42.043000','Male',NULL,-1,1,295,5,1,1,7,NULL),
(2536,'grp','2022-06-03 07:43:20.911000','Female',NULL,-1,1,295,5,1,1,7,NULL),
(2537,'grp','2022-06-03 07:44:04.616000','Male',NULL,-1,1,296,5,1,1,8,NULL),
(2538,'grp','2022-06-03 07:44:48.509000','Female',NULL,-1,1,296,5,1,1,8,NULL),
(2539,'grp','2022-06-03 07:45:21.769000','Male',NULL,-1,1,297,5,1,1,9,NULL),
(2540,'grp','2022-06-03 07:45:56.752000','Female',NULL,-1,1,297,5,1,1,9,NULL),
(2541,'grp','2022-06-03 07:46:34.127000','Male',NULL,-1,1,298,5,1,1,10,NULL),
(2542,'grp','2022-06-03 07:47:08.618000','Female',NULL,-1,1,298,5,1,1,10,NULL);




/* Participants Male and Female */

INSERT INTO `participants` 
(id,aadhar_number,accept_rules,address_line_1,address_line_2,approval_status,birth_certificate,certificate_number,district,dob,email,enabled,first_name,gender,image,khelo_india_id,last_name,medical_certificate,payment_receipt,payment_transaction_id,phone_number,physically_fit,postal_code,prn_number,town,age_category_id,club_id,state_id) VALUES 
(1,'',_binary '\0','Madya pradesh','Madya pradesh',_binary '',NULL,NULL,'Madya pradesh','1999-03-15 00:00:00.000000','pal15sapna@gmail.com',_binary '','Sapna','Female','https://drive.google.com/file/d/1K_mI7tTCic6yEHkuhktlpQapVW9Wxt1G/view?usp=sharing',NULL,' Pal',NULL,NULL,'','8109503496',_binary '','560078',222001,'Madya pradesh',1,20,20),
(2,'',_binary '\0','West Bengal','West Bengal',_binary '',NULL,NULL,'West Bengal','2002-07-02 00:00:00.000000','meghnasinha07@gmail.com',_binary '','Meghna ','Female','https://drive.google.com/file/d/1TWEttjaJPOcJaqd613g8KxiaPP-vU3JZ/view?usp=drivesdk',NULL,'Sinha',NULL,NULL,'','9674745058',_binary '','564415',222002,'West Bengal',1,36,36),
(3,'',_binary '\0','Karnataka','Karnataka',_binary '',NULL,NULL,'Karnataka','2003-09-15 00:00:00.000000','kushihemachandra@gmail.com',_binary '','KUSHI','Female','https://drive.google.com/file/d/189C02OwWj91zEGq5i3Pmqd8aAyKFBoLH/view?usp=sharing ',NULL,'.H',NULL,NULL,'','7899958246',_binary '','560097',222003,'Karnataka',1,16,16),
(4,'',_binary '\0','Tamilnadu','Tamilnadu',_binary '',NULL,NULL,'Tamilnadu','2003-07-01 00:00:00.000000','yogavaishnavitup@gmail.com',_binary '','Vaishnavi S','Female','https://drive.google.com/file/d/10gId5uUSNyeu5LlRgc0EqpMdG3UZDWlK/view?usp=drivesdk',NULL,' saravanakumar',NULL,NULL,'','9025575555',_binary '','560474',222004,'Tamilnadu',1,31,31),
(5,'',_binary '\0','Maharastra','Maharastra',_binary '',NULL,NULL,'Maharastra','2000-08-19 00:00:00.000000','kinarepurva@gmail.com',_binary '','Purva ','Female','https://drive.google.com/file/d/1Yw43_B2o6wUmsv1JNbMJ_ElRripE4foo/view?usp=sharing',NULL,'Shivaram Kinare',NULL,NULL,'','7821075827',_binary '','890488',222005,'Maharastra',1,21,21),
(6,'',_binary '\0','Karnataka','Karnataka',_binary '',NULL,NULL,'Karnataka','2002-06-12 00:00:00.000000','kodlikarnirmala@gmail.com',_binary '','Nirmala','Female','https://drive.google.com/file/d/1V8A03EpmrnOxEeubX0xwoUYCO6nshWKR/view?usp=sharing ',NULL,'Subhash Kodlikar',NULL,NULL,'','9164127678',_binary '','560098',222006,'Karnataka',1,16,16),
(7,'',_binary '\0','WEST BENGAL','West Bengal',_binary '',NULL,NULL,'West Bengal','2001-12-23 00:00:00.000000','ananyabiswas444@gmail.com',_binary '','Ananya ','Female','https://drive.google.com/file/d/1FY4Gc51Ena5AJ3Eu_0bLeiyPcmp1MmyU/view?usp=drivesdk',NULL,'Biswas',NULL,NULL,'','7863991163',_binary '','560458',222007,'West Bengal',1,36,36),
(8,'',_binary '\0','Maharastra','Maharastra',_binary '',NULL,NULL,'Maharastra','2003-04-28 00:00:00.000000','selokakar2003@gmail.com',_binary '','Chhakuli ','Female','https://drive.google.com/file/d/1VqH4AANP06DEYPsv_D2tJMiJU6zWAK0Q/view?usp=sharing',NULL,'Bansilal Selokar',NULL,NULL,'','8308014995',_binary '','560457',222008,'Maharastra',1,21,21),
(9,'',_binary '\0','Tamilnadu','Tamilnadu',_binary '',NULL,NULL,'Tamilnadu','2002-12-20 00:00:00.000000','geethigasuresh2012@gmail.com',_binary '','Geethiga','Female','https://drive.google.com/file/d/1FVZvddIHdITXzyTCaOQ-dZUSA1BfpLbC/view?usp=drivesdk',NULL,' S',NULL,NULL,'','8072989055',_binary '','560045',222009,'Tamilnadu',1,31,31),
(10,'',_binary '\0','Karnataka','Karnataka',_binary '',NULL,NULL,'Karnataka','2003-11-27 00:00:00.000000','sandhyams2003@gmail.com',_binary '','SANDHYA','Female','https://drive.google.com/file/d/1xp7yJc3rhiB61st3wwdsP0qRAjA7xkNs/view?usp=sharing',NULL,' M S',NULL,NULL,'','9380173044',_binary '','560078',222010,'Karnataka',1,16,16),
(11,'',_binary '\0','Haryana','Haryana',_binary '',NULL,NULL,'Haryana','2002-10-30 00:00:00.000000','vmadhu575@gmail.com',_binary '','Madhu','Female','https://drive.google.com/file/d/1AuqNGO2bFbXlOMNtePdtBSZo3ri9qE4v/view?usp=drivesdk',NULL,' Verma',NULL,NULL,'','9992647082',_binary '','564505',222011,'Haryana',1,13,13),
(12,'',_binary '\0','Haryana','Haryana',_binary '',NULL,NULL,'Haryana','2003-04-10 00:00:00.000000','devigartan158@gmail.com',_binary '','Devi','Female','https://drive.google.com/file/d/1_UWZEEyIIsJT_5sbUl3xqQZMygqTSxcg/view?usp=drivesdk',NULL,'  ',NULL,NULL,'','8708582170',_binary '','560045',222012,'Haryana',1,13,13),
(13,'',_binary '\0','Haryana','Haryana',_binary '',NULL,NULL,'Haryana','2003-01-07 00:00:00.000000','snehlatabirat@gmail.com',_binary '','Snehlata','Female','https://drive.google.com/file/d/1_S9z409hJfS37Gs5KA3UHSG1oQ9kEqev/view?usp=drivesdk',NULL,'  ',NULL,NULL,'','9991836446',_binary '','450045',222013,'Haryana',1,13,13),
(14,'',_binary '\0','Uttar Pradesh','Uttar Pradesh',_binary '',NULL,NULL,'Uttar Pradesh','1999-08-19 00:00:00.000000','subodhy982@gmail.com',_binary '','Subodh ','Female','https://drive.google.com/file/d/1PTkvwNXJYQKyzgWZvyuDdsOBXPcXdkNL/view?usp=sharing',NULL,'Yadav',NULL,NULL,'','7992085127',_binary '','450075',222014,'Uttar Pradesh',1,35,35),
(15,'',_binary '\0','Andhra Pradesh','Andhra Pradesh',_binary '',NULL,NULL,'Andhra Pradesh','2002-07-06 00:00:00.000000','ssnaidu.tpt@gmail.com',_binary '','Udaya ','Female','https://drive.google.com/file/d/15nLQfUV3sc6QGxWrAzGWf2uOugPX9MMY/view?usp=sharing',NULL,'Sree Kadavedu',NULL,NULL,'','9441555990',_binary '','560045',222015,'Andhra Pradesh',1,2,2),
(16,'',_binary '\0','Gujarat','Gujarat',_binary '',NULL,NULL,'Gujarat','2001-04-01 00:00:00.000000','missworldyogini@gmail.com',_binary '','Pooja','Female',NULL,NULL,'Patel',NULL,NULL,'','8401437185',_binary '','560075',222016,'Gujarat',1,11,11),
(17,'',_binary '\0','Tamilnadu','Tamilnadu',_binary '',NULL,NULL,'Tamilnadu','1999-02-10 00:00:00.000000','nivetha99ct@gmail.com',_binary '','Nivetha','Female','https://drive.google.com/file/d/1pzYDCDQvQFwmbpEojsKLPJTwExIQDFaQ/view?usp=drivesdk',NULL,' Rs',NULL,NULL,'','9600291837',_binary '','560074',222017,'Tamilnadu',1,31,31),
(18,'',_binary '\0','Andhra Pradesh','Andhra Pradesh',_binary '',NULL,NULL,'Andhra Pradesh','2003-09-15 00:00:00.000000','n180346@rguktn.ac.in',_binary '','Karapureddy','Female','https://drive.google.com/file/d/1Dc1Y4UcEK111YrIXvhUTUIzy_TwysaF2/view?usp=sharing',NULL,' Padmaja',NULL,NULL,'','7036483256',_binary '','568971',222018,'Andhra Pradesh',1,2,2),
(19,'',_binary '\0','gujarat','gujarat',_binary '',NULL,NULL,'gujarat','1997-07-30 00:00:00.000000','yogadominator3007@gmail.com',_binary '','Komal','Female',NULL,NULL,' Makwana',NULL,NULL,'','7041866710',_binary '','560045',222019,'gujarat',1,11,11),
(20,'',_binary '\0','Maharastra','Maharastra',_binary '',NULL,NULL,'Maharastra','2003-04-20 00:00:00.000000','gaikawadpradnya020@gmail.com',_binary '','Pradnya','Female','https://drive.google.com/file/d/1qe1_TpNSi4AToBfwQuEixfysogttff2U/view?usp=sharing',NULL,' Ramakant Gaikwad',NULL,NULL,'','9595301250',_binary '','560045',222020,'Maharastra',1,21,21),
(21,'',_binary '\0','Karnataka','Karnataka',_binary '',NULL,NULL,'Karnataka','2002-10-09 00:00:00.000000','trishupranamyayoga@gmail.com',_binary '','Pranamya','Female','https://drive.google.com/file/d/1EdDFbrx2aCGrw47s_cSW4CAEgKo62X87/view?usp=sharing ',NULL,'C A',NULL,NULL,'','8088509175',_binary '','560075',222021,'Karnataka',1,16,16),
(22,'',_binary '\0','assam','assam',_binary '',NULL,NULL,'assam','2003-11-10 00:00:00.000000','paulrupa734@gmail.com',_binary '','Rupa','Female','https://drive.google.com/file/d/1rCtchyR51YDyt_C37CM-naK2lsCPdI7H/view?usp=drivesdk',NULL,' Paul',NULL,NULL,'','9395723627',_binary '','560097',222022,'assam',1,4,4),
(23,'',_binary '\0','puducherry','puducherry',_binary '',NULL,NULL,'puducherry','2002-12-17 00:00:00.000000','kiruthikam1712@gmail.com',_binary '','Kiruthika','Female','https://drive.google.com/file/d/1MBf6J5mQYhR4L95EnnTbRhkxnQDJOu-_/view?usp=sharing',NULL,' M',NULL,NULL,'','8072946117',_binary '','560075',222023,'puducherry',1,27,27),
(24,'',_binary '\0','Chandigarh','Chandigarh',_binary '',NULL,NULL,'Chandigarh','2003-07-02 00:00:00.000000','laxmikumarimandal2003@gmail.com',_binary '','Laxmi','Female','https://drive.google.com/file/d/1vGxhZmwcVWSrqShfsb-atSCAtvl_e2yP/view',NULL,' Kumari',NULL,NULL,'','8968265634',_binary '','560075',222024,'Chandigarh',1,6,6),
(25,'',_binary '\0','odisha','odisha',_binary '',NULL,NULL,'odisha','2003-08-13 00:00:00.000000','03padmashreemohanty@gmail.com',_binary '','Padmashree','Female','https://drive.google.com/file/d/1Obmel4fWJSPQbqpR9VzServbSaXaVyVy/view?usp=drivesdk',NULL,' Mohanty',NULL,NULL,'','9438710071',_binary '','560447',222025,'odisha',1,26,26),
(26,'',_binary '\0','uttarakhand','uttarakhand',_binary '',NULL,NULL,'uttarakhand','2001-07-10 00:00:00.000000','agaur1904@gmail.com',_binary '','Akanksha','Female','https://drive.google.com/file/d/1-ROzieaPQ-xX-R69bkiPrybwmEjV6LvM/view?usp=drivesdk',NULL,'  ',NULL,NULL,'','9528738345',_binary '','560047',222026,'uttarakhand',1,34,34),
(27,'',_binary '\0','odisha','odisha',_binary '',NULL,NULL,'odisha','1998-06-20 00:00:00.000000','kalpanaipi10@gmail.com',_binary '','Kalpana','Female','https://drive.google.com/file/d/1SzAtbmZ5DrXftNaWNk2qi6bB8UDLbKOL/view?usp=drivesdk',NULL,' Baliarsingh',NULL,NULL,'','7008499312',_binary '','560048',222027,'odisha',1,26,26),
(28,'',_binary '\0','Maharastra','Maharastra',_binary '',NULL,NULL,'Maharastra','2002-07-13 00:00:00.000000','praptikinare@gmail.com',_binary '',' Prapti ','Female','https://drive.google.com/file/d/1N2wABBBFNoL4L7_3H5uKm4bjFlv4xTov/view?usp=sharing',NULL,'Shivaram Kinare',NULL,NULL,'','8767994817',_binary '','560041',222028,'Maharastra',1,21,21),
(29,NULL,_binary '\0','Tamilnadu','Tamilnadu',_binary '\0',NULL,NULL,'Tamilnadu','2003-05-02 00:00:00.000000','abiraamyyoga@gmail.com',_binary '\0','Abiraamy','Female','https://drive.google.com/file/d/1ziKyFj_PJwvsNajsAvWzw4MShunm9cPH/view?usp=drivesdk','NR','Va',NULL,NULL,NULL,'	8056525847	',_binary '\0','560153',222029,'Tamilnadu ',1,31,31),
(30,NULL,_binary '\0','UTTRAKHAND','UTTRAKHAND',_binary '\0',NULL,NULL,'UTTRAKHAND','2001-01-06 00:00:00.000000','khanshehnazi44@gmail.com',_binary '\0','Shehnazi','Female','https://drive.google.com/file/d/1-U1xxnnTYr3BJoZhRhgfZS1UfEjQS_Um/view?usp=drivesdk','NR','Khan',NULL,NULL,NULL,'9560299329',_binary '\0','560155',222030,'UTTRAKHAND',1,34,34),
(31,NULL,_binary '\0','Maharashtra','Maharashtra',_binary '\0',NULL,NULL,'Maharashtra','2003-11-05 00:00:00.000000','sanikajadhav160@gmail.com',_binary '\0','Sanika ','Female','https://drive.google.com/file/d/1qO3v5cRVpzV3cfUh09m2PHubjHNvxQ58/view?usp=sharing','NR','Shailendra Jadhav',NULL,NULL,NULL,'8888657048',_binary '\0','560157',222031,'Maharashtra',1,21,21),
(32,NULL,_binary '\0','Pondicherry','Pondicherry',_binary '\0',NULL,NULL,'Pondicherry','2003-08-04 00:00:00.000000','vravi2511@gmail.com',_binary '\0','Revathishree','Female','https://drive.google.com/file/d/1VB-9jKY4KnHfwW_9O7-vN09Z0pcb8F2Q/view?usp=sharing','NR','.R',NULL,NULL,NULL,'9677317275',_binary '\0','560159',222032,'Pondicherry',1,27,27),
(33,NULL,_binary '\0','Tamilnadu','Tamilnadu',_binary '\0',NULL,NULL,'Tamilnadu','2002-09-29 00:00:00.000000','gayathrielanjiyam@gmail.com',_binary '\0','Gayathri','Female','https://drive.google.com/file/d/1ggWw9_QGqXx1DoO0lud8VU5cCcXzbNY7/view?usp=drivesdk','NR',' M',NULL,NULL,NULL,'8925083072',_binary '\0','560163',222033,'Tamilnadu',1,31,31),
(34,NULL,_binary '\0','Tamilnadu','Tamilnadu',_binary '\0',NULL,NULL,'Tamilnadu','2002-12-01 00:00:00.000000','Rohinichithiram@gmail.com',_binary '\0','Rohini','Female','https://drive.google.com/file/d/1hyhdG4ZuJDLXOlNu4F7JeZy0oIrIV9S2/view?usp=drivesdk','NR','Chithiram',NULL,NULL,NULL,'8925402896',_binary '\0','560164',222034,'Tamilnadu',1,31,31),
(35,NULL,_binary '\0','Karnataka','Karnataka',_binary '\0',NULL,NULL,'Karnataka','1996-10-26 00:00:00.000000','yogabaishali26@gmail.com',_binary '\0','BAISHALI','Female','https://drive.google.com/file/d/1mjtIpsPb06PYZ71Wpg-3e15S0dmfiZ0y/view?usp=sharing ','NR',' GUPTA',NULL,NULL,NULL,'7338503438',_binary '\0','560165',222035,'Karnataka',1,16,16),
(36,NULL,_binary '\0','Karnataka','Karnataka',_binary '\0',NULL,NULL,'Karnataka','2002-07-02 00:00:00.000000','shivayogivirakthmath@gmail.com',_binary '\0',' POOJA','Female','https://drive.google.com/file/d/1WNdEgm9Fb9p0J48RSP55Lb1Vmb0b6u4N/view?usp=sharing','NR',' YALLAPPA TALAWAR',NULL,NULL,NULL,'9741757434',_binary '\0','560166',222036,'Karnataka',1,16,16),
(37,NULL,_binary '\0','PUNJAB','PUNJAB',_binary '\0',NULL,NULL,'PUNJAB','2002-01-14 00:00:00.000000','Yogasana@gmail.com',_binary '\0','Kritika ','Female','https://photos.app.goo.gl/vuZFqyFMtfWcAUxp6','NR','KUMARI Sharma',NULL,NULL,NULL,'7667296262',_binary '\0','560167',222037,'PUNJAB',1,28,28),
(38,NULL,_binary '\0','PUNJAB','PUNJAB',_binary '\0',NULL,NULL,'PUNJAB','1996-01-18 00:00:00.000000','Yogasana1@gmail.com',_binary '\0','Priya ','Female','https://photos.app.goo.gl/1nAGcFe71nqkgyEt5','NR','Rawat',NULL,NULL,NULL,'9646017371',_binary '\0','560168',222038,'PUNJAB',1,28,28),
(39,NULL,_binary '\0','MADHYA PRADESH','MADHYA PRADESH',_binary '\0',NULL,NULL,'MADHYA PRADESH','2000-02-15 00:00:00.000000','sharma.ankita1502@gmail.com',_binary '\0','Ankita ','Female','https://drive.google.com/file/d/1MD2izZuBbvUCAK9zklvXTwfSctXXKMV0/view?usp=sharing','NR','Sharma',NULL,NULL,NULL,'9425131842',_binary '\0','560169',222039,'MADHYA PRADESH',1,20,20),
(40,NULL,_binary '\0','MADHYA PRADESH','MADHYA PRADESH',_binary '\0',NULL,NULL,'MADHYA PRADESH','2000-08-02 00:00:00.000000','madhurimahor408@gmail.com',_binary '\0','Madhuri','Female','https://drive.google.com/file/d/1WOslZGwTVE5tzaanR1hw7XORIf8_DowF/view?usp=sharing','NR','  ',NULL,NULL,NULL,'9520349371',_binary '\0','560170',222040,'MADHYA PRADESH',1,20,20),
(41,NULL,_binary '\0','Chandigarh ','Chandigarh ',_binary '\0',NULL,NULL,'Chandigarh ','2002-11-11 00:00:00.000000','shah.malika20@gmail.com',_binary '\0','Malika','Female','https://drive.google.com/file/d/19dSlSPuAINDUUJ8SQ4yZsf8YTqw2QP2s/view?usp=drivesdk','NR','  ',NULL,NULL,NULL,'7814842380',_binary '\0','560171',222041,'Chandigarh ',1,6,6),
(42,NULL,_binary '\0','Chandigarh ','Chandigarh ',_binary '\0',NULL,NULL,'Chandigarh ','2003-06-27 00:00:00.000000','promilaverma2003@gmail.com',_binary '\0','Promila','Female','https://drive.google.com/file/d/13AR4ortvLBPO4k1qXv8msOONRkcNjF58/view?usp=drivesdk','NR','  ',NULL,NULL,NULL,'9041930258',_binary '\0','560172',222042,'Chandigarh ',1,6,6),
(43,NULL,_binary '\0','RAJASTHAN ','RAJASTHAN ',_binary '\0',NULL,NULL,'RAJASTHAN ','1999-10-13 00:00:00.000000','nikitachoudhary774@gmail.com',_binary '\0','Nikita','Female','https://drive.google.com/file/d/1w4NdbhSVK-tJsNBun1KfTOHakwEc66g1/view?usp=drivesdk','NR','CHOUDHARY',NULL,NULL,NULL,'7742842354',_binary '\0','560173',222043,'RAJASTHAN ',1,29,29),
(44,NULL,_binary '\0','RAJASTHAN ','RAJASTHAN ',_binary '\0',NULL,NULL,'RAJASTHAN ','2002-05-13 00:00:00.000000','ayushitaparia2000@gmail.com',_binary '\0','Aayushi','Female','https://drive.google.com/file/d/1wOFk7UhsR-PXLEboRAKB_L-6zSHSOa5g/view?usp=drivesdk','NR','TAPARIA',NULL,NULL,NULL,'8619186499',_binary '\0','560174',222044,'RAJASTHAN ',1,29,29),
(45,NULL,_binary '\0','Andhra Pradesh','Andhra Pradesh',_binary '\0',NULL,NULL,'Andhra Pradesh','2003-11-28 00:00:00.000000','n190458@rguktn.ac.in',_binary '\0','Nagamunthala','Female','https://drive.google.com/file/d/1ydcCTrK83up2lmh3YVeuQcz4GuM-3ib2/view?usp=sharing','NR','Venkata Bhargavi',NULL,NULL,NULL,'7075577468',_binary '\0','560176',222045,'Andhra Pradesh',1,2,2),
(46,NULL,_binary '\0','haryana ','haryana ',_binary '\0',NULL,NULL,'haryana ','2003-07-14 00:00:00.000000','mansigartan@gmail.com',_binary '\0','Bhateri','Female','https://drive.google.com/file/d/1g8XJzLaGSKGeOrcMaVMjE-tqJgCkw6Vr/view?usp=drivesdk','NR','  ',NULL,NULL,NULL,'8708530280',_binary '\0','560177',222046,'haryana ',1,13,13),
(47,NULL,_binary '\0','Manipur','Manipur',_binary '\0',NULL,NULL,'Manipur','2001-01-02 00:00:00.000000','thajamanbiningthoujamj287@gmail.com',_binary '\0','Ningthoujam','Female','https://drive.google.com/file/d/1RSXNFwdOy6r2vQ8VY762EMuBEfUjVpkV/view?usp=sharing','NR',' Thajamanbi',NULL,NULL,NULL,'9378069819',_binary '\0','560179',222047,'Manipur',1,22,22),
(48,NULL,_binary '\0','Manipur','Manipur',_binary '\0',NULL,NULL,'Manipur','1999-03-02 00:00:00.000000','yengkhomgyneshwori@gmail.com',_binary '\0','Yengkhom','Female','https://drive.google.com/file/d/19OFzGVNmkikZfcGHsIkqlKP7ZEPweRgH/view?usp=sharing','NR',' Gyneshwori Devi',NULL,NULL,NULL,'8974495939',_binary '\0','560180',222048,'Manipur',1,22,22),
(49,NULL,_binary '\0','GUJARAT','GUJARAT',_binary '\0',NULL,NULL,'GUJARAT','1998-08-08 00:00:00.000000','mehtajanvi9898@gmail.com',_binary '\0','JANVI ','Female',NULL,'NR','MEHTA',NULL,NULL,NULL,'7284808022',_binary '\0','560181',222049,'GUJARAT',1,11,11),
(50,NULL,_binary '\0','GUJARAT','GUJARAT',_binary '\0',NULL,NULL,'GUJARAT','2003-08-08 00:00:00.000000','ipsakhalasi@gmail.com',_binary '\0','IPSA ','Female',NULL,'NR','KHALASI',NULL,NULL,NULL,'9328002446',_binary '\0','560182',222050,'GUJARAT',1,11,11),
(51,NULL,_binary '\0','Maharashtra','Maharashtra',_binary '\0',NULL,NULL,'Maharashtra','2000-08-25 00:00:00.000000','kalyanichute2000@gmail.com',_binary '\0','Kalyani ','Female','https://drive.google.com/file/d/1h1iehjG1ZZBt3p9L3ik-Lkaa889mXe9l/view?usp=sharing','NR','Vilas Chute',NULL,NULL,NULL,'8847741205',_binary '\0','560223',222051,'Maharashtra',1,21,21),
(52,NULL,_binary '\0','Uttarakhand ','Uttarakhand ',_binary '\0',NULL,NULL,'Uttarakhand ','2002-03-27 00:00:00.000000','akritypokhriyal33@gmail.com ',_binary '\0','Akariti','Female','https://drive.google.com/file/d/1wgp7iFLU-vkMR5W_JSYsaEO8a3NqmB90/view?usp=drivesdk','NR','  ',NULL,NULL,NULL,'8126794328',_binary '\0','560231',222052,'Uttarakhand ',1,34,34),
(53,NULL,_binary '\0','Uttarakhand','Uttarakhand',_binary '\0',NULL,NULL,'Uttarakhand','2002-06-12 00:00:00.000000','kritikasharma0071@gmail.com',_binary '\0','Kartika','Female','https://drive.google.com/file/d/1SXcJjTkINglxqy4Yye7TFC5jOWADqHId/view?usp=drivesdk','NR','  ',NULL,NULL,NULL,'8070605500',_binary '\0','560232',222053,'Uttarakhand',1,34,34),
(54,NULL,_binary '\0','haryana ','haryana ',_binary '\0',NULL,NULL,'haryana ','2002-03-18 00:00:00.000000','mandalgayatri123@gmail.com',_binary '\0','Gayatri','Female','https://drive.google.com/file/d/14pRHrwsd2CDDjGSX0UPYgz8HsfOUNod0/view?usp=drivesdk','NR','  ',NULL,NULL,NULL,'8587967872',_binary '\0','560237',222054,'haryana ',1,13,13),
(55,NULL,_binary '\0','haryana','haryana',_binary '\0',NULL,NULL,'haryana','2000-08-22 00:00:00.000000','aanju6705@gmail.com',_binary '\0','Priyanka','Female','https://drive.google.com/file/d/1fs_ckpXHgV1aTvC3Vb1ZwNB7RRE3nhoZ/view?usp=drivesdk','NR','  ',NULL,NULL,NULL,'8178008464',_binary '\0','560238',222055,'haryana',1,13,13),
(56,NULL,_binary '\0','chhattisgarh','chhattisgarh',_binary '\0',NULL,NULL,'chhattisgarh','2002-09-23 00:00:00.000000','shambhisaxena@hotmail.com',_binary '\0','Shambhi ','Female','https://drive.google.com/file/d/1WPDu4v70PIVeQF1CqZc0ns5KJ8UvjAWV/view?usp=drivesdk','NR','Saxena',NULL,NULL,NULL,'9691070387',_binary '\0','560239',222056,'chhattisgarh',1,7,7),
(57,NULL,_binary '\0','chhatisgarh ','chhatisgarh ',_binary '\0',NULL,NULL,'chhatisgarh ','2002-11-29 00:00:00.000000','manjarimittal029@gmail.com ',_binary '\0','Manjari ','Female','https://photos.app.goo.gl/xyTkZcAGn4Up6Mza7','NR','Mittal',NULL,NULL,NULL,'6262225251',_binary '\0','560240',222057,'chhatisgarh ',1,7,7),
(58,NULL,_binary '\0','Chandigarh ','Chandigarh ',_binary '\0',NULL,NULL,'Chandigarh ','2002-01-27 00:00:00.000000','jyotijaiswal328@gmail.com',_binary '\0','Jyoti','Female','https://drive.google.com/file/d/1KfBF1S1SHXkAwj946g2k1gmuM4PD050n/view?usp=drivesdk','NR','  ',NULL,NULL,NULL,'7814082483',_binary '\0','560242',222058,'Chandigarh ',1,6,6),
(59,NULL,_binary '\0','Rajasthan','Rajasthan',_binary '\0',NULL,NULL,'Rajasthan','1997-11-27 00:00:00.000000','Sonalikanwar101@gmail.com',_binary '\0','Sonali','Female','https://drive.google.com/file/d/1175C9As5v2Cy5Oz6fVLl4k5kJ9EK9o49/view?usp=drivesdk','NR','  ',NULL,NULL,NULL,'9509442901',_binary '\0','560243',222059,'Rajasthan',1,29,29),
(60,NULL,_binary '\0','Rajasthan','Rajasthan',_binary '\0',NULL,NULL,'Rajasthan','2001-12-14 00:00:00.000000','yogitarawat2001@gmail.com',_binary '\0','Yogita','Female',NULL,'NR','  ',NULL,NULL,NULL,'9950820475',_binary '\0','560244',222060,'Rajasthan',1,29,29),
(61,NULL,_binary '\0','Haryana','Haryana',_binary '\0',NULL,NULL,'Haryana','1998-07-07 00:00:00.000000','Dhanda7037@gmail.com',_binary '\0','Nikesh','Female','https://drive.google.com/file/d/1eJNWXOPmyG3VOiNqo6_v0fCIedIhz0m6/view?usp=sharing','NR','  ',NULL,NULL,NULL,'9350357037',_binary '\0','560245',222061,'Haryana',1,13,13),
(62,NULL,_binary '\0','Haryana','Haryana',_binary '\0',NULL,NULL,'Haryana','2002-09-11 00:00:00.000000','Tkdsgm11@gmail.com ',_binary '\0','Sangam','Female','https://drive.google.com/file/d/1H9YrBX6iP8odnuPhI_vnQzg1k_YHYjHY/view?usp=sharing','NR','  ',NULL,NULL,NULL,'7082745823',_binary '\0','560246',222062,'Haryana',1,13,13),
(63,NULL,_binary '\0','Odisha','Odisha',_binary '\0',NULL,NULL,'Odisha','1995-02-06 00:00:00.000000','jayantisethi12@gmail.com ',_binary '\0','Jayanti Sethi','Female','https://drive.google.com/file/d/1-83S_ppnL-vu0fpovRlGsBuvf-ggx0OW/view?usp=drivesdk','NR','Sethi',NULL,NULL,NULL,'8093892712',_binary '\0','560248',222063,'Odisha',1,26,26),
(64,NULL,_binary '\0','chhattisgarh ','chhattisgarh ',_binary '\0',NULL,NULL,'chhattisgarh ','1997-07-08 00:00:00.000000','damini0807sahu@gmail.com',_binary '\0','Damini','Female','https://drive.google.com/file/d/14iJjusMbG9iHdvLl_ycMmcgihNd4GQKG/view?usp=drivesdk','NR',' sahu',NULL,NULL,NULL,'8435845668',_binary '\0','560249',222064,'chhattisgarh ',1,7,7),
(65,NULL,_binary '\0','Chhattisgarh','Chhattisgarh',_binary '\0',NULL,NULL,'Chhattisgarh','1998-06-03 00:00:00.000000','umabhrtichandravanshi@gmail.com ',_binary '\0','Umabharti','Female','https://drive.google.com/folderview?id=1RKbpZ7UZGPfw9DDcZ-KfezLsaNdP1qi-','NR',' Chandravanshi',NULL,NULL,NULL,'6268582673',_binary '\0','560250',222065,'Chhattisgarh',1,7,7),
(68,NULL,_binary '\0','Chandigarh ','Chandigarh ',_binary '\0',NULL,NULL,'Chandigarh ','1999-01-01 00:00:00.000000','alishakoundal02@gmail.com',_binary '\0','Alisha','Female','https://drive.google.com/file/d/1BTwCcN71lHK9ksU7pDUjRi8Iip8pQLOE/view?usp=drivesdk','NR','  ',NULL,NULL,NULL,'9814786023',_binary '\0','560306',222068,'Chandigarh ',1,6,6),
(69,NULL,_binary '\0','MADHYA PRADESH','MADHYA PRADESH',_binary '\0',NULL,NULL,'MADHYA PRADESH','2002-07-16 00:00:00.000000','kuhulsingh3122@gmail.com',_binary '\0','Sweta','Female','https://drive.google.com/file/d/1DHSo7TNjxfnPEU4WsWGHJdJWHLrfcqfo/view?usp=sharing','NR',' Singh',NULL,NULL,NULL,'9575258274',_binary '\0','560312',222069,'MADHYA PRADESH',1,20,20),
(70,NULL,_binary '\0','MADHYA PRADESH','MADHYA PRADESH',_binary '\0',NULL,NULL,'MADHYA PRADESH','2002-07-01 00:00:00.000000','santoshkumar739@gmail.com',_binary '\0','Niharika','Female','https://drive.google.com/file/d/1oOFzv_j_WKop5UueXsMt7QLdVQlkQzR4/view?usp=sharing','NR',' Goswami',NULL,NULL,NULL,'7999347155',_binary '\0','560314',222070,'MADHYA PRADESH',1,20,20),
(71,NULL,_binary '\0','Jharkhand','Jharkhand',_binary '\0',NULL,NULL,'Jharkhand','2002-02-28 00:00:00.000000','deepmanjhi476@gmail.com',_binary '\0','Deep','Female','https://drive.google.com/file/d/1YtXt7xtYpg6QeKlmgFk7GJS_y57-QEUW/view?usp=drivesdk','NR',' Kumari Manjhi',NULL,NULL,NULL,'6204649850',_binary '\0','560316',222071,'Jharkhand',1,15,15),
(72,NULL,_binary '\0','JHARKHAND','JHARKHAND',_binary '\0',NULL,NULL,'JHARKHAND','2003-01-03 00:00:00.000000','lilfire.surbhi07@gmail.com',_binary '\0','Surbhi','Female','https://drive.google.com/file/d/1uTYHDJfIm7Dd3hq6NPkpH0BoocNNmhIj/view?usp=drivesdk','NR',' Thapa',NULL,NULL,NULL,'9955142416',_binary '\0','560317',222072,'JHARKHAND',1,15,15),
(73,NULL,_binary '\0','JHARKHAND','JHARKHAND',_binary '\0',NULL,NULL,'JHARKHAND','1999-02-09 00:00:00.000000','hemakumari.9298@gmail.com',_binary '\0','Hema','Female','https://drive.google.com/file/d/1-4JjomSjPtzPh147WFf9tn20FDVHnU8F/view?usp=drivesdk','NR',' Kumari',NULL,NULL,NULL,'8292283084',_binary '\0','560318',222073,'JHARKHAND',1,15,15),
(74,NULL,_binary '\0','Jharkhand','Jharkhand',_binary '\0',NULL,NULL,'Jharkhand','1998-03-27 00:00:00.000000','deepikalamao27@gmail.com',_binary '\0','Deepika','Female','https://drive.google.com/file/d/15_u5fs_jfRgecO7I7l5wWEcTyq7J40Sp/view?usp=drivesdk','NR',' Lama',NULL,NULL,NULL,'7070127349',_binary '\0','560319',222074,'Jharkhand',1,15,15),
(75,NULL,_binary '\0','Jharkhand','Jharkhand',_binary '\0',NULL,NULL,'Jharkhand','1998-06-14 00:00:00.000000','pujan1619@gmail.com',_binary '\0','Puja','Female','https://drive.google.com/file/d/1BCjF7rQNNJqAlclQRHTIH7ypLbNMqVUy/view?usp=sharing','NR',' Nayak',NULL,NULL,NULL,'8709734289',_binary '\0','560320',222075,'Jharkhand',1,15,15),
(76,NULL,_binary '\0','UTTARAKHAND ','UTTARAKHAND ',_binary '\0',NULL,NULL,'UTTARAKHAND ','2000-07-11 00:00:00.000000','gayatriarya1308@gmail.com',_binary '\0','Gayatri','Female','https://drive.google.com/file/d/13oTZc7imxtUun-HhregFooTQUXCNJYes/view?usp=drivesdk','NR','  ',NULL,NULL,NULL,'7428226765',_binary '\0','560322',222076,'UTTARAKHAND ',1,34,34),
(77,NULL,_binary '\0','Uttrakhand','Uttrakhand',_binary '\0',NULL,NULL,'Uttrakhand','2001-07-01 00:00:00.000000','jeeya.arkhel.2001@gmail.com',_binary '\0','Prachi','Female','https://drive.google.com/file/d/13wkB9lPVqT_uPCtjMQLqgwLEDJcmsfD0/view?usp=drivesdk','NR',' Arkhel',NULL,NULL,NULL,'7440314322',_binary '\0','560323',222077,'Uttrakhand',1,34,34),
(78,NULL,_binary '\0','GUJARAT','GUJARAT',_binary '\0',NULL,NULL,'GUJARAT','1999-11-19 00:00:00.000000','bagadiadarshi19@gmail.com ',_binary '\0','DARSHI','Female',NULL,'NR',' BAGADIYA',NULL,NULL,NULL,'7203854901',_binary '\0','560328',222078,'GUJARAT',1,11,11),
(79,NULL,_binary '\0','GUJARAT','GUJARAT',_binary '\0',NULL,NULL,'GUJARAT','2002-10-03 00:00:00.000000','dharmisthavaghela310@gmail.com',_binary '\0','DHARMISHTHA','Female',NULL,'NR',' VAGHELA',NULL,NULL,NULL,'7990361183',_binary '\0','560329',222079,'GUJARAT',1,11,11),
(80,NULL,_binary '\0','Maharashtra ','Maharashtra ',_binary '\0',NULL,NULL,'Maharashtra ','2001-07-18 00:00:00.000000','vaibhavshri0718@gmail.com',_binary '\0','Vaibhav ','Male','https://drive.google.com/file/d/1u-9XUiIFgevCfwcPKrgRx_sxjxOHl9XU/view?usp=sharing','NR','Waman Shrirame',NULL,NULL,NULL,'7038877136',_binary '\0','560094',222080,'Maharashtra ',1,21,21),
(81,NULL,_binary '\0','Karnataka','Karnataka',_binary '\0',NULL,NULL,'Karnataka','2002-12-04 00:00:00.000000','apj9764@gmail.com',_binary '\0','ADITYA ','Male','https://drive.google.com/file/d/1kY5m06hC8SmueUFOS2U4UTGGO2VilQSi/view?usp=sharing','NR','PRAKASH JANGAM',NULL,NULL,NULL,'9764135374',_binary '\0','560095',222081,'Karnataka',1,16,16),
(82,NULL,_binary '\0','Maharashtra ','Maharashtra ',_binary '\0',NULL,NULL,'Maharashtra ','8001-06-15 00:00:00.000000','nitintpawale@gmail.com',_binary '\0','Nitin ','Male','https://drive.google.com/file/d/1vZnpj4amrswHgOJDbrCA_tb-k49zQndm/view?usp=sharing','NR','Tanaji Pawale',NULL,NULL,NULL,'7083555961',_binary '\0','560096',222082,'Maharashtra ',1,21,21),
(83,NULL,_binary '\0','West Bengal ','West Bengal ',_binary '\0',NULL,NULL,'West Bengal ','2003-11-28 00:00:00.000000','shubhamdebnath545@gmail.com ',_binary '\0','Shubham ','Male','https://drive.google.com/file/d/1nutv0EcV1xNSlyH3HLEWWSeF5SzbiObg/view?usp=drivesdk','NR','Debnath',NULL,NULL,NULL,'9749023667',_binary '\0','560097',222083,'West Bengal ',1,36,36),
(84,NULL,_binary '\0','Maharashtra ','Maharashtra ',_binary '\0',NULL,NULL,'Maharashtra ','2003-11-17 00:00:00.000000','kasliwalmanan17@gmail.com',_binary '\0','Manan ','Male','https://drive.google.com/file/d/1ghaSFWNu2PzDEojZlPbXUR3VRbl35Qub/view?usp=sharing','NR','Narendra Kasliwal',NULL,NULL,NULL,'8421949646',_binary '\0','560098',222084,'Maharashtra ',1,21,21),
(85,NULL,_binary '\0','TAMILNADU','TAMILNADU',_binary '\0',NULL,NULL,'TAMILNADU','1998-09-03 00:00:00.000000','jeevacivil1998@gmail.com',_binary '\0','Jeevanathan','Male','https://drive.google.com/file/d/1Ii0azYO1XCJoGx5Vt0PBYtgHv4uEkKwP/view?usp=drivesdk','NR',' P',NULL,NULL,NULL,'9655977916',_binary '\0','560099',222085,'TAMILNADU',1,31,31),
(86,NULL,_binary '\0','MADHYA PRADESH','MADHYA PRADESH',_binary '\0',NULL,NULL,'MADHYA PRADESH','1995-11-23 00:00:00.000000','nitin.nagar95@gmail.com',_binary '\0','Nitin','Male','https://drive.google.com/file/d/1UFhrlgjOVDsgBJHNoVmvB10mEWmYQhKe/view?usp=sharing','NR',' Nagar',NULL,NULL,NULL,'9977711161',_binary '\0','560100',222086,'MADHYA PRADESH',1,20,20),
(87,NULL,_binary '\0','Karnataka','Karnataka',_binary '\0',NULL,NULL,'Karnataka','1996-08-18 00:00:00.000000','mafroz53@gmail.com',_binary '\0','MOHAMMED','Male','https://drive.google.com/file/d/16P2eYImAfravxv-6q08CCCGG6hQfuV57/view?usp=sharing ','NR',' FIROZ SHIEK',NULL,NULL,NULL,'7996281606',_binary '\0','560101',222087,'Karnataka',1,16,16),
(88,NULL,_binary '\0','Haryana','Haryana',_binary '\0',NULL,NULL,'Haryana','2001-10-02 00:00:00.000000','amitbishnoi948@gmail.com',_binary '\0','Amit','Male','https://drive.google.com/file/d/14MaO7NqygZ-VaXc2H58qgdvk4gMnpMOG/view?usp=drivesdk','NR','  ',NULL,NULL,NULL,'9992720657',_binary '\0','560102',222088,'Haryana',1,13,13),
(89,NULL,_binary '\0','West Bengal ','West Bengal ',_binary '\0',NULL,NULL,'West Bengal ','2003-09-04 00:00:00.000000','abhay8001811@gmail.com ',_binary '\0','Abhay','Male','https://drive.google.com/file/d/1_FNrbhCwO2I9YS-TpF4ORgZ2_w5BvztI/view?usp=drivesdk','NR',' Burman',NULL,NULL,NULL,'8637381645',_binary '\0','560103',222089,'West Bengal ',1,36,36),
(90,NULL,_binary '\0','MADHYA PRADESH','MADHYA PRADESH',_binary '\0',NULL,NULL,'MADHYA PRADESH','1998-12-24 00:00:00.000000','shubhamsha1236@gmail.com',_binary '\0','Shubham','Male','https://drive.google.com/file/d/1J_9BMFXghghe40ld-7xdm_qgplNuud5E/view?usp=sharing','NR',' Sharma',NULL,NULL,NULL,'8319479482',_binary '\0','560104',222090,'MADHYA PRADESH',1,20,20),
(91,NULL,_binary '\0','Haryana','Haryana',_binary '\0',NULL,NULL,'Haryana','2003-04-27 00:00:00.000000','arjun.jatav274@gmail.com',_binary '\0','Arjun','Male','https://drive.google.com/file/d/1iP0VZh11FuWDEk5xCIcnn8-AqoZrf3uO/view?usp=drivesdk','NR','  ',NULL,NULL,NULL,'9599432427',_binary '\0','560105',222091,'Haryana',1,13,13),
(92,NULL,_binary '\0','Haryana','Haryana',_binary '\0',NULL,NULL,'Haryana','2002-11-12 00:00:00.000000','abhitanwear744@gmail.com',_binary '\0','Abhishek','Male','https://drive.google.com/file/d/1vmTU88hHGU4qTTacEBCLmaiwRjGgcOP8/view?usp=drivesdk','NR','  ',NULL,NULL,NULL,'8307308930',_binary '\0','560106',222092,'Haryana',1,13,13),
(93,NULL,_binary '\0','WEST BENGAL','WEST BENGAL',_binary '\0',NULL,NULL,'WEST BENGAL','2003-12-12 00:00:00.000000','deysayantan866@gmail.com',_binary '\0','Sayantan','Male','\"\nhttps://drive.google.com/file/d/1FNqKkwEUM-emdTSsCmWxkXHHxDM4OBrl/view?usp=drivesdk\"','NR',' Dey',NULL,NULL,NULL,'9007889135',_binary '\0','560107',222093,'WEST BENGAL',1,36,36),
(94,NULL,_binary '\0','uttar pradesh','uttar pradesh',_binary '\0',NULL,NULL,'uttar pradesh','1998-01-06 00:00:00.000000','pushkarg1998@gmail.com',_binary '\0','Pushkar','Male','https://drive.google.com/file/d/1r6VzvEwmve111SBaTqK8LD3Rn6AnMAc5/view?usp=sharing','NR','  ',NULL,NULL,NULL,'7409610041',_binary '\0','560108',222094,'uttar pradesh',1,35,35),
(95,NULL,_binary '\0','GUJARAT','GUJARAT',_binary '\0',NULL,NULL,'GUJARAT','1997-12-22 00:00:00.000000','pratikmevada3883@gmail.com',_binary '\0','PRATIK','Male',NULL,'NR',' MEVADA',NULL,NULL,NULL,'7698774313',_binary '\0','560109',222095,'GUJARAT',1,11,11),
(96,NULL,_binary '\0','Haryana','Haryana',_binary '\0',NULL,NULL,'Haryana','1999-07-22 00:00:00.000000','pathakyoga22@gmail.com',_binary '\0','Praveen','Male','https://drive.google.com/file/d/1dleMr9JUUHG1QZjBNRzKGg51mWa9YwPZ/view?usp=sharing','NR',' Kumar Pathak',NULL,NULL,NULL,'9675763044',_binary '\0','560135',222096,'Haryana',1,13,13),
(97,NULL,_binary '\0','Maharashtra','Maharashtra',_binary '\0',NULL,NULL,'Maharashtra','2003-10-14 00:00:00.000000','omvaradai03@gmmail.com',_binary '\0','Om ','Male','https://drive.google.com/file/d/1e1U5KfWEuL8_YJiNTBIt-t4b1BwA6bgH/view?usp=sharing','NR','Prakash Varadai',NULL,NULL,NULL,'9075409564',_binary '\0','560137',222097,'Maharashtra',1,21,21),
(98,NULL,_binary '\0','Haryana','Haryana',_binary '\0',NULL,NULL,'Haryana','2002-12-01 00:00:00.000000','rahulkumarjha809@gmail.com',_binary '\0','Rishabh','Male','https://drive.google.com/file/d/1TAZbYd9hkniOFuWs38o-E4KqsuAaixcP/view?usp=sharing ','NR',' Jha',NULL,NULL,NULL,'8076611283',_binary '\0','560139',222098,'Haryana',1,13,13),
(99,NULL,_binary '\0','Rajasthan','Rajasthan',_binary '\0',NULL,NULL,'Rajasthan','2002-07-13 00:00:00.000000','arjunparmar902478@gmail.com',_binary '\0','Arjun','Male','https://drive.google.com/file/d/10JsSzunqiKa4Zuo-1ZMu1XV_rx_JbXkQ/view?usp=drivesdk','NR',' Parmar',NULL,NULL,NULL,'6367869468',_binary '\0','560141',222099,'Rajasthan',1,29,29),
(100,NULL,_binary '\0','Uttarakhand','Uttarakhand',_binary '\0',NULL,NULL,'Uttarakhand','2000-01-11 00:00:00.000000','neeraj888n@gmail.com',_binary '\0','Neeraj','Male','https://drive.google.com/file/d/1QlSwwJcny0VcT-7iC5b0dss7p3C09TeV/view?usp=drivesdk','NR',' Chaudhary',NULL,NULL,NULL,'9205115835',_binary '\0','560142',222100,'Uttarakhand',1,34,34),
(101,NULL,_binary '\0','Chandigarh ','Chandigarh ',_binary '\0',NULL,NULL,'Chandigarh ','2002-04-21 00:00:00.000000','abhiim2104@gmail.com',_binary '\0','Abhay','Male','https://drive.google.com/file/d/1Z9yWvMwqtfYr2m8-hisUiW5E7zSOf6WZ','NR',' Mishra',NULL,NULL,NULL,'7888368073',_binary '\0','560143',222101,'Chandigarh ',1,6,6),
(102,NULL,_binary '\0','WEST BENGAL ','WEST BENGAL ',_binary '\0',NULL,NULL,'WEST BENGAL ','2000-03-23 00:00:00.000000','dasdibyajit2@gmail.com',_binary '\0','Dibyajit','Male','https://drive.google.com/file/d/1tsdfreFqxpGgroCq5UR9NyjCNsbTB0yL/view?usp=drivesdk','NR',' Das',NULL,NULL,NULL,'7318782762',_binary '\0','560144',222102,'WEST BENGAL ',1,36,36),
(103,NULL,_binary '\0','GUJARAT','GUJARAT',_binary '\0',NULL,NULL,'GUJARAT','2000-08-17 00:00:00.000000','sonismit333@gmail.com',_binary '\0','Smit RAMESHBHAI ','Male',NULL,'NR','Soni',NULL,NULL,NULL,'7984843272',_binary '\0','560145',222103,'GUJARAT',1,11,11),
(104,NULL,_binary '\0','Haryana ','Haryana ',_binary '\0',NULL,NULL,'Haryana ','2001-12-22 00:00:00.000000','hr9046abhishek@gmail.com',_binary '\0','Abhishek','Male','https://drive.google.com/file/d/1ZYHCikeSMYiksVA32RybPzNHNM9K3t_8/view?usp=drivesdk','NR','  ',NULL,NULL,NULL,'9350251116',_binary '\0','560146',222104,'Haryana ',1,13,13),
(105,NULL,_binary '\0','RAJASTHAN ','RAJASTHAN ',_binary '\0',NULL,NULL,'RAJASTHAN ','2001-12-06 00:00:00.000000','premsa982966@gmail.com ',_binary '\0','Prem ','Male','https://drive.google.com/file/d/11xUVNdX7AfI3AtWrPZR0OMhzHfrsAB8Z/view?usp=drivesdk','NR','SINGH Rajpurohit',NULL,NULL,NULL,'9079194726',_binary '\0','560147',222105,'RAJASTHAN ',1,29,29),
(106,NULL,_binary '\0','Uttarakhand','Uttarakhand',_binary '\0',NULL,NULL,'Uttarakhand','2003-04-20 00:00:00.000000','durgeshamoli123@gmail.com',_binary '\0','Durgesh','Male','https://drive.google.com/file/d/1-DSq1X-VEJqWXTylUBdo_mufAAyr3Rhr/view?usp=drivesdk','NR','  ',NULL,NULL,NULL,'7078867014',_binary '\0','560190',222106,'Uttarakhand',1,34,34),
(107,NULL,_binary '\0','Uttarakhand','Uttarakhand',_binary '\0',NULL,NULL,'Uttarakhand','1999-07-26 00:00:00.000000','skatersadhak@gmail.com',_binary '\0','Ajay','Male','https://drive.google.com/file/d/1CPOZcuXtkN5Bp2Xag4Zg5uyYDZGxUZYE/view?usp=drivesdk','NR',' Verma',NULL,NULL,NULL,'7310930066',_binary '\0','560191',222107,'Uttarakhand',1,34,34),
(108,NULL,_binary '\0','Maharashtra','Maharashtra',_binary '\0',NULL,NULL,'Maharashtra','1999-04-06 00:00:00.000000','shubhamwanjari012@gmail.com',_binary '\0','Shubham','Male','https://drive.google.com/file/d/15a4HC0HGFCfp-iTDg78vwkqFCKOyt3yw/view?usp=sharing','NR',' Gautam Wanjari',NULL,NULL,NULL,'9823076815',_binary '\0','560197',222108,'Maharashtra',1,21,21),
(109,NULL,_binary '\0','Karnataka','Karnataka',_binary '\0',NULL,NULL,'Karnataka','2002-12-15 00:00:00.000000','vireshsonar2002@gmail.com',_binary '\0','VIRESH','Male','https://drive.google.com/file/d/1eU_D9JiQvpUuxqWHnhIqKgmKmcRBGmAz/view?usp=sharing','NR',' SONAR',NULL,NULL,NULL,'7483811456',_binary '\0','560198',222109,'Karnataka',1,16,16),
(110,NULL,_binary '\0','Karnataka','Karnataka',_binary '\0',NULL,NULL,'Karnataka','2003-09-10 00:00:00.000000','yogapavan143@gmail.com',_binary '\0','PAVAN ','Male','https://drive.google.com/file/d/1gciLISgbGdQVKA2AJkKJ4ykv_s_Sb79u/view?usp=sharing','NR','I N',NULL,NULL,NULL,'9844580337',_binary '\0','560199',222110,'Karnataka',1,16,16),
(111,NULL,_binary '\0','Haryana','Haryana',_binary '\0',NULL,NULL,'Haryana','2000-12-18 00:00:00.000000','karan.jatav1812@gmail.com',_binary '\0','Karan','Male','https://drive.google.com/file/d/1afCd_wjBI_eUWGQBXAznI2D98jqBjJw5/view?usp=drivesdk','NR','Jatav',NULL,NULL,NULL,'9310213694',_binary '\0','560200',222111,'Haryana',1,13,13),
(112,NULL,_binary '\0','Pondicherry','Pondicherry',_binary '\0',NULL,NULL,'Pondicherry','2001-06-13 00:00:00.000000','suganthidhinakaran13@gmail.com',_binary '\0','Dhinakaran','Male','https://drive.google.com/file/d/1t91a17gDtB86tvVnxlajOU375NRitiP6/view?usp=sharing','NR',' S',NULL,NULL,NULL,'6379841308',_binary '\0','560202',222112,'Pondicherry',1,27,27),
(113,NULL,_binary '\0','Pondicherry','Pondicherry',_binary '\0',NULL,NULL,'Pondicherry','2002-02-25 00:00:00.000000','aswinsharma777@gmail.com',_binary '\0','Aswinkumar','Male','https://drive.google.com/file/d/17H49ZgZzSy-53huubdLEUpGhLEoSMiHj/view?usp=sharing','NR',' S',NULL,NULL,NULL,'8870076241',_binary '\0','560203',222113,'Pondicherry',1,27,27),
(114,NULL,_binary '\0','Uttarakhand','Uttarakhand',_binary '\0',NULL,NULL,'Uttarakhand','2001-11-20 00:00:00.000000','mohitpal114411@gmail.com',_binary '\0','Mohit','Male','https://drive.google.com/file/d/1Ex_biRWr71XCgUiQPEGLnHbnZa4-83jG/view?usp=drivesdk','NR',' Pal',NULL,NULL,NULL,'9935480906',_binary '\0','560204',222114,'Uttarakhand',1,34,34),
(115,NULL,_binary '\0','Uttrakhand','Uttrakhand',_binary '\0',NULL,NULL,'Uttrakhand','2003-08-20 00:00:00.000000','anuragsaini730@gmail.com',_binary '\0','Anurag','Male','https://drive.google.com/file/d/1Ex_biRWr71XCgUiQPEGLnHbnZa4-83jG/view?usp=drivesdk','NR',' Saini',NULL,NULL,NULL,'8532917730',_binary '\0','560205',222115,'Uttrakhand',1,34,34),
(116,NULL,_binary '\0','Gujarat','Gujarat',_binary '\0',NULL,NULL,'Gujarat','1999-11-19 00:00:00.000000','deepthakkar171@gmail.com',_binary '\0','Deep KAUSHIKBHAI','Male',NULL,'NR','Thakkar',NULL,NULL,NULL,'8320522293',_binary '\0','560207',222116,'Gujarat',1,11,11),
(117,NULL,_binary '\0','MADHYA PRADESH','MADHYA PRADESH',_binary '\0',NULL,NULL,'MADHYA PRADESH','1999-01-15 00:00:00.000000','kushwahrsk1997@gmail.com',_binary '\0','Rahul','Male','https://drive.google.com/file/d/1Hn72PyM7bkPDEcJiu8xypW9pJtcRtKJr/view?usp=sharing','NR',' Kushwah',NULL,NULL,NULL,'9039647285',_binary '\0','560208',222117,'MADHYA PRADESH',1,20,20),
(118,NULL,_binary '\0','MADHYA PRADESH','MADHYA PRADESH',_binary '\0',NULL,NULL,'MADHYA PRADESH','2001-02-10 00:00:00.000000','vishal.10feb2001@gmail.com',_binary '\0','Vishal','Male','https://drive.google.com/file/d/1fKmbo3yOfwRpew1JE8Ct4Jzb8rQ_WT4N/view?usp=sharing','NR','Chaturvedi',NULL,NULL,NULL,'7389695267',_binary '\0','560209',222118,'MADHYA PRADESH',1,20,20),
(119,NULL,_binary '\0','Chhattisgarh','Chhattisgarh',_binary '\0',NULL,NULL,'Chhattisgarh','2003-10-05 00:00:00.000000','diwakarsingh8962@gmail.com',_binary '\0','Diwakar','Male','https://drive.google.com/file/d/1N6A6cSPPQJQeQpPgnubK0YQvUHIb2vSu/view?usp=drivesdk','NR',' singh',NULL,NULL,NULL,'6261977998',_binary '\0','560210',222119,'Chhattisgarh',1,7,7),
(120,NULL,_binary '\0','chhattisgarh ','chhattisgarh ',_binary '\0',NULL,NULL,'chhattisgarh ','2003-03-18 00:00:00.000000','surajsharma7564@gmail.com',_binary '\0','Suraj','Male','https://drive.google.com/file/d/10csQnua3LIBXG6dJZmT__QmIPtyUbrok/view?usp=drivesdk','NR',' Sharma',NULL,NULL,NULL,'8269673800',_binary '\0','560211',222120,'chhattisgarh ',1,7,7),
(121,NULL,_binary '\0','MADHYA PRADESH','MADHYA PRADESH',_binary '\0',NULL,NULL,'MADHYA PRADESH','1999-09-26 00:00:00.000000','devendramishra2609@gmail.com',_binary '\0','Devendra','Male','https://drive.google.com/file/d/1VK_bv07CqiHFVkRk-mGS6LIqSgmPQpZH/view?usp=sharing','NR',' Mishra',NULL,NULL,NULL,'6269437450',_binary '\0','560212',222121,'MADHYA PRADESH',1,20,20),
(122,NULL,_binary '\0','MADHYA PRADESH','MADHYA PRADESH',_binary '\0',NULL,NULL,'MADHYA PRADESH','2002-08-13 00:00:00.000000','yogirahul1308@gmail.com',_binary '\0','Rahul','Male','https://drive.google.com/file/d/14KwQ3XXEdy_bm4MIKzYLtaaKOpGwL7UF/view?usp=sharing','NR',' Singh',NULL,NULL,NULL,'7999634005',_binary '\0','560213',222122,'MADHYA PRADESH',1,20,20),
(123,NULL,_binary '\0','ODISHA','ODISHA',_binary '\0',NULL,NULL,'ODISHA','2002-03-25 00:00:00.000000','himansu25302@gmail.com',_binary '\0','HIMANSU','Male','https://drive.google.com/file/d/1Sv7kYwHe58DmZmf8ULZY4daWu9ZS4bZx/view?usp=drivesdk','NR',' BEHERA',NULL,NULL,NULL,'9398254547',_binary '\0','560214',222123,'ODISHA',1,26,26),
(124,NULL,_binary '\0','ODISHA','ODISHA',_binary '\0',NULL,NULL,'ODISHA','1998-06-11 00:00:00.000000','padmalochanadas4@gmail.com',_binary '\0','PADMALOCHANA','Male','https://drive.google.com/file/d/1pI3OCfW0ttUAVPt5gU1IE5IFZG1AIDQz/view?usp=drivesdk','NR','  DAS',NULL,NULL,NULL,'9853177366',_binary '\0','560215',222124,'ODISHA',1,26,26),
(125,NULL,_binary '\0','Andhra Pradesh','Andhra Pradesh',_binary '\0',NULL,NULL,'Andhra Pradesh','2002-01-17 00:00:00.000000','n180763@rguktn.ac.in',_binary '\0','Chintha ','Male','https://drive.google.com/file/d/1g0LwFcXXbkJLGzAh5_LvxQmyEuoXYOo1/view?usp=sharing','NR','Surya',NULL,NULL,NULL,'9515169633',_binary '\0','560216',222125,'Andhra Pradesh',1,2,2),
(126,NULL,_binary '\0','Andhra Pradesh','Andhra Pradesh',_binary '\0',NULL,NULL,'Andhra Pradesh','2002-06-11 00:00:00.000000','n180793@rguktn.ac.in',_binary '\0','Gorrela ','Male','https://drive.google.com/file/d/1z9Wz0HSRtlJQDcAan0yc_KiALcT8GFK-/view?usp=sharing','NR','Venkata Abhilash',NULL,NULL,NULL,'8886116599',_binary '\0','560217',222126,'Andhra Pradesh',1,2,2),
(127,NULL,_binary '\0','Tamil Nadu','Tamil Nadu',_binary '\0',NULL,NULL,'Tamil Nadu','2000-05-22 00:00:00.000000','tejadharma742@gmail.com',_binary '\0','Dharma ','Male','https://drive.google.com/file/d/1pIUe_QvkhueuNoctaEqLFbPRsKtXELOH/view?usp=drivesdk','NR','Teja K A',NULL,NULL,NULL,'9094166745',_binary '\0','560258',222127,'Tamil Nadu',1,31,31),
(128,NULL,_binary '\0','Tamil Nadu','Tamil Nadu',_binary '\0',NULL,NULL,'Tamil Nadu','2000-04-06 00:00:00.000000','vigneshh642000@gmail.com',_binary '\0','Vignesh ','Male','https://drive.google.com/file/d/1AGNh9KLvEHLCTklA_ngAIS7aXpFFgMob/view?usp=drivesdk','NR','Ramesh',NULL,NULL,NULL,'8072907075',_binary '\0','560259',222128,'Tamil Nadu',1,31,31),
(129,NULL,_binary '\0','Maharashtra','Maharashtra',_binary '\0',NULL,NULL,'Maharashtra','2002-11-25 00:00:00.000000','harshalchute2511@gmail.com',_binary '\0','Harshal ','Male','https://drive.google.com/file/d/1YkPYtez0ZCiydGiSj6IrJDOMsVu7syt9/view?usp=sharing','NR','Vilas Chute',NULL,NULL,NULL,'9356299245',_binary '\0','560262',222129,'Maharashtra',1,21,21),
(130,NULL,_binary '\0','ODISHA','ODISHA',_binary '\0',NULL,NULL,'ODISHA','1998-11-27 00:00:00.000000','munamalik853@gmail.com',_binary '\0','MUNA ','Male','https://drive.google.com/file/d/1SyM4If9vLYTQGuXomR5qoe2LoPhdIvQO/view?usp=drivesdk','NR','MALIK',NULL,NULL,NULL,'9853519687',_binary '\0','560265',222130,'ODISHA',1,26,26),
(131,NULL,_binary '\0','RAJASTHAN ','RAJASTHAN ',_binary '\0',NULL,NULL,'RAJASTHAN ','2003-04-15 00:00:00.000000','pawanmutha1504@gmail.com ',_binary '\0','Pawan','Male','https://drive.google.com/file/d/1w_sqhj8P-IQbqHs19DMYFiEgh02TaMyo/view?usp=drivesdk','NR','MUTHA',NULL,NULL,NULL,'7568047803',_binary '\0','560267',222131,'RAJASTHAN ',1,29,29),
(132,NULL,_binary '\0','uttrakhand ','uttrakhand ',_binary '\0',NULL,NULL,'uttrakhand ','2002-01-14 00:00:00.000000','tusharattri14@gmail.com',_binary '\0','Tushar','Male','https://drive.google.com/file/d/13cFImpHTAfne5xFfuWXdft-2IFRet42j/view?usp=drivesdk','NR',' Attri',NULL,NULL,NULL,'9871566861',_binary '\0','560270',222132,'uttrakhand ',1,34,34),
(133,NULL,_binary '\0','Uttarakhand','Uttarakhand',_binary '\0',NULL,NULL,'Uttarakhand','1998-07-17 00:00:00.000000','rawatarvindyoga98@gmail.com',_binary '\0','Arvind ','Male','https://drive.google.com/file/d/123OtmCVYO4LEcZI_dwnoGaWLne4_TLkx/view?usp=drivesdk','NR','Singh Rawat',NULL,NULL,NULL,'7440856457',_binary '\0','560271',222133,'Uttarakhand',1,34,34),
(134,NULL,_binary '\0','Karnataka','Karnataka',_binary '\0',NULL,NULL,'Karnataka','2001-02-28 00:00:00.000000','raghuyoga7022@gmail.com',_binary '\0','RAGHAVENDRA','Male','https://drive.google.com/file/d/1sq8TWLha6_qTpBZWVDsZjl-Kj6Ev4-qr/view?usp=sharing','NR','.R.O',NULL,NULL,NULL,'7349158684',_binary '\0','560272',222134,'Karnataka',1,16,16),
(135,NULL,_binary '\0','Karnataka','Karnataka',_binary '\0',NULL,NULL,'Karnataka','2000-10-11 00:00:00.000000','sudarshanyogakumara@gmail.com',_binary '\0','SUDARSHAN','Male','https://drive.google.com/file/d/1M1WTZ0_JvHt4J8_EaHVHhn1dqpho3yHc/view?usp=sharing ','NR','  ',NULL,NULL,NULL,'6362563584',_binary '\0','560273',222135,'Karnataka',1,16,16),
(136,NULL,_binary '\0','HARYANA','HARYANA',_binary '\0',NULL,NULL,'HARYANA','2002-10-24 00:00:00.000000','rohityogi606@gmail.com',_binary '\0','Rohit','Male','https://drive.google.com/file/d/1O3zBCl8JK2coGNpiAqFQmcA30mp9kF8V/view?usp=drivesdk','NR','  ',NULL,NULL,NULL,'9053905650',_binary '\0','560275',222136,'HARYANA',1,13,13),
(137,NULL,_binary '\0','Haryana ','Haryana ',_binary '\0',NULL,NULL,'Haryana ','1997-02-18 00:00:00.000000','kamaljerry99@gmail.com',_binary '\0','Kamal','Male','https://drive.google.com/file/d/1ZJ3jedGQD28M4H7dNnaVRUTYJ8InucyJ/view?usp=drivesdk','NR','  ',NULL,NULL,NULL,'9953806646',_binary '\0','560277',222137,'Haryana ',1,13,13),
(138,NULL,_binary '\0','Chandigarh ','Chandigarh ',_binary '\0',NULL,NULL,'Chandigarh ','2001-09-04 00:00:00.000000','devkumar1544@gmail.com',_binary '\0','Dev','Male','https://drive.google.com/file/d/1014q9Utxf2WsKvE5Z9Cl84M0pOoi6h3W/view?usp=drivesdk','NR','  ',NULL,NULL,NULL,'8264608854',_binary '\0','560278',222138,'Chandigarh ',1,6,6),
(139,NULL,_binary '\0','Telangana','Telangana',_binary '\0',NULL,NULL,'Telangana','2003-08-16 00:00:00.000000','yogabhargav54@gmail.com',_binary '\0','B  ','Male','https://drive.google.com/file/d/1D7aKMDcTUlpRMWqqFHUOmC8_jKB7p2jL/view?usp=sharing','NR','Bhargav',NULL,NULL,NULL,'0',_binary '\0','560280',222139,'Telangana',1,32,32),
(140,NULL,_binary '\0','Telangana','Telangana',_binary '\0',NULL,NULL,'Telangana','2000-12-06 00:00:00.000000','prajyothrajput@gmail.com',_binary '\0','Chawhan ','Male','https://drive.google.com/file/d/10NYN6fyzd7mXZ8WSWR9mIjjxokZThL80/view?usp=sharing','NR','Prajyoth Singh',NULL,NULL,NULL,'8309076363',_binary '\0','560281',222140,'Telangana',1,32,32),
(141,NULL,_binary '\0','PUNJAB','PUNJAB',_binary '\0',NULL,NULL,'PUNJAB','1998-04-05 00:00:00.000000','pradeepnautiyal1998@gmail.com',_binary '\0','Pradeep ','Male','https://photos.app.goo.gl/4p3rktvVaDxZD3dh6','NR','Nautiyal',NULL,NULL,NULL,'8449777836',_binary '\0','560282',222141,'PUNJAB',1,28,28),
(142,NULL,_binary '\0','PUNJAB','PUNJAB',_binary '\0',NULL,NULL,'PUNJAB','2004-01-02 00:00:00.000000','devkatariya8366@gmail.com',_binary '\0','Dev ','Male','https://photos.app.goo.gl/megS8RShHbehc3Xk8','NR','Kumar',NULL,NULL,NULL,'7247830991',_binary '\0','560283',222142,'PUNJAB',1,28,28),
(143,NULL,_binary '\0','Odisha','Odisha',_binary '\0',NULL,NULL,'Odisha','1996-05-12 00:00:00.000000','hsahadat227@gmail.com',_binary '\0','Salowar ','Male','https://drive.google.com/file/d/1Sv5k_msYBNWBSRNox1Fyv1GoWRHlTNSe/view?usp=drivesdk','NR','Hossen Piada',NULL,NULL,NULL,'7327080479',_binary '\0','560284',222143,'Odisha',1,26,26),
(144,NULL,_binary '\0','Odisha','Odisha',_binary '\0',NULL,NULL,'Odisha','2003-10-01 00:00:00.000000','narayanrout657@gmail.com ',_binary '\0','Narayan ','Male','https://drive.google.com/file/d/1Tkw3QVf_iZwKk5YO7z1A8_f3zBnmD_WV/view?usp=drivesdk','NR','Rout',NULL,NULL,NULL,'9692324653',_binary '\0','560285',222144,'Odisha',1,26,26),
(145,NULL,_binary '\0','Gujarat','Gujarat',_binary '\0',NULL,NULL,'Gujarat','2002-05-14 00:00:00.000000','udaygajera9747@gmail.com',_binary '\0','UDAY ','Male',NULL,'NR','GAJERA',NULL,NULL,NULL,'7567234718',_binary '\0','560287',222145,'Gujarat',1,11,11),
(146,NULL,_binary '\0','Chandigarh ','Chandigarh ',_binary '\0',NULL,NULL,'Chandigarh ','1999-04-02 00:00:00.000000','yviney33@gmail.com ',_binary '\0','Viney','Male','https://drive.google.com/file/d/1bbMAFersj7HgAQZKOpnmaYZ86NLp7MNo/view?usp=drivesdk','NR','Kumar',NULL,NULL,NULL,'7837968189',_binary '\0','560340',222146,'Chandigarh ',1,6,6),
(147,NULL,_binary '\0','Chandigarh ','Chandigarh ',_binary '\0',NULL,NULL,'Chandigarh ','1997-10-04 00:00:00.000000','giriprabhakar309@gmail.com ',_binary '\0','Parbhakar','Male','https://drive.google.com/file/d/1OC_j3SKg9SJ-laFMLFn4YTsVxVxAaW6q/view?usp=drivesdk','NR','  ',NULL,NULL,NULL,'8427160352',_binary '\0','560341',222147,'Chandigarh ',1,6,6),
(148,NULL,_binary '\0','Chandigarh','Chandigarh',_binary '\0',NULL,NULL,'Chandigarh','2000-10-08 00:00:00.000000','ishwar.ih2000@gmail.com',_binary '\0','Ishwar','Male','https://drive.google.com/file/d/10P5mST5H-fNItJCwKwAOXnPqE4ER_xVY/view?usp=drivesdk','NR','  ',NULL,NULL,NULL,'9815918722',_binary '\0','560342',222148,'Chandigarh',1,6,6),
(149,NULL,_binary '\0','Jharkhand ','Jharkhand ',_binary '\0',NULL,NULL,'Jharkhand ','2000-01-02 00:00:00.000000','kumaramityogoda10@gmail.com',_binary '\0','Amit ','Male','https://drive.google.com/file/d/1OPaZO0JA4R_VANrCFYWMxk-lF7R2VkGQ/view?usp=drivesdk','NR','Kumar',NULL,NULL,NULL,'7256931186',_binary '\0','560349',222149,'Jharkhand ',1,15,15),
(150,NULL,_binary '\0','Jharkhand','Jharkhand',_binary '\0',NULL,NULL,'Jharkhand','1994-10-03 00:00:00.000000','vikashkrgope94@gmail.com',_binary '\0','Vikash','Male','https://drive.google.com/file/d/1m6Ffaf2A5hG2gvS_yGeLXbrc484SrcYG/view?usp=drivesdk','NR',' Kumar Gope',NULL,NULL,NULL,'7484914066',_binary '\0','560350',222150,'Jharkhand',1,15,15),
(151,NULL,_binary '\0','Jharkhand ','Jharkhand ',_binary '\0',NULL,NULL,'Jharkhand ','2002-04-21 00:00:00.000000','rohittk2002@gmail.com',_binary '\0','Rohit','Male','https://drive.google.com/file/d/1OOulKFLx4tjxBOrWYsdDegX1Uxz_WJyi/view?usp=drivesdk','NR',' Kumar',NULL,NULL,NULL,'7494006432',_binary '\0','560351',222151,'Jharkhand ',1,15,15),
(152,NULL,_binary '\0','Jharkhand ','Jharkhand ',_binary '\0',NULL,NULL,'Jharkhand ','1999-05-05 00:00:00.000000','rk228679@gmail.com ',_binary '\0',' Ravi','Male','https://drive.google.com/file/d/1YZvr6aeN0rUAXCJrzPvo2dziF-ihbfOl/view?usp=drivesdk','NR',' Kumar Hai',NULL,NULL,NULL,'7292881727',_binary '\0','560352',222152,'Jharkhand ',1,15,15),
(153,NULL,_binary '\0','Jharkhand ','Jharkhand ',_binary '\0',NULL,NULL,'Jharkhand ','1997-04-06 00:00:00.000000','jha479981@gmail.com',_binary '\0','Pawan ','Male','https://drive.google.com/file/d/1Oj4sMwxnjWnlW1Cna6ok6I-D7GvSdys4/view?usp=drivesdk','NR','Kumar Jha',NULL,NULL,NULL,'7992354365',_binary '\0','560353',222153,'Jharkhand ',1,15,15),
(154,NULL,_binary '\0','Chhattisgarh ','Chhattisgarh ',_binary '\0',NULL,NULL,'Chhattisgarh ','1997-04-02 00:00:00.000000','bhupendrasahu32@gmail.com ',_binary '\0','Bhupendra ','Male','https://drive.google.com/file/d/1BZIvMIqQ0AYYs5mxffiW1lgzfsIPzEBc/view?usp=drivesdk','NR','sahu',NULL,NULL,NULL,'7441155307',_binary '\0','560354',222154,'Chhattisgarh ',1,7,7),
(155,NULL,_binary '\0','CHHATTISGARH ','CHHATTISGARH ',_binary '\0',NULL,NULL,'CHHATTISGARH ','1996-03-29 00:00:00.000000','suraj8889972148@gmail.com',_binary '\0','Suraj ','Male','https://drive.google.com/file/d/1-6x6bkf6PCxKuId3YRbqFEUTIz_Kq2gt/view?usp=drivesdk','NR','Kumar Yadav',NULL,NULL,NULL,'8889972148',_binary '\0','560355',222155,'CHHATTISGARH ',1,7,7),
(156,NULL,_binary '\0','CHHATTISGARH','CHHATTISGARH',_binary '\0',NULL,NULL,'CHHATTISGARH','2002-12-09 00:00:00.000000','prashantsahu0912@gmail.com',_binary '\0','Prashant','Male','https://drive.google.com/file/d/1OWuI53n4xzG_pJfz_cXUOHOOfZ5Ulo7o/view?usp=sharing','NR',' Sahu',NULL,NULL,NULL,'8827795471',_binary '\0','560357',222156,'CHHATTISGARH',1,7,7),
(157,NULL,_binary '\0','GUJARAT','GUJARAT',_binary '\0',NULL,NULL,'GUJARAT','2003-01-18 00:00:00.000000','vaghelamisarg2003@gmail.com',_binary '\0','NISAR','Male',NULL,'NR',' VAGHELA',NULL,NULL,NULL,'8238441904',_binary '\0','560371',222157,'GUJARAT',1,11,11),
(158,NULL,_binary '\0','GUJARAT','GUJARAT',_binary '\0',NULL,NULL,'GUJARAT','2001-09-20 00:00:00.000000','ankitgamdha20@gmail.com',_binary '\0','ANKIT','Male',NULL,'NR',' GAMDHA',NULL,NULL,NULL,'8530651185',_binary '\0','560372',222158,'GUJARAT',1,11,11),
(159,NULL,_binary '\0','GUJARAT','GUJARAT',_binary '\0',NULL,NULL,'GUJARAT','2000-12-31 00:00:00.000000','hadiyalsunil4@gmail.com',_binary '\0','SUNIL ','Male',NULL,'NR','HADIYAL',NULL,NULL,NULL,'8511054341',_binary '\0','560373',222159,'GUJARAT',1,11,11),
(160,'',_binary '\0','Haryana','Haryana',_binary '',NULL,NULL,'Haryana','1999-10-11 00:00:00.000000','rahulkumarjhas809@gmail.com',_binary '','Rahul','Male','https://drive.google.com/file/d/12qwh0RCCvPbkc0GtdTv6CjX-48B9vw84/view?usp=sharing',NULL,' Jha',NULL,NULL,'','8109503496',_binary '','560078',222160,'Haryana',1,13,13);

/* Teams 
   Sequence to be populated */

INSERT INTO `participant_teams`
(id,chest_number,created_time,different_asanas_for_participants,final_score,gender,last_modified_time,name,penalty,sequence_number,status,asana_category_id,age_category_id,championship_id,created_by,last_modified_by)
VALUES
/* Insert Traditional Male */

(1,'3173','2022-10-02 21:19:01.391000',_binary '\0',NULL,'Male',NULL,'TRM-3173',NULL,1,0,1,1,1,1,NULL),
(2,'3103','2022-10-02 21:20:31.902000',_binary '\0',NULL,'Male',NULL,'TRM-3103',NULL,2,0,1,1,1,1,NULL),
(3,'3146','2022-10-02 21:21:24.095000',_binary '\0',NULL,'Male',NULL,'TRM-3146',NULL,3,0,1,1,1,1,NULL),
(4,'3166','2022-10-02 21:22:29.267000',_binary '\0',NULL,'Male',NULL,'TRM-3166',NULL,4,0,1,1,1,1,NULL),
(5,'3140','2022-10-02 21:24:18.550000',_binary '\0',NULL,'Male',NULL,'TRM-3140',NULL,5,0,1,1,1,1,NULL),
(6,'3131','2022-10-02 21:25:20.154000',_binary '\0',NULL,'Male',NULL,'TRM-3131',NULL,6,0,1,1,1,1,NULL),
(7,'3145','2022-10-02 21:26:31.002000',_binary '\0',NULL,'Male',NULL,'TRM-3145',NULL,7,0,1,1,1,1,NULL),
(8,'3141','2022-10-02 21:27:41.823000',_binary '\0',NULL,'Male',NULL,'TRM-3141',NULL,8,0,1,1,1,1,NULL),
(9,'3105','2022-10-02 21:28:28.838000',_binary '\0',NULL,'Male',NULL,'TRM-3105',NULL,9,0,1,1,1,1,NULL),
(10,'3101','2022-10-02 21:29:38.159000',_binary '\0',NULL,'Male',NULL,'TRM-3101',NULL,10,0,1,1,1,1,NULL),
(11,'3167','2022-10-02 21:30:32.213000',_binary '\0',NULL,'Male',NULL,'TRM-3167',NULL,11,0,1,1,1,1,NULL),
(12,'3109','2022-10-02 21:31:53.055000',_binary '\0',NULL,'Male',NULL,'TRM-3109',NULL,12,0,1,1,1,1,NULL),
(13,'3102','2022-10-02 21:33:13.169000',_binary '\0',NULL,'Male',NULL,'TRM-3102',NULL,13,0,1,1,1,1,NULL),
(14,'3162','2022-10-02 21:34:21.845000',_binary '\0',NULL,'Male',NULL,'TRM-3162',NULL,14,0,1,1,1,1,NULL),
(15,'3154','2022-10-02 21:35:28.688000',_binary '\0',NULL,'Male',NULL,'TRM-3154',NULL,15,0,1,1,1,1,NULL),
(16,'TRUTM0016','2022-10-02 21:37:57.350000',_binary '\0',NULL,'Male',NULL,'HQ-Traditional Male ',NULL,16,0,1,1,1,1,NULL),

/* AS MALE */

(17,'3303','2022-10-02 21:39:39.482000',_binary '\0',NULL,'Male',NULL,'ASM-3303',NULL,1,0,2,1,1,1,NULL),
(18,'3350','2022-10-02 21:40:50.094000',_binary '\0',NULL,'Male',NULL,'ASM-3350',NULL,2,0,2,1,1,1,NULL),
(19,'3328','2022-10-02 21:41:46.154000',_binary '\0',NULL,'Male',NULL,'ASM-3328',NULL,3,0,2,1,1,1,NULL),
(20,'3334','2022-10-02 21:42:55.398000',_binary '\0',NULL,'Male',NULL,'ASM-3334',NULL,4,0,2,1,1,1,NULL),
(21,'3321','2022-10-02 21:44:28.748000',_binary '\0',NULL,'Male',NULL,'ASM-3321',NULL,5,0,2,1,1,1,NULL),
(22,'3329','2022-10-02 21:45:45.971000',_binary '\0',NULL,'Male',NULL,'ASM-3329',NULL,6,0,2,1,1,1,NULL),
(23,'3345','2022-10-02 21:46:34.705000',_binary '\0',NULL,'Male',NULL,'ASM-3345',NULL,7,0,2,1,1,1,NULL),
(24,'3339','2022-10-02 21:47:27.454000',_binary '\0',NULL,'Male',NULL,'ASM-3339',NULL,8,0,2,1,1,1,NULL),
(25,'3317','2022-10-02 21:48:40.256000',_binary '\0',NULL,'Male',NULL,'ASM-3317',NULL,9,0,2,1,1,1,NULL),
(26,'3307','2022-10-02 21:57:39.507000',_binary '\0',NULL,'Male',NULL,'ASM-3307',NULL,10,0,2,1,1,1,NULL),
(27,'3326','2022-10-02 21:58:51.964000',_binary '\0',NULL,'Male',NULL,'ASM-3326',NULL,11,0,2,1,1,1,NULL),
(28,'3355','2022-10-02 21:59:43.920000',_binary '\0',NULL,'Male',NULL,'ASM-3355',NULL,12,0,2,1,1,1,NULL),
(29,'3313','2022-10-02 22:00:49.678000',_binary '\0',NULL,'Male',NULL,'ASM-3313',NULL,13,0,2,1,1,1,NULL),
(30,'3346','2022-10-02 22:02:21.307000',_binary '\0',NULL,'Male',NULL,'ASM-3346',NULL,14,0,2,1,1,1,NULL),
(31,'3301','2022-10-02 22:03:14.445000',_binary '\0',NULL,'Male',NULL,'ASM-3301',NULL,15,0,2,1,1,1,NULL),
(32,'3335','2022-10-02 22:05:27.211000',_binary '\0',NULL,'Male',NULL,'ASM-3335',NULL,16,0,2,1,1,1,NULL),

/* AP Male */


(34,'3512','2022-10-03 03:41:32.672000',_binary '',NULL,'Male',NULL,'APM-3512',NULL,1,0,3,1,1,1,NULL),
(35,'3502','2022-10-03 03:44:21.446000',_binary '',NULL,'Male',NULL,'APM-3502',NULL,2,0,3,1,1,1,NULL),
(36,'3508','2022-10-03 03:47:08.269000',_binary '',NULL,'Male',NULL,'APM-3508',NULL,3,0,3,1,1,1,NULL),
(37,'3521','2022-10-03 03:49:00.738000',_binary '',NULL,'Male',NULL,'APM-3521',NULL,4,0,3,1,1,1,NULL),
(38,'3518','2022-10-03 03:50:45.081000',_binary '',NULL,'Male',NULL,'APM-3518',NULL,5,0,3,1,1,1,NULL),
(39,'3524','2022-10-03 04:12:35.569000',_binary '',NULL,'Male',NULL,'APM-3524',NULL,6,0,3,1,1,1,NULL),
(40,'3526','2022-10-03 04:14:20.177000',_binary '',NULL,'Male',NULL,'APM-3526',NULL,7,0,3,1,1,1,NULL),
(41,'3511','2022-10-03 04:16:12.097000',_binary '',NULL,'Male',NULL,'APM-3511',NULL,8,0,3,1,1,1,NULL),
(42,'3506','2022-10-03 04:17:59.842000',_binary '',NULL,'Male',NULL,'APM-3506',NULL,9,0,3,1,1,1,NULL),
(43,'3514','2022-10-03 04:19:39.683000',_binary '',NULL,'Male',NULL,'APM-3514',NULL,10,0,3,1,1,1,NULL),
(44,'3523','2022-10-03 04:21:20.474000',_binary '',NULL,'Male',NULL,'APM-3523',NULL,11,0,3,1,1,1,NULL),
(45,'3519','2022-10-03 04:23:02.175000',_binary '',NULL,'Male',NULL,'APM-3519',NULL,12,0,3,1,1,1,NULL),
(46,'3507','2022-10-03 04:24:47.712000',_binary '',NULL,'Male',NULL,'APM-3507',NULL,13,0,3,1,1,1,NULL),
(47,'3505','2022-10-03 04:27:00.053000',_binary '',NULL,'Male',NULL,'APM-3505',NULL,14,0,3,1,1,1,NULL),
(48,'3510','2022-10-03 04:28:38.278000',_binary '',NULL,'Male',NULL,'APM-3510',NULL,15,0,3,1,1,1,NULL),
(49,'3504','2022-10-03 04:30:18.297000',_binary '',NULL,'Male',NULL,'APM-3504',NULL,16,0,3,1,1,1,NULL),

/* RP Male */

(50,'3712','2022-10-03 04:32:48.869000',_binary '\0',NULL,'Male',NULL,'RPM-3712',NULL,1,0,4,1,1,1,NULL),
(51,'3722','2022-10-03 04:33:56.523000',_binary '\0',NULL,'Male',NULL,'RPM-3722',NULL,2,0,4,1,1,1,NULL),
(52,'3702','2022-10-03 04:35:11.266000',_binary '\0',NULL,'Male',NULL,'RPM-3702',NULL,3,0,4,1,1,1,NULL),
(53,'3708','2022-10-03 04:36:21.128000',_binary '\0',NULL,'Male',NULL,'RPM-3708',NULL,4,0,4,1,1,1,NULL),
(54,'3709','2022-10-03 04:37:41.934000',_binary '\0',NULL,'Male',NULL,'RPM-3709',NULL,5,0,4,1,1,1,NULL),
(55,'3717','2022-10-03 04:39:01.276000',_binary '\0',NULL,'Male',NULL,'RPM-3717',NULL,6,0,4,1,1,1,NULL),
(56,'3713','2022-10-03 04:42:21.691000',_binary '\0',NULL,'Male',NULL,'RPM-3713',NULL,7,0,4,1,1,1,NULL),
(57,'3720','2022-10-03 04:43:56.828000',_binary '\0',NULL,'Male',NULL,'RPM-3720',NULL,8,0,4,1,1,1,NULL),
(58,'3718','2022-10-03 04:45:18.430000',_binary '\0',NULL,'Male',NULL,'RPM-3718',NULL,9,0,4,1,1,1,NULL),
(59,'3701','2022-10-03 04:46:32.360000',_binary '\0',NULL,'Male',NULL,'RPM-3701',NULL,10,0,4,1,1,1,NULL),
(60,'3711','2022-10-03 04:51:13.380000',_binary '\0',NULL,'Male',NULL,'RPM-3711',NULL,11,0,4,1,1,1,NULL),
(61,'3705','2022-10-03 04:52:30.919000',_binary '\0',NULL,'Male',NULL,'RPM-3705',NULL,12,0,4,1,1,1,NULL),
(62,'3703','2022-10-03 04:53:52.048000',_binary '\0',NULL,'Male',NULL,'RPM-3703',NULL,13,0,4,1,1,1,NULL),
(63,'3715','2022-10-03 04:55:18.217000',_binary '\0',NULL,'Male',NULL,'RPM-3715',NULL,14,0,4,1,1,1,NULL),
(64,'3719','2022-10-03 04:56:31.877000',_binary '\0',NULL,'Male',NULL,'RPM-3719',NULL,15,0,4,1,1,1,NULL),
(65,'RPUTM0016','2022-10-03 04:58:01.557000',_binary '\0',NULL,'Male',NULL,'HQ-Rhythmic Pair Male',NULL,16,0,4,1,1,1,NULL),

/* AG Group Male */

(66,'7006','2022-10-03 05:00:29.107000',_binary '\0',NULL,'Male',NULL,'AGM-7006',NULL,1,0,5,1,1,1,NULL),
(67,'7001','2022-10-03 05:06:06.208000',_binary '\0',NULL,'Male',NULL,'AGM-7001',NULL,2,0,5,1,1,1,NULL),
(68,'7003','2022-10-03 05:08:22.746000',_binary '\0',NULL,'Male',NULL,'AGM-7003',NULL,3,0,5,1,1,1,NULL),
(69,'7004','2022-10-03 05:12:10.235000',_binary '\0',NULL,'Male',NULL,'AGM-7004',NULL,4,0,5,1,1,1,NULL),
(70,'7002','2022-10-03 05:14:15.612000',_binary '\0',NULL,'Male',NULL,'AGM-7002',NULL,5,0,5,1,1,1,NULL),
(71,'7005','2022-10-03 05:15:55.558000',_binary '\0',NULL,'Male',NULL,'AGM-7005',NULL,6,0,5,1,1,1,NULL),
(72,'7007','2022-10-03 05:18:03.705000',_binary '\0',NULL,'Male',NULL,'AGM-7007',NULL,7,0,5,1,1,1,NULL),
(73,'AGUTM0008','2022-10-03 05:19:55.734000',_binary '\0',NULL,'Male',NULL,'HQ-Artistic Group Male',NULL,8,0,5,1,1,1,NULL),

/* Traditional FEMALE */

(74,'3051','2022-10-03 05:31:17.108000',_binary '\0',NULL,'Female',NULL,'TRF-3051',NULL,1,0,1,1,1,1,NULL),
(75,'3035','2022-10-03 05:32:43.292000',_binary '\0',NULL,'Female',NULL,'TRF-3035',NULL,2,0,1,1,1,1,NULL),
(76,'3031','2022-10-03 05:48:51.172000',_binary '\0',NULL,'Female',NULL,'TRF-3031',NULL,3,0,1,1,1,1,NULL),
(77,'3073','2022-10-03 05:49:44.016000',_binary '\0',NULL,'Female',NULL,'TRF-3073',NULL,4,0,1,1,1,1,NULL),
(78,'3044','2022-10-03 05:50:24.635000',_binary '\0',NULL,'Female',NULL,'TRF-3044',NULL,5,0,1,1,1,1,NULL),
(79,'3039','2022-10-03 05:50:53.610000',_binary '\0',NULL,'Female',NULL,'TRF-3039',NULL,6,0,1,1,1,1,NULL),
(80,'3005','2022-10-03 05:51:32.424000',_binary '\0',NULL,'Female',NULL,'TRF-3005',NULL,7,0,1,1,1,1,NULL),
(81,'3008','2022-10-03 05:52:11.563000',_binary '\0',NULL,'Female',NULL,'TRF-3008',NULL,8,0,1,1,1,1,NULL),
(82,'3012','2022-10-03 05:52:41.519000',_binary '\0',NULL,'Female',NULL,'TRF-3012',NULL,9,0,1,1,1,1,NULL),
(83,'3048','2022-10-03 05:53:12.549000',_binary '\0',NULL,'Female',NULL,'TRF-3048',NULL,10,0,1,1,1,1,NULL),
(84,'3032','2022-10-03 05:53:51.351000',_binary '\0',NULL,'Female',NULL,'TRF-3032',NULL,11,0,1,1,1,1,NULL),
(85,'3010','2022-10-03 05:54:22.455000',_binary '\0',NULL,'Female',NULL,'TRF-3010',NULL,12,0,1,1,1,1,NULL),
(86,'3062','2022-10-03 05:54:56.270000',_binary '\0',NULL,'Female',NULL,'TRF-3062',NULL,13,0,1,1,1,1,NULL),
(87,'3066','2022-10-03 05:55:24.234000',_binary '\0',NULL,'Female',NULL,'TRF-3066',NULL,14,0,1,1,1,1,NULL),
(88,'3071','2022-10-03 05:55:51.038000',_binary '\0',NULL,'Female',NULL,'TRF-3071',NULL,15,0,1,1,1,1,NULL),
(89,'TRUTF0016','2022-10-03 05:56:43.915000',_binary '\0',NULL,'Female',NULL,'HQ-Traditional Female',NULL,16,0,1,1,1,1,NULL),
/* AS Female */


(90,'3254','2022-10-03 08:08:18.628000',_binary '\0',NULL,'Female',NULL,'ASF-3254',NULL,1,0,2,1,1,1,NULL),
(91,'3210','2022-10-03 08:08:57.112000',_binary '\0',NULL,'Female',NULL,'ASF-3210',NULL,2,0,2,1,1,1,NULL),
(92,'3223','2022-10-03 08:09:25.923000',_binary '\0',NULL,'Female',NULL,'ASF-3223',NULL,3,0,2,1,1,1,NULL),
(93,'3246','2022-10-03 08:10:03.364000',_binary '\0',NULL,'Female',NULL,'ASF-3246',NULL,4,0,2,1,1,1,NULL),
(94,'3231','2022-10-03 08:10:32.196000',_binary '\0',NULL,'Female',NULL,'ASF-3231',NULL,5,0,2,1,1,1,NULL),
(95,'3217','2022-10-03 08:11:09.612000',_binary '\0',NULL,'Female',NULL,'ASF-3217',NULL,6,0,2,1,1,1,NULL),
(96,'3238','2022-10-03 08:11:41.501000',_binary '\0',NULL,'Female',NULL,'ASF-3238',NULL,7,0,2,1,1,1,NULL),
(97,'3220','2022-10-03 08:12:07.773000',_binary '\0',NULL,'Female',NULL,'ASF-3220',NULL,8,0,2,1,1,1,NULL),
(98,'3234','2022-10-03 08:12:35.751000',_binary '\0',NULL,'Female',NULL,'ASF-3234',NULL,9,0,2,1,1,1,NULL),
(99,'3235','2022-10-03 08:13:04.015000',_binary '\0',NULL,'Female',NULL,'ASF-3235',NULL,10,0,2,1,1,1,NULL),
(100,'3240','2022-10-03 08:13:32.017000',_binary '\0',NULL,'Female',NULL,'ASF-3240',NULL,11,0,2,1,1,1,NULL),
(101,'3219','2022-10-03 08:14:07.773000',_binary '\0',NULL,'Female',NULL,'ASF-3219',NULL,12,0,2,1,1,1,NULL),
(102,'3224','2022-10-03 08:14:52.532000',_binary '\0',NULL,'Female',NULL,'ASF-3224',NULL,13,0,2,1,1,1,NULL),
(103,'3232','2022-10-03 08:15:26.762000',_binary '\0',NULL,'Female',NULL,'ASF-3232',NULL,14,0,2,1,1,1,NULL),
(104,'3204','2022-10-03 08:15:56.943000',_binary '\0',NULL,'Female',NULL,'ASF-3204',NULL,15,0,2,1,1,1,NULL),
(105,'3216','2022-10-03 08:16:29.070000',_binary '\0',NULL,'Female',NULL,'ASF-3216',NULL,16,0,2,1,1,1,NULL),
/* AP FEMALE */

(106,'3421','2022-10-03 08:18:27.053000',_binary '',NULL,'Female',NULL,'APF-3421',NULL,1,0,3,1,1,1,NULL),
(107,'3401','2022-10-03 08:19:34.376000',_binary '',NULL,'Female','2022-10-03 08:20:24.646000','APF-3401',NULL,2,0,3,1,1,1,1),
(108,'3425','2022-10-03 08:20:08.847000',_binary '',NULL,'Female',NULL,'APF-3425',NULL,3,0,3,1,1,1,NULL),
(109,'3424','2022-10-03 08:21:29.414000',_binary '',NULL,'Female',NULL,'APF-3424',NULL,4,0,3,1,1,1,NULL),
(110,'3423','2022-10-03 08:22:06.770000',_binary '',NULL,'Female',NULL,'APF-3423',NULL,5,0,3,1,1,1,NULL),
(111,'3419','2022-10-03 08:23:09.285000',_binary '',NULL,'Female',NULL,'APF-3419',NULL,6,0,3,1,1,1,NULL),
(112,'3409','2022-10-03 08:23:41.997000',_binary '',NULL,'Female',NULL,'APF-3409',NULL,7,0,3,1,1,1,NULL),
(113,'3403','2022-10-03 08:24:18.439000',_binary '',NULL,'Female',NULL,'APF-3403',NULL,8,0,3,1,1,1,NULL),
(114,'3414','2022-10-03 08:24:55.283000',_binary '',NULL,'Female',NULL,'APF-3414',NULL,9,0,3,1,1,1,NULL),
(115,'3402','2022-10-03 08:25:28.436000',_binary '',NULL,'Female',NULL,'APF-3402',NULL,10,0,3,1,1,1,NULL),
(116,'3417','2022-10-03 08:26:07.963000',_binary '',NULL,'Female',NULL,'APF-3417',NULL,11,0,3,1,1,1,NULL),
(117,'3418','2022-10-03 08:26:55.187000',_binary '',NULL,'Female',NULL,'APF-3418',NULL,12,0,3,1,1,1,NULL),
(118,'3411','2022-10-03 08:27:35.620000',_binary '',NULL,'Female',NULL,'APF-3411',NULL,13,0,3,1,1,1,NULL),
(119,'3406','2022-10-03 08:28:07.250000',_binary '',NULL,'Female',NULL,'APF-3406',NULL,14,0,3,1,1,1,NULL),
(120,'3428','2022-10-03 08:28:42.041000',_binary '',NULL,'Female',NULL,'APF-3428',NULL,15,0,3,1,1,1,NULL),
(121,'APUTF0016','2022-10-03 08:29:37.113000',_binary '',NULL,'Female',NULL,'HQ-Artistic Pair Female',NULL,16,0,3,1,1,1,NULL),
/* RP Female */

(122,'3610','2022-10-03 08:30:46.676000',_binary '\0',NULL,'Female',NULL,'RPF-3610',NULL,1,0,4,1,1,1,NULL),
(123,'3607','2022-10-03 08:36:27.001000',_binary '\0',NULL,'Female',NULL,'RPF-3607',NULL,2,0,4,1,1,1,NULL),
(124,'3620','2022-10-03 08:38:05.417000',_binary '\0',NULL,'Female',NULL,'RPF-3620',NULL,3,0,4,1,1,1,NULL),
(125,'3622','2022-10-03 08:38:54.852000',_binary '\0',NULL,'Female',NULL,'RPF-3622',NULL,4,0,4,1,1,1,NULL),
(126,'3601','2022-10-03 08:39:29.663000',_binary '\0',NULL,'Female',NULL,'RPF-3601',NULL,5,0,4,1,1,1,NULL),
(127,'3602','2022-10-03 08:40:08.481000',_binary '\0',NULL,'Female',NULL,'RPF-3602',NULL,6,0,4,1,1,1,NULL),
(128,'3617','2022-10-03 08:40:40.544000',_binary '\0',NULL,'Female',NULL,'RPF-3617',NULL,7,0,4,1,1,1,NULL),
(129,'3609','2022-10-03 08:41:19.624000',_binary '\0',NULL,'Female',NULL,'RPF-3609',NULL,8,0,4,1,1,1,NULL),
(130,'3605','2022-10-03 08:41:54.600000',_binary '\0',NULL,'Female',NULL,'RPF-3605',NULL,9,0,4,1,1,1,NULL),
(131,'3624','2022-10-03 08:42:22.876000',_binary '\0',NULL,'Female',NULL,'RPF-3624',NULL,10,0,4,1,1,1,NULL),
(132,'3612','2022-10-03 08:42:55.824000',_binary '\0',NULL,'Female',NULL,'RPF-3612',NULL,11,0,4,1,1,1,NULL),
(133,'3623','2022-10-03 08:43:25.043000',_binary '\0',NULL,'Female',NULL,'RPF-3623',NULL,12,0,4,1,1,1,NULL),
(134,'3615','2022-10-03 08:43:53.523000',_binary '\0',NULL,'Female',NULL,'RPF-3615',NULL,13,0,4,1,1,1,NULL),
(135,'3606','2022-10-03 08:44:23.423000',_binary '\0',NULL,'Female',NULL,'RPF-3606',NULL,14,0,4,1,1,1,NULL),
(136,'3604','2022-10-03 08:44:52.311000',_binary '\0',NULL,'Female',NULL,'RPF-3604',NULL,15,0,4,1,1,1,NULL),
(137,'RPUTF0016','2022-10-03 08:45:38.738000',_binary '\0',NULL,'Female',NULL,'HQ-Rhythmic Pair Female',NULL,16,0,4,1,1,1,NULL),

/* AG Female */

(138,'6006','2022-10-03 08:46:29.094000',_binary '\0',NULL,'Female',NULL,'AGF-6006',NULL,1,0,5,1,1,1,NULL),
(139,'6007','2022-10-03 08:47:02.258000',_binary '\0',NULL,'Female',NULL,'AGF-6007',NULL,2,0,5,1,1,1,NULL),
(140,'6003','2022-10-03 08:47:34.826000',_binary '\0',NULL,'Female',NULL,'AGF-6003',NULL,3,0,5,1,1,1,NULL),
(141,'6001','2022-10-03 08:48:04.962000',_binary '\0',NULL,'Female',NULL,'AGF-6001',NULL,4,0,5,1,1,1,NULL),
(142,'6005','2022-10-03 08:48:37.115000',_binary '\0',NULL,'Female',NULL,'AGF-6005',NULL,5,0,5,1,1,1,NULL),
(143,'6004','2022-10-03 08:49:05.603000',_binary '\0',NULL,'Female',NULL,'AGF-6004',NULL,6,0,5,1,1,1,NULL),
(144,'6008','2022-10-03 08:49:41.032000',_binary '\0',NULL,'Female',NULL,'AGF-6008',NULL,7,0,5,1,1,1,NULL),
(145,'AGUTF0008','2022-10-03 08:50:17.641000',_binary '\0',NULL,'Female',NULL,'HQ-Artistic Group Female',NULL,8,0,5,1,1,1,NULL);

INSERT INTO `championship_participant_teams`
(id,execution_time,status,championship_rounds_id,participant_teams_id,user_id)
VALUES 
/* Male Tradtional */
(1,NULL,'SCHEDULED',1,1,NULL),
(2,NULL,'SCHEDULED',1,2,NULL),
(3,NULL,'SCHEDULED',1,3,NULL),
(4,NULL,'SCHEDULED',1,4,NULL),
(5,NULL,'SCHEDULED',1,5,NULL),
(6,NULL,'SCHEDULED',1,6,NULL),
(7,NULL,'SCHEDULED',1,7,NULL),
(8,NULL,'SCHEDULED',1,8,NULL),
(9,NULL,'SCHEDULED',1,9,NULL),
(10,NULL,'SCHEDULED',1,10,NULL),
(11,NULL,'SCHEDULED',1,11,NULL),
(12,NULL,'SCHEDULED',1,12,NULL),
(13,NULL,'SCHEDULED',1,13,NULL),
(14,NULL,'SCHEDULED',1,14,NULL),
(15,NULL,'SCHEDULED',1,15,NULL),
(16,NULL,'SCHEDULED',1,16,NULL),
/* Male Tradtional */

(17,NULL,'SCHEDULED',3,17,NULL),
(18,NULL,'SCHEDULED',3,18,NULL),
(19,NULL,'SCHEDULED',3,19,NULL),
(20,NULL,'SCHEDULED',3,20,NULL),
(21,NULL,'SCHEDULED',3,21,NULL),
(22,NULL,'SCHEDULED',3,22,NULL),
(23,NULL,'SCHEDULED',3,23,NULL),
(24,NULL,'SCHEDULED',3,24,NULL),
(25,NULL,'SCHEDULED',3,25,NULL),
(26,NULL,'SCHEDULED',3,26,NULL),
(27,NULL,'SCHEDULED',3,27,NULL),
(28,NULL,'SCHEDULED',3,28,NULL),
(29,NULL,'SCHEDULED',3,29,NULL),
(30,NULL,'SCHEDULED',3,30,NULL),
(31,NULL,'SCHEDULED',3,31,NULL),
(32,NULL,'SCHEDULED',3,32,NULL),
/* AP Male */

(34,NULL,'SCHEDULED',5,34,NULL),
(35,NULL,'SCHEDULED',5,35,NULL),
(36,NULL,'SCHEDULED',5,36,NULL),
(37,NULL,'SCHEDULED',5,37,NULL),
(38,NULL,'SCHEDULED',5,38,NULL),
(39,NULL,'SCHEDULED',5,39,NULL),
(40,NULL,'SCHEDULED',5,40,NULL),
(41,NULL,'SCHEDULED',5,41,NULL),
(42,NULL,'SCHEDULED',5,42,NULL),
(43,NULL,'SCHEDULED',5,43,NULL),
(44,NULL,'SCHEDULED',5,44,NULL),
(45,NULL,'SCHEDULED',5,45,NULL),
(46,NULL,'SCHEDULED',5,46,NULL),
(47,NULL,'SCHEDULED',5,47,NULL),
(48,NULL,'SCHEDULED',5,48,NULL),
(49,NULL,'SCHEDULED',5,49,NULL),
/* AP Male */

(50,NULL,'SCHEDULED',7,50,NULL),
(51,NULL,'SCHEDULED',7,51,NULL),
(52,NULL,'SCHEDULED',7,52,NULL),
(53,NULL,'SCHEDULED',7,53,NULL),
(54,NULL,'SCHEDULED',7,54,NULL),
(55,NULL,'SCHEDULED',7,55,NULL),
(56,NULL,'SCHEDULED',7,56,NULL),
(57,NULL,'SCHEDULED',7,57,NULL),
(58,NULL,'SCHEDULED',7,58,NULL),
(59,NULL,'SCHEDULED',7,59,NULL),
(60,NULL,'SCHEDULED',7,60,NULL),
(61,NULL,'SCHEDULED',7,61,NULL),
(62,NULL,'SCHEDULED',7,62,NULL),
(63,NULL,'SCHEDULED',7,63,NULL),
(64,NULL,'SCHEDULED',7,64,NULL),
(65,NULL,'SCHEDULED',7,65,NULL),
/*AG MAle*/
(66,NULL,'SCHEDULED',9,66,NULL),
(67,NULL,'SCHEDULED',9,67,NULL),
(68,NULL,'SCHEDULED',9,68,NULL),
(69,NULL,'SCHEDULED',9,69,NULL),
(70,NULL,'SCHEDULED',9,70,NULL),
(71,NULL,'SCHEDULED',9,71,NULL),
(72,NULL,'SCHEDULED',9,72,NULL),
(73,NULL,'SCHEDULED',9,73,NULL),
/* Traditional FEMALE */

(74,NULL,'SCHEDULED',11,74,NULL),
(75,NULL,'SCHEDULED',11,75,NULL),
(76,NULL,'SCHEDULED',11,76,NULL),
(77,NULL,'SCHEDULED',11,77,NULL),
(78,NULL,'SCHEDULED',11,78,NULL),
(79,NULL,'SCHEDULED',11,79,NULL),
(80,NULL,'SCHEDULED',11,80,NULL),
(81,NULL,'SCHEDULED',11,81,NULL),
(82,NULL,'SCHEDULED',11,82,NULL),
(83,NULL,'SCHEDULED',11,83,NULL),
(84,NULL,'SCHEDULED',11,84,NULL),
(85,NULL,'SCHEDULED',11,85,NULL),
(86,NULL,'SCHEDULED',11,86,NULL),
(87,NULL,'SCHEDULED',11,87,NULL),
(88,NULL,'SCHEDULED',11,88,NULL),
(89,NULL,'SCHEDULED',11,89,NULL),
/* AS Female */

(90,NULL,'SCHEDULED',13,90,NULL),
(91,NULL,'SCHEDULED',13,91,NULL),
(92,NULL,'SCHEDULED',13,92,NULL),
(93,NULL,'SCHEDULED',13,93,NULL),
(94,NULL,'SCHEDULED',13,94,NULL),
(95,NULL,'SCHEDULED',13,95,NULL),
(96,NULL,'SCHEDULED',13,96,NULL),
(97,NULL,'SCHEDULED',13,97,NULL),
(98,NULL,'SCHEDULED',13,98,NULL),
(99,NULL,'SCHEDULED',13,99,NULL),
(100,NULL,'SCHEDULED',13,100,NULL),
(101,NULL,'SCHEDULED',13,101,NULL),
(102,NULL,'SCHEDULED',13,102,NULL),
(103,NULL,'SCHEDULED',13,103,NULL),
(104,NULL,'SCHEDULED',13,104,NULL),
(105,NULL,'SCHEDULED',13,105,NULL),
/* AP FEMALE */

(106,NULL,'SCHEDULED',15,106,NULL),
(107,NULL,'SCHEDULED',15,107,NULL),
(108,NULL,'SCHEDULED',15,108,NULL),
(109,NULL,'SCHEDULED',15,109,NULL),
(110,NULL,'SCHEDULED',15,110,NULL),
(111,NULL,'SCHEDULED',15,111,NULL),
(112,NULL,'SCHEDULED',15,112,NULL),
(113,NULL,'SCHEDULED',15,113,NULL),
(114,NULL,'SCHEDULED',15,114,NULL),
(115,NULL,'SCHEDULED',15,115,NULL),
(116,NULL,'SCHEDULED',15,116,NULL),
(117,NULL,'SCHEDULED',15,117,NULL),
(118,NULL,'SCHEDULED',15,118,NULL),
(119,NULL,'SCHEDULED',15,119,NULL),
(120,NULL,'SCHEDULED',15,120,NULL),
(121,NULL,'SCHEDULED',15,121,NULL),
/* RP Female */

(122,NULL,'SCHEDULED',17,122,NULL),
(123,NULL,'SCHEDULED',17,123,NULL),
(124,NULL,'SCHEDULED',17,124,NULL),
(125,NULL,'SCHEDULED',17,125,NULL),
(126,NULL,'SCHEDULED',17,126,NULL),
(127,NULL,'SCHEDULED',17,127,NULL),
(128,NULL,'SCHEDULED',17,128,NULL),
(129,NULL,'SCHEDULED',17,129,NULL),
(130,NULL,'SCHEDULED',17,130,NULL),
(131,NULL,'SCHEDULED',17,131,NULL),
(132,NULL,'SCHEDULED',17,132,NULL),
(133,NULL,'SCHEDULED',17,133,NULL),
(134,NULL,'SCHEDULED',17,134,NULL),
(135,NULL,'SCHEDULED',17,135,NULL),
(136,NULL,'SCHEDULED',17,136,NULL),
(137,NULL,'SCHEDULED',17,137,NULL),
/* AG Female */

(138,NULL,'SCHEDULED',19,138,NULL),
(139,NULL,'SCHEDULED',19,139,NULL),
(140,NULL,'SCHEDULED',19,140,NULL),
(141,NULL,'SCHEDULED',19,141,NULL),
(142,NULL,'SCHEDULED',19,142,NULL),
(143,NULL,'SCHEDULED',19,143,NULL),
(144,NULL,'SCHEDULED',19,144,NULL),
(145,NULL,'SCHEDULED',19,145,NULL);


/* Assign Participants to Teams */

INSERT INTO `participantteam_participants`(`id`,`sequence_number`,`participant_id`,`participantteam_id`)VALUES 
(1,1,80,1),
(2,2,81,2),
(3,3,82,3),
(4,4,83,4),
(5,5,84,5),
(6,6,85,6),
(7,7,86,7),
(8,8,87,8),
(9,9,88,9),
(10,10,89,10),
(11,11,90,11),
(12,12,91,12),
(13,13,92,13),
(14,14,93,14),
(15,15,94,15),
(16,16,95,16),
(17,17,81,17),
(18,18,80,18),
(19,19,82,19),
(20,20,96,20),
(21,21,87,21),
(22,22,97,22),
(23,23,90,23),
(24,24,98,24),
(25,25,85,25),
(26,26,99,26),
(27,27,100,27),
(28,28,101,28),
(29,29,102,29),
(30,30,103,30),
(31,31,104,31),
(32,32,105,32),
(33,33,84,34),
(34,34,97,34),
(35,36,87,35),
(36,35,81,35),
(37,37,106,36),
(38,38,107,36),
(39,39,93,37),
(40,40,83,37),
(41,41,160,38),
(42,42,98,38),
(43,43,80,39),
(44,44,108,39),
(45,45,109,40),
(46,46,110,40),
(47,47,111,41),
(48,48,91,41),
(49,49,112,42),
(50,50,113,42),
(51,51,114,43),
(52,52,115,43),
(53,53,103,44),
(54,54,116,44),
(55,55,117,45),
(56,56,118,45),
(57,57,119,46),
(58,58,120,46),
(59,59,121,47),
(60,60,122,47),
(61,61,123,48),
(62,62,124,48),
(63,63,125,49),
(64,64,126,49),
(65,65,84,50),
(66,66,97,50),
(67,67,127,51),
(68,68,128,51),
(69,69,81,52),
(70,70,87,52),
(71,71,129,53),
(72,72,80,53),
(73,73,123,54),
(74,74,130,54),
(75,75,105,55),
(76,76,131,55),
(77,77,114,56),
(78,78,115,56),
(79,79,132,57),
(80,80,133,57),
(81,81,134,58),
(82,82,135,58),
(83,83,104,59),
(84,84,136,59),
(85,85,111,60),
(86,86,137,60),
(87,87,138,61),
(88,88,101,61),
(89,89,139,62),
(90,90,140,62),
(91,91,141,63),
(92,92,142,63),
(93,93,143,64),
(94,94,144,64),
(95,95,95,65),
(96,96,145,65),
(97,97,129,66),
(98,101,84,66),
(99,100,82,66),
(100,99,97,66),
(101,98,80,66),
(102,102,101,67),
(103,106,138,67),
(104,105,148,67),
(105,104,147,67),
(106,103,146,67),
(107,107,104,68),
(108,111,92,68),
(109,109,137,68),
(110,108,111,68),
(111,110,136,68),
(112,115,152,69),
(113,112,149,69),
(114,116,153,69),
(115,114,151,69),
(116,113,150,69),
(117,117,154,70),
(118,121,119,70),
(119,120,156,70),
(120,119,120,70),
(121,118,155,70),
(122,122,121,71),
(123,126,86,71),
(124,125,117,71),
(125,124,122,71),
(126,123,90,71),
(127,127,107,72),
(128,130,133,72),
(129,129,106,72),
(130,128,114,72),
(131,131,132,72),
(132,135,158,73),
(133,133,116,73),
(134,134,157,73),
(135,132,103,73),
(136,136,159,73),
(137,137,1,74),
(138,138,2,75),
(139,139,3,76),
(140,140,4,77),
(141,141,5,78),
(142,142,6,79),
(143,143,7,80),
(144,144,8,81),
(145,145,9,82),
(146,146,10,83),
(147,147,11,84),
(148,148,12,85),
(149,149,13,86),
(150,150,14,87),
(151,151,15,88),
(152,152,16,89),
(153,153,4,90),
(154,154,8,91),
(155,155,3,92),
(156,156,1,93),
(157,157,17,94),
(158,158,18,95),
(159,159,5,96),
(160,160,19,97),
(161,161,20,98),
(162,162,21,99),
(163,163,22,100),
(164,164,23,101),
(165,165,24,102),
(166,166,25,103),
(167,167,26,104),
(168,168,27,105),
(169,169,5,106),
(170,170,28,106),
(171,171,29,107),
(172,172,17,107),
(173,173,30,108),
(174,174,26,108),
(175,175,31,109),
(176,176,20,109),
(177,177,32,110),
(178,178,23,110),
(179,179,10,111),
(180,180,6,111),
(181,181,33,112),
(182,182,34,112),
(183,183,35,113),
(184,184,36,113),
(185,185,37,114),
(186,186,38,114),
(187,187,39,115),
(188,188,40,115),
(189,189,41,116),
(190,190,42,116),
(191,191,43,117),
(192,192,44,117),
(193,193,18,118),
(194,194,45,118),
(195,195,46,119),
(196,196,12,119),
(197,197,47,120),
(198,198,48,120),
(199,199,49,121),
(200,200,50,121),
(201,201,3,122),
(202,202,21,122),
(203,203,51,123),
(204,204,8,123),
(205,205,31,124),
(206,206,20,124),
(207,207,30,125),
(208,208,26,125),
(209,209,29,126),
(210,210,17,126),
(211,211,52,127),
(212,212,53,127),
(213,213,6,128),
(214,214,10,128),
(215,215,37,129),
(216,216,38,129),
(217,217,54,130),
(218,218,55,130),
(219,219,56,131),
(220,220,57,131),
(221,221,41,132),
(222,222,58,132),
(223,223,59,133),
(224,224,60,133),
(225,225,61,134),
(226,226,62,134),
(227,227,27,135),
(228,228,63,135),
(229,229,64,136),
(230,230,65,136),
(231,231,16,137),
(232,232,19,137),
(233,235,28,138),
(234,233,8,138),
(235,237,51,138),
(236,236,20,138),
(237,234,5,138),
(238,238,33,139),
(239,242,9,139),
(240,241,17,139),
(241,240,34,139),
(242,239,4,139),
(243,245,46,140),
(244,243,12,140),
(245,247,11,140),
(246,246,55,140),
(247,244,13,140),
(248,248,68,141),
(249,252,58,141),
(250,251,24,141),
(251,250,41,141),
(252,249,42,141),
(253,253,39,142),
(254,257,40,142),
(255,256,70,142),
(256,255,1,142),
(257,254,69,142),
(258,258,71,143),
(259,261,74,143),
(260,260,73,143),
(261,262,75,143),
(262,259,72,143),
(263,263,52,144),
(264,264,76,144),
(265,267,53,144),
(266,265,77,144),
(267,266,30,144),
(268,270,78,145),
(269,271,79,145),
(270,268,50,145),
(271,269,19,145),
(272,272,16,145);

/* Questions */

INSERT INTO `asana_evaluation_questions` (`id`,`common_for_each_participant`,`created_time`,`for_each_asana`,`last_modified_time`,`question`,`reference_marks`,`championship_id`,`championship_category_id`,`created_by`,`last_modified_by`,`role_id`) VALUES 
(1,_binary '\0','2022-05-26 11:08:14.160000',_binary '','2022-05-26 12:21:20.608000','\r\nAccuracy of Posture - 4 Marks\r\na) Stretch, Bend, Curve, Twist\r\nb) Palm, Toes, Fingers perfection\r\nc) Alignment, symmetry, Tiltness\r\nd) Face Direction\r\n\r\nTime consumed and process followed to reach the final position and reaching back to normal position.\r\nSmooth Movements - 2 Marks\r\na) Smooth movements\r\nb) No Jerks\r\nc) No excess Stretching \r\nd) No supported movements',6,1,1,1,1,3 ), 
(2,_binary '\0','2022-05-26 11:11:06.644000',_binary '','2022-05-26 12:27:51.339000','Stability/ Tremblinglessness -1 Marks\r\na) Hand/ leg muscles stability\r\nb) Abdominal muscles stability\r\nc) Face stability\r\nd) Normal Breathing\r\n\r\nStresslessnes, Grace & Presentation-1 Marks\r\na) Expression (Smile, Eye Position, Closed Mouth)\r\nb) Decent Makeup/ Costume\r\nc) Walking/ Standing/ Greeting\r\nd) Confidence, Calmness',2,1,1,1,1,3 ), 
(3,_binary '\0','2022-05-26 11:08:59.676000',_binary '','2022-05-26 12:27:09.307000','\r\nAccuracy of Posture - 4 Marks\r\na) Stretch, Bend, Curve, Twist\r\nb) Palm, Toes, Fingers perfection\r\nc) Alignment, symmetry, Tiltness\r\nd) Face Direction\r\n\r\nTime consumed and process followed to reach the final \r\nposition and reaching back to normal position.\r\nSmooth Movements - 2 Marks\r\na) Smooth movements\r\nb) No Jerks\r\nc) No excess Stretching \r\nd) No supported movements',6,1,6,1,1,3 ), 
(4,_binary '\0','2022-05-26 11:12:55.137000',_binary '','2022-05-26 12:28:20.014000','Stability/ Tremblinglessness -1 Marks\r\na) Hand/ leg muscles stability\r\nb) Abdominal muscles stability\r\nc) Face stability\r\nd) Normal Breathing\r\n\r\nStresslessnes, Grace & Presentation-1 Marks\r\na) Expression (Smile, Eye Position, Closed Mouth)\r\nb) Decent Makeup/ Costume\r\nc) Walking/ Standing/ Greeting\r\nd) Confidence, Calmness',2,1,6,1,1,3 ), 
(5,_binary '','2022-05-26 11:22:09.431000',_binary '',NULL,'a) 100% holding time is compulsory for athletes.\r\nb) For holding time of 75% and more, the marks will be given as per Annexure I.\r\nc) For holding time less than 75 %, then deduction of 1 mark will be done and athletes has to perform again i.e 2nd attempt.\r\nd) In case of 2nd attempt, for holding time of 75% and more will be given marks as per Annexure II.\r\ne) In 2nd attempt, if the athlete holds less than 75% then penalty will be levied. The marks will be freeze and zero will be displayed for that particular asana',2,1,1,1,NULL,5 ), 
(6,_binary '','2022-05-26 11:22:44.706000',_binary '','2022-05-26 11:22:56.825000','a) 100% holding time is compulsory for athletes.\r\nb) For holding time of 75% and more, the marks will be given as per Annexure I.\r\nc) For holding time less than 75 %, then deduction of 1 mark will be done and athletes has to perform again i.e 2nd attempt.\r\nd) In case of 2nd attempt, for holding time of 75% and more will be given marks as per Annexure II.\r\ne) In 2nd attempt, if the athlete holds less than 75% then penalty will be levied. The marks will be freeze and zero will be displayed for that particular asana',2,1,6,1,1,5 ), 
(7,_binary '','2022-05-26 16:51:57.206000',_binary '','2022-05-26 16:53:16.454000','In sequence?',2,1,1,1,1,6 ), 
(8,_binary '','2022-05-26 16:52:44.640000',_binary '','2022-05-26 16:52:58.928000','In sequence?',2,1,6,1,1,6 ), 
(9,_binary '\0','2022-05-26 12:23:44.702000',_binary '','2022-05-26 12:24:03.083000','Perfection of Posture\r\nAccuracy of Posture - 4 Marks\r\na) Stretch, Bend, Curve, Twist\r\nb) Palm, Toes, Fingers perfection\r\nc) Alignment, symmetry, Tiltness\r\nd) Face Direction\r\n\r\nTime consumed and process followed to reach the final position and reaching back to normal position.\r\nSmooth Movements- 3 Marks\r\na) Smooth movements\r\nb) No Jerks\r\nc) No excess Stretching \r\nd) No supported movements\r\n\r\nStability/ Tremblinglessness - 2 Marks\r\na) Hand/ leg muscles stability\r\nb) Abdominal muscles stability\r\nc) Face stability\r\nd) Normal Breathing\r\n\r\nStresslessnes, Grace & Presentation -1 Marks\r\na) Expression (Smile, Eye Position, Closed Mouth)\r\nb) Decent Makeup/ Costume\r\nc) Walking/ Standing/ Greeting\r\nd) Confidence, Calmness\r\n',10,1,2,1,1,3 ), 
(10,_binary '\0','2022-05-26 12:26:14.359000',_binary '','2022-05-26 12:26:31.996000','Perfection of Posture\r\nAccuracy of Posture - 4 Marks\r\na) Stretch, Bend, Curve, Twist\r\nb) Palm, Toes, Fingers perfection\r\nc) Alignment, symmetry, Tiltness\r\nd) Face Direction\r\n\r\nTime consumed and process followed to reach the final position and reaching back to normal position.\r\nSmooth Movements- 3 Marks\r\na) Smooth movements\r\nb) No Jerks\r\nc) No excess Stretching \r\nd) No supported movements\r\n\r\nStability/ Tremblinglessness - 2 Marks\r\na) Hand/ leg muscles stability\r\nb) Abdominal muscles stability\r\nc) Face stability\r\nd) Normal Breathing\r\n\r\nStresslessnes, Grace & Presentation -1 Marks\r\na) Expression (Smile, Eye Position, Closed Mouth)\r\nb) Decent Makeup/ Costume\r\nc) Walking/ Standing/ Greeting\r\nd) Confidence, Calmness\r\n',10,1,7,1,1,3 ), 
(11,_binary '\0','2022-05-26 11:34:37.379000',_binary '\0','2022-05-26 11:34:50.240000',' Costume',5,1,2,1,1,4 ), 
(12,_binary '\0','2022-05-26 11:36:27.936000',_binary '\0','2022-05-26 11:36:43.100000','Theme, Character & Expression\r\n',10,1,2,1,1,4 ), 
(13,_binary '\0','2022-05-26 11:37:31.902000',_binary '\0','2022-05-26 11:37:41.219000','Rhythm & Music',10,1,2,1,1,4 ), 
(14,_binary '\0','2022-05-26 11:38:14.478000',_binary '\0','2022-05-26 11:38:25.474000','Use of Floor',5,1,2,1,1,4 ), 
(15,_binary '\0','2022-05-26 11:39:04.004000',_binary '\0','2022-05-26 11:39:21.052000','Artistic Steps',10,1,2,1,1,4 ), 
(16,_binary '\0','2022-05-26 11:41:42.228000',_binary '\0','2022-05-26 11:42:00.875000','Costume',5,1,7,1,1,4 ), 
(17,_binary '\0','2022-05-26 11:42:47.155000',_binary '\0','2022-05-26 11:42:59.867000','Theme, Character & Expression\r\n',10,1,7,1,1,4 ), 
(18,_binary '\0','2022-05-26 11:43:37.240000',_binary '\0','2022-05-26 11:43:50.418000','Rhythm & Music',10,1,7,1,1,4 ), 
(19,_binary '\0','2022-05-26 11:44:29.938000',_binary '\0','2022-05-26 11:44:42.447000','Use of Floor',5,1,7,1,1,4 ), 
(20,_binary '\0','2022-05-26 11:45:26.803000',_binary '\0','2022-05-26 11:45:39.083000','Artistic Steps',10,1,7,1,1,4 ), 
(21,_binary '\0','2022-05-26 12:32:32.200000',_binary '\0','2022-05-26 12:32:46.093000','Whole Performance Time (TW)',5,1,2,1,1,5 ), 
(22,_binary '','2022-05-26 12:33:20.449000',_binary '','2022-05-26 12:33:38.005000','Asana Time (TA)\r\n',5,1,2,1,1,5 ), 
(23,_binary '\0','2022-05-26 12:34:13.428000',_binary '\0','2022-05-26 12:34:29.272000','Whole Performance Time (TW)',5,1,7,1,1,5 ), 
(24,_binary '','2022-05-26 12:35:11.649000',_binary '','2022-05-26 12:35:33.935000','Asana Time (TA)',5,1,7,1,1,5 ), 
(25,_binary '','2022-05-26 12:48:58.006000',_binary '','2022-05-26 12:49:11.182000','In sequence?',2,1,2,1,1,6 ), 
(26,_binary '','2022-05-26 12:50:42.474000',_binary '','2022-05-26 12:57:55.931000','In sequence?',2,1,7,1,1,6 ), 
(27,_binary '\0','2022-05-30 16:03:05.342000',_binary '\0',NULL,'Penalty for not covering all categories ',0,1,2,1,NULL,6 ), 
(28,_binary '\0','2022-05-30 16:03:26.811000',_binary '\0',NULL,'Penalty for not covering all categories ',0,1,7,1,NULL,6 ), 
(29,_binary '\0','2022-05-26 13:00:49.147000',_binary '','2022-05-26 13:01:05.404000','Perfection of Posture\r\nAccuracy of Posture - 4 Marks\r\na) Stretch, Bend, Curve, Twist\r\nb) Palm, Toes, Fingers perfection\r\nc) Alignment, symmetry, Tiltness\r\nd) Face Direction\r\n\r\nTime consumed and process followed to reach the final position and reaching back to normal position.\r\nSmooth Movements- 3 Marks\r\na) Smooth movements\r\nb) No Jerks\r\nc) No excess Stretching \r\nd) No supported movements\r\n\r\nStability/ Tremblinglessness - 2 Marks\r\na) Hand/ leg muscles stability\r\nb) Abdominal muscles stability\r\nc) Face stability\r\nd) Normal Breathing\r\n\r\nStresslessnes, Grace & Presentation -1 Marks\r\na) Expression (Smile, Eye Position, Closed Mouth)\r\nb) Decent Makeup/ Costume\r\nc) Walking/ Standing/ Greeting\r\nd) Confidence, Calmness\r\n',10,1,3,1,1,3 ), 
(30,_binary '\0','2022-05-26 13:02:01.060000',_binary '','2022-05-26 13:02:14.974000','Perfection of Posture\r\nAccuracy of Posture - 4 Marks\r\na) Stretch, Bend, Curve, Twist\r\nb) Palm, Toes, Fingers perfection\r\nc) Alignment, symmetry, Tiltness\r\nd) Face Direction\r\n\r\nTime consumed and process followed to reach the final position and reaching back to normal position.\r\nSmooth Movements- 3 Marks\r\na) Smooth movements\r\nb) No Jerks\r\nc) No excess Stretching \r\nd) No supported movements\r\n\r\nStability/ Tremblinglessness - 2 Marks\r\na) Hand/ leg muscles stability\r\nb) Abdominal muscles stability\r\nc) Face stability\r\nd) Normal Breathing\r\n\r\nStresslessnes, Grace & Presentation -1 Marks\r\na) Expression (Smile, Eye Position, Closed Mouth)\r\nb) Decent Makeup/ Costume\r\nc) Walking/ Standing/ Greeting\r\nd) Confidence, Calmness\r\n',10,1,8,1,1,3 ), 
(31,_binary '','2022-05-26 13:03:46.538000',_binary '','2022-05-26 13:04:01.302000','Pyramidal/ Structural/ Set formation',10,1,3,1,1,3 ), 
(32,_binary '','2022-05-26 13:04:44.390000',_binary '','2022-05-26 13:05:01.576000','Pyramidal/ Structural/ Set formation',10,1,8,1,1,3 ), 
(33,_binary '\0','2022-05-26 13:16:34.601000',_binary '\0','2022-05-26 13:19:29.988000','Costume',5,1,3,1,1,4 ), 
(34,_binary '\0','2022-05-26 13:17:08.870000',_binary '\0','2022-05-26 13:19:54.304000','Theme, Character & Expression\r\n',10,1,3,1,1,4 ), 
(35,_binary '\0','2022-05-26 13:17:37.511000',_binary '\0','2022-05-26 13:19:16.246000','Rhythm & Music',10,1,3,1,1,4 ), 
(36,_binary '\0','2022-05-26 13:18:09.609000',_binary '\0','2022-05-26 13:19:02.269000','Use of Floor',5,1,3,1,1,4 ), 
(37,_binary '\0','2022-05-26 13:18:38.611000',_binary '\0','2022-05-26 13:18:50.038000','Artistic Steps',10,1,3,1,1,4 ), 
(38,_binary '\0','2022-05-26 13:20:51.627000',_binary '\0','2022-05-26 13:23:46.986000','Costume',5,1,8,1,1,4 ), 
(39,_binary '\0','2022-05-26 13:21:36.401000',_binary '\0','2022-05-26 13:24:00.585000','Theme, Character & Expression\r\n',10,1,8,1,1,4 ), 
(40,_binary '\0','2022-05-26 13:22:11.559000',_binary '\0','2022-05-26 13:24:12.569000','Rhythm & Music ',10,1,8,1,1,4 ), 
(41,_binary '\0','2022-05-26 13:22:43.641000',_binary '\0','2022-05-26 13:24:26.587000','Use of Floor',5,1,8,1,1,4 ), 
(42,_binary '\0','2022-05-26 13:23:21.173000',_binary '\0','2022-05-26 13:24:41.791000','Artistic Steps',10,1,8,1,1,4 ), 
(43,_binary '\0','2022-05-26 13:26:26.507000',_binary '\0','2022-05-26 13:27:53.958000','Whole Performance Time (TW)',5,1,3,1,1,5 ), 
(44,_binary '','2022-05-26 13:27:13.639000',_binary '','2022-05-26 13:28:09.579000','Asana Time (TA)\r\n',5,1,3,1,1,5 ), 
(45,_binary '\0','2022-05-26 13:28:55.855000',_binary '\0','2022-05-26 13:29:45.595000','Whole Performance Time (TW) ',5,1,8,1,1,5 ), 
(46,_binary '','2022-05-26 13:29:27.466000',_binary '','2022-05-26 13:29:59.777000','Asana Time (TA)',5,1,8,1,1,5 ), 
(47,_binary '','2022-05-26 13:32:59.344000',_binary '','2022-05-26 13:34:11.135000','In sequence?',2,1,3,1,1,6 ), 
(48,_binary '','2022-05-26 13:33:46.681000',_binary '','2022-05-26 13:34:27.552000','In sequence?',2,1,8,1,1,6 ), 
(49,_binary '\0','2022-05-30 16:03:43.959000',_binary '\0',NULL,'Penalty for not covering all categories ',0,1,3,1,NULL,6 ), 
(50,_binary '\0','2022-05-30 16:04:04.932000',_binary '\0',NULL,'Penalty for not covering all categories ',0,1,8,1,NULL,6 ), 
(51,_binary '\0','2022-05-26 13:36:52.073000',_binary '','2022-05-26 13:37:43.010000','Perfection of Posture\r\nAccuracy of Posture - 4 Marks\r\na) Stretch, Bend, Curve, Twist\r\nb) Palm, Toes, Fingers perfection\r\nc) Alignment, symmetry, Tiltness\r\nd) Face Direction\r\n\r\nTime consumed and process followed to reach the final position and reaching back to normal position.\r\nSmooth Movements- 3 Marks\r\na) Smooth movements\r\nb) No Jerks\r\nc) No excess Stretching \r\nd) No supported movements\r\n\r\nStability/ Tremblinglessness - 2 Marks\r\na) Hand/ leg muscles stability\r\nb) Abdominal muscles stability\r\nc) Face stability\r\nd) Normal Breathing\r\n\r\nStresslessnes, Grace & Presentation -1 Marks\r\na) Expression (Smile, Eye Position, Closed Mouth)\r\nb) Decent Makeup/ Costume\r\nc) Walking/ Standing/ Greeting\r\nd) Confidence, Calmness\r\n',10,1,4,1,1,3 ), 
(52,_binary '\0','2022-05-26 13:37:26.169000',_binary '','2022-05-26 13:37:55.945000','Perfection of Posture\r\nAccuracy of Posture - 4 Marks\r\na) Stretch, Bend, Curve, Twist\r\nb) Palm, Toes, Fingers perfection\r\nc) Alignment, symmetry, Tiltness\r\nd) Face Direction\r\n\r\nTime consumed and process followed to reach the final position and reaching back to normal position.\r\nSmooth Movements- 3 Marks\r\na) Smooth movements\r\nb) No Jerks\r\nc) No excess Stretching \r\nd) No supported movements\r\n\r\nStability/ Tremblinglessness - 2 Marks\r\na) Hand/ leg muscles stability\r\nb) Abdominal muscles stability\r\nc) Face stability\r\nd) Normal Breathing\r\n\r\nStresslessnes, Grace & Presentation -1 Marks\r\na) Expression (Smile, Eye Position, Closed Mouth)\r\nb) Decent Makeup/ Costume\r\nc) Walking/ Standing/ Greeting\r\nd) Confidence, Calmness\r\n',10,1,9,1,1,3 ), 
(53,_binary '\0','2022-05-26 13:44:04.138000',_binary '\0','2022-05-26 13:47:18.062000','Costume',2,1,4,1,1,4 ), 
(54,_binary '\0','2022-05-26 13:44:37.456000',_binary '\0','2022-05-26 13:47:28.767000','Theme, Character & Expression',5,1,4,1,1,4 ), 
(55,_binary '\0','2022-05-26 13:45:11.332000',_binary '\0','2022-05-26 13:47:40.667000','Rhythm & Music ',10,1,4,1,1,4 ), 
(56,_binary '\0','2022-05-26 13:45:56.098000',_binary '\0','2022-05-26 13:47:51.719000','Synchronization ',8,1,4,1,1,4 ), 
(57,_binary '\0','2022-05-26 13:46:28.828000',_binary '\0','2022-05-26 13:48:05.488000','Use of Floor',5,1,4,1,1,4 ), 
(58,_binary '\0','2022-05-26 13:46:57.490000',_binary '\0','2022-05-26 13:48:16.674000','Artistic Floor',10,1,4,1,1,4 ), 
(59,_binary '\0','2022-05-26 13:48:57.769000',_binary '\0','2022-05-26 13:51:57.044000','Costume',2,1,9,1,1,4 ), 
(60,_binary '\0','2022-05-26 13:49:31.418000',_binary '\0','2022-05-26 13:53:45.472000','Theme, Character & Expression',5,1,9,1,1,4 ), 
(61,_binary '\0','2022-05-26 13:50:00.274000',_binary '\0','2022-05-26 13:53:56.171000','Rhythm & Music',10,1,9,1,1,4 ), 
(62,_binary '\0','2022-05-26 13:50:37.358000',_binary '\0','2022-05-26 13:54:05.394000','Synchronization',8,1,9,1,1,4 ), 
(63,_binary '\0','2022-05-26 13:51:09.345000',_binary '\0','2022-05-26 13:54:16.757000','Use of Floor',5,1,9,1,1,4 ), 
(64,_binary '\0','2022-05-26 13:51:41.085000',_binary '\0','2022-05-26 13:54:30.856000','Artistic Floor',10,1,9,1,1,4 ), 
(65,_binary '\0','2022-05-26 13:55:26.276000',_binary '\0','2022-05-26 13:57:26.732000','Whole Performance Time (TW)',5,1,4,1,1,5 ), 
(66,_binary '','2022-05-26 13:56:03.299000',_binary '','2022-05-26 13:57:50.211000','Asana Time (TA)\r\n',5,1,4,1,1,5 ), 
(67,_binary '\0','2022-05-26 13:56:43.398000',_binary '\0','2022-05-26 13:58:01.148000','Whole Performance Time (TW)',5,1,9,1,1,5 ), 
(68,_binary '','2022-05-26 13:57:12.652000',_binary '','2022-05-26 13:58:13.429000','Asana Time (TA)\r\n',5,1,9,1,1,5 ), 
(69,_binary '','2022-05-26 13:59:21.652000',_binary '','2022-05-26 14:00:01.528000','In sequence?',2,1,4,1,1,6 ), 
(70,_binary '','2022-05-26 13:59:43.010000',_binary '','2022-05-26 14:00:13.708000','In sequence?',2,1,9,1,1,6 ), 
(71,_binary '\0','2022-05-30 16:04:21.121000',_binary '\0',NULL,'Penalty for not covering all categories ',0,1,4,1,NULL,6 ), 
(72,_binary '\0','2022-05-30 16:04:36.461000',_binary '\0',NULL,'Penalty for not covering all categories ',0,1,9,1,NULL,6 ), 
(73,_binary '','2022-05-26 14:02:25.069000',_binary '','2022-05-26 14:03:38.514000','Perfection of Posture\r\nAccuracy of Posture - 4 Marks\r\na) Stretch, Bend, Curve, Twist\r\nb) Palm, Toes, Fingers perfection\r\nc) Alignment, symmetry, Tiltness\r\nd) Face Direction\r\n\r\nTime consumed and process followed to reach the final position and reaching back to normal position.\r\nSmooth Movements- 3 Marks\r\na) Smooth movements\r\nb) No Jerks\r\nc) No excess Stretching \r\nd) No supported movements\r\n\r\nStability/ Tremblinglessness - 2 Marks\r\na) Hand/ leg muscles stability\r\nb) Abdominal muscles stability\r\nc) Face stability\r\nd) Normal Breathing\r\n\r\nStresslessnes, Grace & Presentation -1 Marks\r\na) Expression (Smile, Eye Position, Closed Mouth)\r\nb) Decent Makeup/ Costume\r\nc) Walking/ Standing/ Greeting\r\nd) Confidence, Calmness\r\n',10,1,5,1,1,3 ), 
(74,_binary '','2022-05-26 14:03:15.751000',_binary '','2022-05-26 14:03:58.377000','Perfection of Posture\r\nAccuracy of Posture - 4 Marks\r\na) Stretch, Bend, Curve, Twist\r\nb) Palm, Toes, Fingers perfection\r\nc) Alignment, symmetry, Tiltness\r\nd) Face Direction\r\n\r\nTime consumed and process followed to reach the final position and reaching back to normal position.\r\nSmooth Movements- 3 Marks\r\na) Smooth movements\r\nb) No Jerks\r\nc) No excess Stretching \r\nd) No supported movements\r\n\r\nStability/ Tremblinglessness - 2 Marks\r\na) Hand/ leg muscles stability\r\nb) Abdominal muscles stability\r\nc) Face stability\r\nd) Normal Breathing\r\n\r\nStresslessnes, Grace & Presentation -1 Marks\r\na) Expression (Smile, Eye Position, Closed Mouth)\r\nb) Decent Makeup/ Costume\r\nc) Walking/ Standing/ Greeting\r\nd) Confidence, Calmness\r\n',10,1,10,1,1,3 ), 
(75,_binary '','2022-05-26 14:09:28.570000',_binary '','2022-05-26 14:10:35.254000','Pyramidal Formation (PF)',10,1,5,1,1,3 ), 
(76,_binary '','2022-05-26 14:10:10.784000',_binary '','2022-05-26 14:10:51.730000','Pyramidal Formation (PF)',10,1,10,1,1,3 ), 
(77,_binary '\0','2022-05-26 14:12:13.687000',_binary '\0','2022-05-26 14:14:58.849000','Costume',5,1,5,1,1,4 ), 
(78,_binary '\0','2022-05-26 14:12:53.609000',_binary '\0','2022-05-26 14:15:14.976000','Theme, Character & Expression',10,1,5,1,1,4 ), 
(79,_binary '\0','2022-05-26 14:13:25.147000',_binary '\0','2022-05-26 14:15:33.307000','Rhythm & Music ',10,1,5,1,1,4 ), 
(80,_binary '\0','2022-05-26 14:14:04.476000',_binary '\0','2022-05-26 14:15:45.389000','Use of Floor',5,1,5,1,1,4 ), 
(81,_binary '\0','2022-05-26 14:14:41.925000',_binary '\0','2022-05-26 14:16:00.898000','Artistic Floor',10,1,5,1,1,4 ), 
(82,_binary '\0','2022-05-26 14:17:06.769000',_binary '\0','2022-05-26 14:19:45.267000','Costume',5,1,10,1,1,4 ), 
(83,_binary '\0','2022-05-26 14:17:45.126000',_binary '\0','2022-05-26 14:19:55.476000','Theme, Character & Expression',10,1,10,1,1,4 ), 
(84,_binary '\0','2022-05-26 14:18:13.272000',_binary '\0','2022-05-26 14:20:05.085000','Rhythm & Music',10,1,10,1,1,4 ), 
(85,_binary '\0','2022-05-26 14:18:48.025000',_binary '\0','2022-05-26 14:20:14.905000','Use of Floor',5,1,10,1,1,4 ), 
(86,_binary '\0','2022-05-26 14:19:19.541000',_binary '\0','2022-05-26 14:20:26.098000','Artistic Floor',10,1,10,1,1,4 ), 
(87,_binary '\0','2022-05-26 14:22:00.118000',_binary '\0','2022-05-26 14:23:18.696000','Whole Performance Time (TW)',5,1,5,1,1,5 ), 
(88,_binary '','2022-05-26 14:23:00.741000',_binary '','2022-05-26 14:23:46.862000','Asana Time (TA)',5,1,5,1,1,5 ), 
(89,_binary '\0','2022-05-26 14:24:14.135000',_binary '\0','2022-05-26 14:25:04.362000','Whole Performance Time (TW)',5,1,10,1,1,5 ), 
(90,_binary '','2022-05-26 14:24:54.089000',_binary '','2022-05-26 14:25:15.292000','Asana Time (TA)\r\n',5,1,10,1,1,5 ), 
(91,_binary '','2022-05-26 14:26:56.086000',_binary '','2022-05-26 14:27:36.454000','In sequence?',2,1,5,1,1,6 ), 
(92,_binary '','2022-05-26 14:27:21.550000',_binary '','2022-05-26 14:27:55.565000','In sequence?',2,1,10,1,1,6 ), 
(93,_binary '\0','2022-05-30 16:04:54.138000',_binary '\0',NULL,'Penalty for not covering all categories ',0,1,5,1,NULL,6 ), 
(94,_binary '\0','2022-05-30 16:05:09.035000',_binary '\0',NULL,'Penalty for not covering all categories ',0,1,10,1,NULL,6);

/* assign compulsary asana's to teams */
INSERT INTO `participantteam_asanas` (`id`,`asana_code`,`base_value`,`compulsory`,`round_number`,`sequence_number`,`asana_id`,`participantteam_id`,`participant_team_participants_id`) VALUES

(1,'C ',1,_binary '',1,1,256,1,1),
(2,'C ',1,_binary '',1,2,98,1,1),
(3,'C ',1,_binary '',1,3,141,1,1),
(4,'C ',1,_binary '',1,4,232,1,1),
(5,'C ',1,_binary '',2,1,78,1,1),
(6,'C ',1,_binary '',2,2,263,1,1),

(7,'C ',1,_binary '',1,1,256,2,2),
(8,'C ',1,_binary '',1,2,98,2,2),
(9,'C ',1,_binary '',1,3,141,2,2),
(10,'C ',1,_binary '',1,4,232,2,2),
(11,'C ',1,_binary '',2,1,78,2,2),
(12,'C ',1,_binary '',2,2,263,2,2),

(13,'C ',1,_binary '',1,1,256,3,3),
(14,'C ',1,_binary '',1,2,98,3,3),
(15,'C ',1,_binary '',1,3,141,3,3),
(16,'C ',1,_binary '',1,4,232,3,3),
(17,'C ',1,_binary '',2,1,78,3,3),
(18,'C ',1,_binary '',2,2,263,3,3),

(19,'C ',1,_binary '',1,1,256,4,4),
(20,'C ',1,_binary '',1,2,98,4,4),
(21,'C ',1,_binary '',1,3,141,4,4),
(22,'C ',1,_binary '',1,4,232,4,4),
(23,'C ',1,_binary '',2,1,78,4,4),
(24,'C ',1,_binary '',2,2,263,4,4),

(25,'C ',1,_binary '',1,1,256,5,5),
(26,'C ',1,_binary '',1,2,98,5,5),
(27,'C ',1,_binary '',1,3,141,5,5),
(28,'C ',1,_binary '',1,4,232,5,5),
(29,'C ',1,_binary '',2,1,78,5,5),
(30,'C ',1,_binary '',2,2,263,5,5),

(31,'C ',1,_binary '',1,1,256,6,6),
(32,'C ',1,_binary '',1,2,98,6,6),
(33,'C ',1,_binary '',1,3,141,6,6),
(34,'C ',1,_binary '',1,4,232,6,6),
(35,'C ',1,_binary '',2,1,78,6,6),
(36,'C ',1,_binary '',2,2,263,6,6),

(37,'C ',1,_binary '',1,1,256,7,7),
(38,'C ',1,_binary '',1,2,98,7,7),
(39,'C ',1,_binary '',1,3,141,7,7),
(40,'C ',1,_binary '',1,4,232,7,7),
(41,'C ',1,_binary '',2,1,78,7,7),
(42,'C ',1,_binary '',2,2,263,7,7),

(43,'C ',1,_binary '',1,1,256,8,8),
(44,'C ',1,_binary '',1,2,98,8,8),
(45,'C ',1,_binary '',1,3,141,8,8),
(46,'C ',1,_binary '',1,4,232,8,8),
(47,'C ',1,_binary '',2,1,78,8,8),
(48,'C ',1,_binary '',2,2,263,8,8),

(49,'C ',1,_binary '',1,1,256,9,9),
(50,'C ',1,_binary '',1,2,98,9,9),
(51,'C ',1,_binary '',1,3,141,9,9),
(52,'C ',1,_binary '',1,4,232,9,9),
(53,'C ',1,_binary '',2,1,78,9,9),
(54,'C ',1,_binary '',2,2,263,9,9),

(55,'C ',1,_binary '',1,1,256,10,10),
(56,'C ',1,_binary '',1,2,98,10,10),
(57,'C ',1,_binary '',1,3,141,10,10),
(58,'C ',1,_binary '',1,4,232,10,10),
(59,'C ',1,_binary '',2,1,78,10,10),
(60,'C ',1,_binary '',2,2,263,10,10),

(61,'C ',1,_binary '',1,1,256,11,11),
(62,'C ',1,_binary '',1,2,98,11,11),
(63,'C ',1,_binary '',1,3,141,11,11),
(64,'C ',1,_binary '',1,4,232,11,11),
(65,'C ',1,_binary '',2,1,78,11,11),
(66,'C ',1,_binary '',2,2,263,11,11),

(67,'C ',1,_binary '',1,1,256,12,12),
(68,'C ',1,_binary '',1,2,98,12,12),
(69,'C ',1,_binary '',1,3,141,12,12),
(70,'C ',1,_binary '',1,4,232,12,12),
(71,'C ',1,_binary '',2,1,78,12,12),
(72,'C ',1,_binary '',2,2,263,12,12),

(73,'C ',1,_binary '',1,1,256,13,13),
(74,'C ',1,_binary '',1,2,98,13,13),
(75,'C ',1,_binary '',1,3,141,13,13),
(76,'C ',1,_binary '',1,4,232,13,13),
(77,'C ',1,_binary '',2,1,78,13,13),
(78,'C ',1,_binary '',2,2,263,13,13),

(79,'C ',1,_binary '',1,1,256,14,14),
(80,'C ',1,_binary '',1,2,98,14,14),
(81,'C ',1,_binary '',1,3,141,14,14),
(82,'C ',1,_binary '',1,4,232,14,14),
(83,'C ',1,_binary '',2,1,78,14,14),
(84,'C ',1,_binary '',2,2,263,14,14),

(85,'C ',1,_binary '',1,1,256,15,15),
(86,'C ',1,_binary '',1,2,98,15,15),
(87,'C ',1,_binary '',1,3,141,15,15),
(88,'C ',1,_binary '',1,4,232,15,15),
(89,'C ',1,_binary '',2,1,78,15,15),
(90,'C ',1,_binary '',2,2,263,15,15),

(91,'C ',1,_binary '',1,1,256,16,16),
(92,'C ',1,_binary '',1,2,98,16,16),
(93,'C ',1,_binary '',1,3,141,16,16),
(94,'C ',1,_binary '',1,4,232,16,16),
(95,'C ',1,_binary '',2,1,78,16,16),
(96,'C ',1,_binary '',2,2,263,16,16),

(97,'C ',1,_binary '',1,1,259,74,137),
(98,'C ',1,_binary '',1,2,257,74,137),
(99,'C ',1,_binary '',1,3,266,74,137),
(100,'C ',1,_binary '',1,4,267,74,137),
(101,'C ',1,_binary '',2,1,98,74,137),
(102,'C ',1,_binary '',2,2,281,74,137),

(103,'C ',1,_binary '',1,1,259,75,138),
(104,'C ',1,_binary '',1,2,257,75,138),
(105,'C ',1,_binary '',1,3,266,75,138),
(106,'C ',1,_binary '',1,4,267,75,138),
(107,'C ',1,_binary '',2,1,98,75,138),
(108,'C ',1,_binary '',2,2,281,75,138),

(109,'C ',1,_binary '',1,1,259,76,139),
(110,'C ',1,_binary '',1,2,257,76,139),
(111,'C ',1,_binary '',1,3,266,76,139),
(112,'C ',1,_binary '',1,4,267,76,139),
(113,'C ',1,_binary '',2,1,98,76,139),
(114,'C ',1,_binary '',2,2,281,76,139),

(115,'C ',1,_binary '',1,1,259,77,140),
(116,'C ',1,_binary '',1,2,257,77,140),
(117,'C ',1,_binary '',1,3,266,77,140),
(118,'C ',1,_binary '',1,4,267,77,140),
(119,'C ',1,_binary '',2,1,98,77,140),
(120,'C ',1,_binary '',2,2,281,77,140),

(121,'C ',1,_binary '',1,1,259,78,141),
(122,'C ',1,_binary '',1,2,257,78,141),
(123,'C ',1,_binary '',1,3,266,78,141),
(124,'C ',1,_binary '',1,4,267,78,141),
(125,'C ',1,_binary '',2,1,98,78,141),
(126,'C ',1,_binary '',2,2,281,78,141),

(127,'C ',1,_binary '',1,1,259,79,142),
(128,'C ',1,_binary '',1,2,257,79,142),
(129,'C ',1,_binary '',1,3,266,79,142),
(130,'C ',1,_binary '',1,4,267,79,142),
(131,'C ',1,_binary '',2,1,98,79,142),
(132,'C ',1,_binary '',2,2,281,79,142),

(133,'C ',1,_binary '',1,1,259,80,143),
(134,'C ',1,_binary '',1,2,257,80,143),
(135,'C ',1,_binary '',1,3,266,80,143),
(136,'C ',1,_binary '',1,4,267,80,143),
(137,'C ',1,_binary '',2,1,98,80,143),
(138,'C ',1,_binary '',2,2,281,80,143),

(139,'C ',1,_binary '',1,1,259,81,144),
(140,'C ',1,_binary '',1,2,257,81,144),
(141,'C ',1,_binary '',1,3,266,81,144),
(142,'C ',1,_binary '',1,4,267,81,144),
(143,'C ',1,_binary '',2,1,98,81,144),
(144,'C ',1,_binary '',2,2,281,81,144),

(145,'C ',1,_binary '',1,1,259,82,145),
(146,'C ',1,_binary '',1,2,257,82,145),
(147,'C ',1,_binary '',1,3,266,82,145),
(148,'C ',1,_binary '',1,4,267,82,145),
(149,'C ',1,_binary '',2,1,98,82,145),
(150,'C ',1,_binary '',2,2,281,82,145),

(151,'C ',1,_binary '',1,1,259,83,146),
(152,'C ',1,_binary '',1,2,257,83,146),
(153,'C ',1,_binary '',1,3,266,83,146),
(154,'C ',1,_binary '',1,4,267,83,146),
(155,'C ',1,_binary '',2,1,98,83,146),
(156,'C ',1,_binary '',2,2,281,83,146),

(157,'C ',1,_binary '',1,1,259,84,147),
(158,'C ',1,_binary '',1,2,257,84,147),
(159,'C ',1,_binary '',1,3,266,84,147),
(160,'C ',1,_binary '',1,4,267,84,147),
(161,'C ',1,_binary '',2,1,98,84,147),
(162,'C ',1,_binary '',2,2,281,84,147),

(163,'C ',1,_binary '',1,1,259,85,148),
(164,'C ',1,_binary '',1,2,257,85,148),
(165,'C ',1,_binary '',1,3,266,85,148),
(166,'C ',1,_binary '',1,4,267,85,148),
(167,'C ',1,_binary '',2,1,98,85,148),
(168,'C ',1,_binary '',2,2,281,85,148),

(169,'C ',1,_binary '',1,1,259,86,149),
(170,'C ',1,_binary '',1,2,257,86,149),
(171,'C ',1,_binary '',1,3,266,86,149),
(172,'C ',1,_binary '',1,4,267,86,149),
(173,'C ',1,_binary '',2,1,98,86,149),
(174,'C ',1,_binary '',2,2,281,86,149),

(175,'C ',1,_binary '',1,1,259,87,150),
(176,'C ',1,_binary '',1,2,257,87,150),
(177,'C ',1,_binary '',1,3,266,87,150),
(178,'C ',1,_binary '',1,4,267,87,150),
(179,'C ',1,_binary '',2,1,98,87,150),
(180,'C ',1,_binary '',2,2,281,87,150),

(181,'C ',1,_binary '',1,1,259,88,151),
(182,'C ',1,_binary '',1,2,257,88,151),
(183,'C ',1,_binary '',1,3,266,88,151),
(184,'C ',1,_binary '',1,4,267,88,151),
(185,'C ',1,_binary '',2,1,98,88,151),
(186,'C ',1,_binary '',2,2,281,88,151),

(187,'C ',1,_binary '',1,1,259,89,152),
(188,'C ',1,_binary '',1,2,257,89,152),
(189,'C ',1,_binary '',1,3,266,89,152),
(190,'C ',1,_binary '',1,4,267,89,152),
(191,'C ',1,_binary '',2,1,98,89,152),
(192,'C ',1,_binary '',2,2,281,89,152);

/* delete Tradtional asana optional to teams */

/*INSERT INTO `participantteam_asanas` (`id`,`base_value`,`compulsory`,`round_number`,`sequence_number`,`asana_id`,`participantteam_id`,`participant_team_participants_id`) VALUES
(115,0.8,_binary '\0',1,1,3,21,64),
(116,1,_binary '\0',1,2,15,21,64),
(117,0.7,_binary '\0',1,3,237,21,64),
(118,0.8,_binary '\0',1,4,203,21,64),
(119,1,_binary '\0',1,5,210,21,64),
(120,0.7,_binary '\0',1,6,122,21,64),
(121,0.8,_binary '\0',1,7,138,21,64),
(122,0.8,_binary '\0',1,8,158,21,64),
(123,0.9,_binary '\0',1,9,19,21,64),
(124,0.6,_binary '\0',1,10,36,21,64),
(125,0.8,_binary '\0',1,1,3,22,67),
(126,1,_binary '\0',1,2,15,22,67),
(127,0.7,_binary '\0',1,3,237,22,67),
(128,0.8,_binary '\0',1,4,203,22,67),
(129,1,_binary '\0',1,5,210,22,67),
(130,0.7,_binary '\0',1,6,122,22,67),
(131,0.8,_binary '\0',1,7,138,22,67),
(132,0.8,_binary '\0',1,8,158,22,67),
(133,0.9,_binary '\0',1,9,19,22,67),
(134,0.6,_binary '\0',1,10,36,22,67),
(135,0.8,_binary '\0',1,1,3,23,68),
(136,1,_binary '\0',1,2,15,23,68),
(137,0.7,_binary '\0',1,3,237,23,68),
(138,0.8,_binary '\0',1,4,203,23,68),
(139,1,_binary '\0',1,5,210,23,68),
(140,0.7,_binary '\0',1,6,122,23,68),
(141,0.8,_binary '\0',1,7,138,23,68),
(142,0.8,_binary '\0',1,8,158,23,68),
(143,0.9,_binary '\0',1,9,19,23,68),
(144,0.6,_binary '\0',1,10,36,23,68),
(145,0.8,_binary '\0',1,1,3,24,69),
(146,1,_binary '\0',1,2,15,24,69),
(147,0.7,_binary '\0',1,3,237,24,69),
(148,0.8,_binary '\0',1,4,203,24,69),
(149,1,_binary '\0',1,5,210,24,69),
(150,0.7,_binary '\0',1,6,122,24,69),
(151,0.8,_binary '\0',1,7,138,24,69),
(152,0.8,_binary '\0',1,8,158,24,69),
(153,0.9,_binary '\0',1,9,19,24,69),
(154,0.6,_binary '\0',1,10,36,24,69),
(155,0.8,_binary '\0',1,1,3,25,70),
(156,1,_binary '\0',1,2,15,25,70),
(157,0.7,_binary '\0',1,3,237,25,70),
(158,0.8,_binary '\0',1,4,203,25,70),
(159,1,_binary '\0',1,5,210,25,70),
(160,0.7,_binary '\0',1,6,122,25,70),
(161,0.8,_binary '\0',1,7,138,25,70),
(162,0.8,_binary '\0',1,8,158,25,70),
(163,0.9,_binary '\0',1,9,19,25,70),
(164,0.6,_binary '\0',1,10,36,25,70),
(165,0.8,_binary '\0',1,1,3,26,71),
(166,1,_binary '\0',1,2,15,26,71),
(167,0.7,_binary '\0',1,3,237,26,71),
(168,0.8,_binary '\0',1,4,203,26,71),
(169,1,_binary '\0',1,5,210,26,71),
(170,0.7,_binary '\0',1,6,122,26,71),
(171,0.8,_binary '\0',1,7,138,26,71),
(172,0.8,_binary '\0',1,8,158,26,71),
(173,0.9,_binary '\0',1,9,19,26,71),
(174,0.6,_binary '\0',1,10,36,26,71),
(175,0.8,_binary '\0',1,1,3,27,72),
(176,1,_binary '\0',1,2,15,27,72),
(177,0.7,_binary '\0',1,3,237,27,72),
(178,0.8,_binary '\0',1,4,203,27,72),
(179,1,_binary '\0',1,5,210,27,72),
(180,0.7,_binary '\0',1,6,122,27,72),
(181,0.8,_binary '\0',1,7,138,27,72),
(182,0.8,_binary '\0',1,8,158,27,72),
(183,0.9,_binary '\0',1,9,19,27,72),
(184,0.6,_binary '\0',1,10,36,27,72),
(185,0.8,_binary '\0',1,1,3,28,73),
(186,1,_binary '\0',1,2,15,28,73),
(187,0.7,_binary '\0',1,3,237,28,73),
(188,0.8,_binary '\0',1,4,203,28,73),
(189,1,_binary '\0',1,5,210,28,73),
(190,0.7,_binary '\0',1,6,122,28,73),
(191,0.8,_binary '\0',1,7,138,28,73),
(192,0.8,_binary '\0',1,8,158,28,73),
(193,0.9,_binary '\0',1,9,19,28,73),
(194,0.6,_binary '\0',1,10,36,28,73),
(195,0.8,_binary '\0',1,1,3,29,74),
(196,1,_binary '\0',1,2,15,29,74),
(197,0.7,_binary '\0',1,3,237,29,74),
(198,0.8,_binary '\0',1,4,203,29,74),
(199,1,_binary '\0',1,5,210,29,74),
(200,0.7,_binary '\0',1,6,122,29,74),
(201,0.8,_binary '\0',1,7,138,29,74),
(202,0.8,_binary '\0',1,8,158,29,74),
(203,0.9,_binary '\0',1,9,19,29,74),
(204,0.6,_binary '\0',1,10,36,29,74),
(205,0.8,_binary '\0',1,1,3,30,65),
(206,1,_binary '\0',1,2,15,30,65),
(207,0.7,_binary '\0',1,3,237,30,65),
(208,0.8,_binary '\0',1,4,203,30,65),
(209,1,_binary '\0',1,5,210,30,65),
(210,0.7,_binary '\0',1,6,122,30,65),
(211,0.8,_binary '\0',1,7,138,30,65),
(212,0.8,_binary '\0',1,8,158,30,65),
(213,0.9,_binary '\0',1,9,19,30,65),
(214,0.6,_binary '\0',1,10,36,30,65),
(215,0.8,_binary '\0',1,1,3,31,66),
(216,1,_binary '\0',1,2,15,31,66),
(217,0.7,_binary '\0',1,3,237,31,66),
(218,0.8,_binary '\0',1,4,203,31,66),
(219,1,_binary '\0',1,5,210,31,66),
(220,0.7,_binary '\0',1,6,122,31,66),
(221,0.8,_binary '\0',1,7,138,31,66),
(222,0.8,_binary '\0',1,8,158,31,66),
(223,0.9,_binary '\0',1,9,19,31,66),
(224,0.6,_binary '\0',1,10,36,31,66),
(225,0.8,_binary '\0',1,1,3,32,53),
(226,1,_binary '\0',1,2,15,32,53),
(227,0.7,_binary '\0',1,3,237,32,53),
(228,0.8,_binary '\0',1,4,203,32,53),
(229,1,_binary '\0',1,5,210,32,53),
(230,0.7,_binary '\0',1,6,122,32,53),
(231,0.8,_binary '\0',1,7,138,32,53),
(232,0.8,_binary '\0',1,8,158,32,53),
(233,0.9,_binary '\0',1,9,19,32,53),
(234,0.6,_binary '\0',1,10,36,32,53),
(235,0.8,_binary '\0',1,1,3,33,56),
(236,1,_binary '\0',1,2,15,33,56),
(237,0.7,_binary '\0',1,3,237,33,56),
(238,0.8,_binary '\0',1,4,203,33,56),
(239,1,_binary '\0',1,5,210,33,56),
(240,0.7,_binary '\0',1,6,122,33,56),
(241,0.8,_binary '\0',1,7,138,33,56),
(242,0.8,_binary '\0',1,8,158,33,56),
(243,0.9,_binary '\0',1,9,19,33,56),
(244,0.6,_binary '\0',1,10,36,33,56),
(245,0.8,_binary '\0',1,1,3,34,57),
(246,1,_binary '\0',1,2,15,34,57),
(247,0.7,_binary '\0',1,3,237,34,57),
(248,0.8,_binary '\0',1,4,203,34,57),
(249,1,_binary '\0',1,5,210,34,57),
(250,0.7,_binary '\0',1,6,122,34,57),
(251,0.8,_binary '\0',1,7,138,34,57),
(252,0.8,_binary '\0',1,8,158,34,57),
(253,0.9,_binary '\0',1,9,19,34,57),
(254,0.6,_binary '\0',1,10,36,34,57),
(255,0.8,_binary '\0',1,1,3,35,58),
(256,1,_binary '\0',1,2,15,35,58),
(257,0.7,_binary '\0',1,3,237,35,58),
(258,0.8,_binary '\0',1,4,203,35,58),
(259,1,_binary '\0',1,5,210,35,58),
(260,0.7,_binary '\0',1,6,122,35,58),
(261,0.8,_binary '\0',1,7,138,35,58),
(262,0.8,_binary '\0',1,8,158,35,58),
(263,0.9,_binary '\0',1,9,19,35,58),
(264,0.6,_binary '\0',1,10,36,35,58),
(265,0.8,_binary '\0',1,1,3,36,59),
(266,1,_binary '\0',1,2,15,36,59),
(267,0.7,_binary '\0',1,3,237,36,59),
(268,0.8,_binary '\0',1,4,203,36,59),
(269,1,_binary '\0',1,5,210,36,59),
(270,0.7,_binary '\0',1,6,122,36,59),
(271,0.8,_binary '\0',1,7,138,36,59),
(272,0.8,_binary '\0',1,8,158,36,59),
(273,0.9,_binary '\0',1,9,19,36,59),
(274,0.6,_binary '\0',1,10,36,36,59),
(275,0.8,_binary '\0',1,1,3,37,60),
(276,1,_binary '\0',1,2,15,37,60),
(277,0.7,_binary '\0',1,3,237,37,60),
(278,0.8,_binary '\0',1,4,203,37,60),
(279,1,_binary '\0',1,5,210,37,60),
(280,0.7,_binary '\0',1,6,122,37,60),
(281,0.8,_binary '\0',1,7,138,37,60),
(282,0.8,_binary '\0',1,8,158,37,60),
(283,0.9,_binary '\0',1,9,19,37,60),
(284,0.6,_binary '\0',1,10,36,37,60),
(285,0.8,_binary '\0',1,1,3,38,61),
(286,1,_binary '\0',1,2,15,38,61),
(287,0.7,_binary '\0',1,3,237,38,61),
(288,0.8,_binary '\0',1,4,203,38,61),
(289,1,_binary '\0',1,5,210,38,61),
(290,0.7,_binary '\0',1,6,122,38,61),
(291,0.8,_binary '\0',1,7,138,38,61),
(292,0.8,_binary '\0',1,8,158,38,61),
(293,0.9,_binary '\0',1,9,19,38,61),
(294,0.6,_binary '\0',1,10,36,38,61),
(295,0.8,_binary '\0',1,1,3,39,62),
(296,1,_binary '\0',1,2,15,39,62),
(297,0.7,_binary '\0',1,3,237,39,62),
(298,0.8,_binary '\0',1,4,203,39,62),
(299,1,_binary '\0',1,5,210,39,62),
(300,0.7,_binary '\0',1,6,122,39,62),
(301,0.8,_binary '\0',1,7,138,39,62),
(302,0.8,_binary '\0',1,8,158,39,62),
(303,0.9,_binary '\0',1,9,19,39,62),
(304,0.6,_binary '\0',1,10,36,39,62),
(305,0.8,_binary '\0',1,1,3,40,63),
(306,1,_binary '\0',1,2,15,40,63),
(307,0.7,_binary '\0',1,3,237,40,63),
(308,0.8,_binary '\0',1,4,203,40,63),
(309,1,_binary '\0',1,5,210,40,63),
(310,0.7,_binary '\0',1,6,122,40,63),
(311,0.8,_binary '\0',1,7,138,40,63),
(312,0.8,_binary '\0',1,8,158,40,63),
(313,0.9,_binary '\0',1,9,19,40,63),
(314,0.6,_binary '\0',1,10,36,40,63),
(315,0.8,_binary '\0',1,1,3,41,54),
(316,1,_binary '\0',1,2,15,41,54),
(317,0.7,_binary '\0',1,3,237,41,54),
(318,0.8,_binary '\0',1,4,203,41,54),
(319,1,_binary '\0',1,5,210,41,54),
(320,0.7,_binary '\0',1,6,122,41,54),
(321,0.8,_binary '\0',1,7,138,41,54),
(322,0.8,_binary '\0',1,8,158,41,54),
(323,0.9,_binary '\0',1,9,19,41,54),
(324,0.6,_binary '\0',1,10,36,41,54),
(325,0.8,_binary '\0',1,1,3,42,55),
(326,1,_binary '\0',1,2,15,42,55),
(327,0.7,_binary '\0',1,3,237,42,55),
(328,0.8,_binary '\0',1,4,203,42,55),
(329,1,_binary '\0',1,5,210,42,55),
(330,0.7,_binary '\0',1,6,122,42,55),
(331,0.8,_binary '\0',1,7,138,42,55),
(332,0.8,_binary '\0',1,8,158,42,55),
(333,0.9,_binary '\0',1,9,19,42,55),
(334,0.6,_binary '\0',1,10,36,42,55),
(335,0.8,_binary '\0',1,1,3,43,43),
(336,1,_binary '\0',1,2,15,43,43),
(337,0.7,_binary '\0',1,3,237,43,43),
(338,0.8,_binary '\0',1,4,203,43,43),
(339,1,_binary '\0',1,5,210,43,43),
(340,0.7,_binary '\0',1,6,122,43,43),
(341,0.8,_binary '\0',1,7,138,43,43),
(342,0.8,_binary '\0',1,8,158,43,43),
(343,0.9,_binary '\0',1,9,19,43,43),
(344,0.6,_binary '\0',1,10,36,43,43),
(345,0.6,_binary '\0',1,1,51,43,44),
(346,0.8,_binary '\0',1,2,83,43,44),
(347,0.8,_binary '\0',1,3,103,43,44),
(348,0.6,_binary '\0',1,4,106,43,44),
(349,0.6,_binary '\0',1,5,246,43,44),
(350,0.9,_binary '\0',1,6,119,43,44),
(351,0.8,_binary '\0',1,7,143,43,44),
(352,0.7,_binary '\0',1,8,212,43,44),
(353,0.6,_binary '\0',1,9,161,43,44),
(354,0.7,_binary '\0',1,10,132,43,44),
(355,0.8,_binary '\0',1,1,3,44,45),
(356,1,_binary '\0',1,2,15,44,45),
(357,0.7,_binary '\0',1,3,237,44,45),
(358,0.8,_binary '\0',1,4,203,44,45),
(359,1,_binary '\0',1,5,210,44,45),
(360,0.7,_binary '\0',1,6,122,44,45),
(361,0.8,_binary '\0',1,7,138,44,45),
(362,0.8,_binary '\0',1,8,158,44,45),
(363,0.9,_binary '\0',1,9,19,44,45),
(364,0.6,_binary '\0',1,10,36,44,45),
(365,0.6,_binary '\0',1,1,51,44,46),
(366,0.8,_binary '\0',1,2,83,44,46),
(367,0.8,_binary '\0',1,3,103,44,46),
(368,0.6,_binary '\0',1,4,106,44,46),
(369,0.6,_binary '\0',1,5,246,44,46),
(370,0.9,_binary '\0',1,6,119,44,46),
(371,0.8,_binary '\0',1,7,143,44,46),
(372,0.7,_binary '\0',1,8,212,44,46),
(373,0.6,_binary '\0',1,9,161,44,46),
(374,0.7,_binary '\0',1,10,132,44,46),
(375,0.8,_binary '\0',1,1,3,45,47),
(376,1,_binary '\0',1,2,15,45,47),
(377,0.7,_binary '\0',1,3,237,45,47),
(378,0.8,_binary '\0',1,4,203,45,47),
(379,1,_binary '\0',1,5,210,45,47),
(380,0.7,_binary '\0',1,6,122,45,47),
(381,0.8,_binary '\0',1,7,138,45,47),
(382,0.8,_binary '\0',1,8,158,45,47),
(383,0.9,_binary '\0',1,9,19,45,47),
(384,0.6,_binary '\0',1,10,36,45,47),
(385,0.6,_binary '\0',1,1,51,45,48),
(386,0.8,_binary '\0',1,2,83,45,48),
(387,0.8,_binary '\0',1,3,103,45,48),
(388,0.6,_binary '\0',1,4,106,45,48),
(389,0.6,_binary '\0',1,5,246,45,48),
(390,0.9,_binary '\0',1,6,119,45,48),
(391,0.8,_binary '\0',1,7,143,45,48),
(392,0.7,_binary '\0',1,8,212,45,48),
(393,0.6,_binary '\0',1,9,161,45,48),
(394,0.7,_binary '\0',1,10,132,45,48),
(395,0.8,_binary '\0',1,1,3,46,49),
(396,1,_binary '\0',1,2,15,46,49),
(397,0.7,_binary '\0',1,3,237,46,49),
(398,0.8,_binary '\0',1,4,203,46,49),
(399,1,_binary '\0',1,5,210,46,49),
(400,0.7,_binary '\0',1,6,122,46,49),
(401,0.8,_binary '\0',1,7,138,46,49),
(402,0.8,_binary '\0',1,8,158,46,49),
(403,0.9,_binary '\0',1,9,19,46,49),
(404,0.6,_binary '\0',1,10,36,46,49),
(405,0.6,_binary '\0',1,1,51,46,50),
(406,0.8,_binary '\0',1,2,83,46,50),
(407,0.8,_binary '\0',1,3,103,46,50),
(408,0.6,_binary '\0',1,4,106,46,50),
(409,0.6,_binary '\0',1,5,246,46,50),
(410,0.9,_binary '\0',1,6,119,46,50),
(411,0.8,_binary '\0',1,7,143,46,50),
(412,0.7,_binary '\0',1,8,212,46,50),
(413,0.6,_binary '\0',1,9,161,46,50),
(414,0.7,_binary '\0',1,10,132,46,50),
(415,0.8,_binary '\0',1,1,3,47,51),
(416,1,_binary '\0',1,2,15,47,51),
(417,0.7,_binary '\0',1,3,237,47,51),
(418,0.8,_binary '\0',1,4,203,47,51),
(419,1,_binary '\0',1,5,210,47,51),
(420,0.7,_binary '\0',1,6,122,47,51),
(421,0.8,_binary '\0',1,7,138,47,51),
(422,0.8,_binary '\0',1,8,158,47,51),
(423,0.9,_binary '\0',1,9,19,47,51),
(424,0.6,_binary '\0',1,10,36,47,51),
(425,0.6,_binary '\0',1,1,51,47,52),
(426,0.8,_binary '\0',1,2,83,47,52),
(427,0.8,_binary '\0',1,3,103,47,52),
(428,0.6,_binary '\0',1,4,106,47,52),
(429,0.6,_binary '\0',1,5,246,47,52),
(430,0.9,_binary '\0',1,6,119,47,52),
(431,0.8,_binary '\0',1,7,143,47,52),
(432,0.7,_binary '\0',1,8,212,47,52),
(433,0.6,_binary '\0',1,9,161,47,52),
(434,0.7,_binary '\0',1,10,132,47,52),
(435,0.8,_binary '\0',1,1,3,61,87),
(436,1,_binary '\0',1,2,15,61,87),
(437,0.7,_binary '\0',1,3,237,61,87),
(438,0.8,_binary '\0',1,4,203,61,87),
(439,1,_binary '\0',1,5,210,61,87),
(440,0.7,_binary '\0',1,6,122,61,87),
(441,0.8,_binary '\0',1,7,138,61,87),
(442,0.8,_binary '\0',1,8,158,61,87),
(443,0.9,_binary '\0',1,9,19,61,87),
(444,0.6,_binary '\0',1,10,36,61,87),
(445,0.8,_binary '\0',1,1,3,61,88),
(446,1,_binary '\0',1,2,15,61,88),
(447,0.7,_binary '\0',1,3,237,61,88),
(448,0.8,_binary '\0',1,4,203,61,88),
(449,1,_binary '\0',1,5,210,61,88),
(450,0.7,_binary '\0',1,6,122,61,88),
(451,0.8,_binary '\0',1,7,138,61,88),
(452,0.8,_binary '\0',1,8,158,61,88),
(453,0.9,_binary '\0',1,9,19,61,88),
(454,0.6,_binary '\0',1,10,36,61,88),
(455,0.8,_binary '\0',1,1,3,62,89),
(456,1,_binary '\0',1,2,15,62,89),
(457,0.7,_binary '\0',1,3,237,62,89),
(458,0.8,_binary '\0',1,4,203,62,89),
(459,1,_binary '\0',1,5,210,62,89),
(460,0.7,_binary '\0',1,6,122,62,89),
(461,0.8,_binary '\0',1,7,138,62,89),
(462,0.8,_binary '\0',1,8,158,62,89),
(463,0.9,_binary '\0',1,9,19,62,89),
(464,0.6,_binary '\0',1,10,36,62,89),
(465,0.8,_binary '\0',1,1,3,62,90),
(466,1,_binary '\0',1,2,15,62,90),
(467,0.7,_binary '\0',1,3,237,62,90),
(468,0.8,_binary '\0',1,4,203,62,90),
(469,1,_binary '\0',1,5,210,62,90),
(470,0.7,_binary '\0',1,6,122,62,90),
(471,0.8,_binary '\0',1,7,138,62,90),
(472,0.8,_binary '\0',1,8,158,62,90),
(473,0.9,_binary '\0',1,9,19,62,90),
(474,0.6,_binary '\0',1,10,36,62,90),
(475,0.8,_binary '\0',1,1,3,63,91),
(476,1,_binary '\0',1,2,15,63,91),
(477,0.7,_binary '\0',1,3,237,63,91),
(478,0.8,_binary '\0',1,4,203,63,91),
(479,1,_binary '\0',1,5,210,63,91),
(480,0.7,_binary '\0',1,6,122,63,91),
(481,0.8,_binary '\0',1,7,138,63,91),
(482,0.8,_binary '\0',1,8,158,63,91),
(483,0.9,_binary '\0',1,9,19,63,91),
(484,0.6,_binary '\0',1,10,36,63,91),
(485,0.8,_binary '\0',1,1,3,63,92),
(486,1,_binary '\0',1,2,15,63,92),
(487,0.7,_binary '\0',1,3,237,63,92),
(488,0.8,_binary '\0',1,4,203,63,92),
(489,1,_binary '\0',1,5,210,63,92),
(490,0.7,_binary '\0',1,6,122,63,92),
(491,0.8,_binary '\0',1,7,138,63,92),
(492,0.8,_binary '\0',1,8,158,63,92),
(493,0.9,_binary '\0',1,9,19,63,92),
(494,0.6,_binary '\0',1,10,36,63,92),
(495,0.8,_binary '\0',1,1,3,64,93),
(496,1,_binary '\0',1,2,15,64,93),
(497,0.7,_binary '\0',1,3,237,64,93),
(498,0.8,_binary '\0',1,4,203,64,93),
(499,1,_binary '\0',1,5,210,64,93),
(500,0.7,_binary '\0',1,6,122,64,93),
(501,0.8,_binary '\0',1,7,138,64,93),
(502,0.8,_binary '\0',1,8,158,64,93),
(503,0.9,_binary '\0',1,9,19,64,93),
(504,0.6,_binary '\0',1,10,36,64,93),
(505,0.8,_binary '\0',1,1,3,64,94),
(506,1,_binary '\0',1,2,15,64,94),
(507,0.7,_binary '\0',1,3,237,64,94),
(508,0.8,_binary '\0',1,4,203,64,94),
(509,1,_binary '\0',1,5,210,64,94),
(510,0.7,_binary '\0',1,6,122,64,94),
(511,0.8,_binary '\0',1,7,138,64,94),
(512,0.8,_binary '\0',1,8,158,64,94),
(513,0.9,_binary '\0',1,9,19,64,94),
(514,0.6,_binary '\0',1,10,36,64,94),
(515,0.8,_binary '\0',1,1,3,65,95),
(516,1,_binary '\0',1,2,15,65,95),
(517,0.7,_binary '\0',1,3,237,65,95),
(518,0.8,_binary '\0',1,4,203,65,95),
(519,1,_binary '\0',1,5,210,65,95),
(520,0.7,_binary '\0',1,6,122,65,95),
(521,0.8,_binary '\0',1,7,138,65,95),
(522,0.8,_binary '\0',1,8,158,65,95),
(523,0.9,_binary '\0',1,9,19,65,95),
(524,0.6,_binary '\0',1,10,36,65,95),
(525,0.8,_binary '\0',1,1,3,65,96),
(526,1,_binary '\0',1,2,15,65,96),
(527,0.7,_binary '\0',1,3,237,65,96),
(528,0.8,_binary '\0',1,4,203,65,96),
(529,1,_binary '\0',1,5,210,65,96),
(530,0.7,_binary '\0',1,6,122,65,96),
(531,0.8,_binary '\0',1,7,138,65,96),
(532,0.8,_binary '\0',1,8,158,65,96),
(533,0.9,_binary '\0',1,9,19,65,96),
(534,0.6,_binary '\0',1,10,36,65,96),
(535,0.8,_binary '\0',1,1,3,66,97),
(536,1,_binary '\0',1,2,15,66,97),
(537,0.7,_binary '\0',1,3,237,66,97),
(538,0.8,_binary '\0',1,4,203,66,97),
(539,1,_binary '\0',1,5,210,66,97),
(540,0.7,_binary '\0',1,6,122,66,97),
(541,0.8,_binary '\0',1,7,138,66,97),
(542,0.8,_binary '\0',1,8,158,66,97),
(543,0.9,_binary '\0',1,9,19,66,97),
(544,0.6,_binary '\0',1,10,36,66,97),
(545,0.8,_binary '\0',1,1,3,66,98),
(546,1,_binary '\0',1,2,15,66,98),
(547,0.7,_binary '\0',1,3,237,66,98),
(548,0.8,_binary '\0',1,4,203,66,98),
(549,1,_binary '\0',1,5,210,66,98),
(550,0.7,_binary '\0',1,6,122,66,98),
(551,0.8,_binary '\0',1,7,138,66,98),
(552,0.8,_binary '\0',1,8,158,66,98),
(553,0.9,_binary '\0',1,9,19,66,98),
(554,0.6,_binary '\0',1,10,36,66,98),
(555,1,_binary '\0',1,1,284,81,16),
(556,1,_binary '\0',1,2,285,81,16),
(557,1,_binary '\0',1,3,286,81,16),
(558,1,_binary '\0',1,4,287,81,16),
(559,1,_binary '\0',1,5,288,81,16),
(560,1,_binary '\0',1,1,284,81,17),
(561,1,_binary '\0',1,2,285,81,17),
(562,1,_binary '\0',1,3,286,81,17),
(563,1,_binary '\0',1,4,287,81,17),
(564,1,_binary '\0',1,5,288,81,17),
(565,1,_binary '\0',1,1,284,81,18),
(566,1,_binary '\0',1,2,285,81,18),
(567,1,_binary '\0',1,3,286,81,18),
(568,1,_binary '\0',1,4,287,81,18),
(569,1,_binary '\0',1,5,288,81,18),
(570,1,_binary '\0',1,1,284,81,19),
(571,1,_binary '\0',1,2,285,81,19),
(572,1,_binary '\0',1,3,286,81,19),
(573,1,_binary '\0',1,4,287,81,19),
(574,1,_binary '\0',1,5,288,81,19),
(575,1,_binary '\0',1,1,284,81,20),
(576,1,_binary '\0',1,2,285,81,20),
(577,1,_binary '\0',1,3,286,81,20),
(578,1,_binary '\0',1,4,287,81,20),
(579,1,_binary '\0',1,5,288,81,20),
(580,1,_binary '\0',1,1,284,82,21),
(581,1,_binary '\0',1,2,285,82,21),
(582,1,_binary '\0',1,3,286,82,21),
(583,1,_binary '\0',1,4,287,82,21),
(584,1,_binary '\0',1,5,288,82,21),
(585,1,_binary '\0',1,1,284,82,22),
(586,1,_binary '\0',1,2,285,82,22),
(587,1,_binary '\0',1,3,286,82,22),
(588,1,_binary '\0',1,4,287,82,22),
(589,1,_binary '\0',1,5,288,82,22),
(590,1,_binary '\0',1,1,284,82,23),
(591,1,_binary '\0',1,2,285,82,23),
(592,1,_binary '\0',1,3,286,82,23),
(593,1,_binary '\0',1,4,287,82,23),
(594,1,_binary '\0',1,5,288,82,23),
(595,1,_binary '\0',1,1,284,82,24),
(596,1,_binary '\0',1,2,285,82,24),
(597,1,_binary '\0',1,3,286,82,24),
(598,1,_binary '\0',1,4,287,82,24),
(599,1,_binary '\0',1,5,288,82,24),
(600,1,_binary '\0',1,1,284,82,25),
(601,1,_binary '\0',1,2,285,82,25),
(602,1,_binary '\0',1,3,286,82,25),
(603,1,_binary '\0',1,4,287,82,25),
(604,1,_binary '\0',1,5,288,82,25),
(605,1,_binary '\0',1,1,284,83,26),
(606,1,_binary '\0',1,2,285,83,26),
(607,1,_binary '\0',1,3,286,83,26),
(608,1,_binary '\0',1,4,287,83,26),
(609,1,_binary '\0',1,5,288,83,26),
(610,1,_binary '\0',1,1,284,83,27),
(611,1,_binary '\0',1,2,285,83,27),
(612,1,_binary '\0',1,3,286,83,27),
(613,1,_binary '\0',1,4,287,83,27),
(614,1,_binary '\0',1,5,288,83,27),
(615,1,_binary '\0',1,1,284,83,28),
(616,1,_binary '\0',1,2,285,83,28),
(617,1,_binary '\0',1,3,286,83,28),
(618,1,_binary '\0',1,4,287,83,28),
(619,1,_binary '\0',1,5,288,83,28),
(620,1,_binary '\0',1,1,284,83,29),
(621,1,_binary '\0',1,2,285,83,29),
(622,1,_binary '\0',1,3,286,83,29),
(623,1,_binary '\0',1,4,287,83,29),
(624,1,_binary '\0',1,5,288,83,29),
(625,1,_binary '\0',1,1,284,83,30),
(626,1,_binary '\0',1,2,285,83,30),
(627,1,_binary '\0',1,3,286,83,30),
(628,1,_binary '\0',1,4,287,83,30),
(629,1,_binary '\0',1,5,288,83,30);*/

/* delete artistic single participant teams asana team assignment */


/* Judge Panels delete comment this section for live 
Section Start*/

/*INSERT INTO `championship_referee_panels`  
(id,created_time,last_modified_time,name,asana_category_id,championship_id,created_by,last_modified_by)VALUES 
(1,'2022-05-27 12:31:47.604000',NULL,'Traditional Single R1 R2 Panel',1,1,1,NULL),
(2,'2022-05-27 12:33:03.392000',NULL,'Artistic Single R1 Panel',2,1,1,NULL),
(3,'2022-05-27 12:34:18.223000',NULL,'Artistic Pair R1 Panel',3,1,1,NULL),
(4,'2022-05-27 12:35:28.536000',NULL,'Rhythmic Pair R1 Panel',4,1,1,NULL),
(5,'2022-05-27 12:36:22.147000',NULL,'Artistic Group R1 Panel',5,1,1,NULL);*/

/*INSERT INTO `referees_panels` 
(id,type,championship_referee_panels_id,user_referee_id)VALUES 
(1,'Chief Judge',1,2),
(2,'D Judge',1,3),
(3,'D Judge',1,4),
(4,'D Judge',1,5),
(5,'D Judge',1,6),
(6,'D Judge',1,7),
(7,'Time Keeper',1,10),
(8,'Evaluator',1,12),
(9,'Scorer',1,14),
(10,'Stage Manager',1,15),
(11,'Chief Judge',2,2),
(12,'D Judge',2,3),
(13,'D Judge',2,4),
(14,'D Judge',2,5),
(15,'D Judge',2,6),
(16,'Artistic Judge',2,8),
(17,'Artistic Judge',2,9),
(18,'Time Keeper',2,10),
(19,'Time Keeper',2,11),
(20,'Evaluator',2,12),
(21,'Scorer',2,14),
(22,'Stage Manager',2,15),
(23,'Chief Judge',3,2),
(24,'D Judge',3,3),
(25,'D Judge',3,4),
(26,'D Judge',3,5),
(27,'D Judge',3,6),
(28,'Artistic Judge',3,8),
(29,'Artistic Judge',3,9),
(30,'Time Keeper',3,10),
(31,'Time Keeper',3,11),
(32,'Evaluator',3,12),
(33,'Evaluator',3,13),
(34,'Scorer',3,14),
(35,'Stage Manager',3,15),
(36,'Chief Judge',4,2),
(37,'D Judge',4,3),
(38,'D Judge',4,4),
(39,'D Judge',4,5),
(40,'D Judge',4,6),
(41,'Artistic Judge',4,8),
(42,'Artistic Judge',4,9),
(43,'Time Keeper',4,10),
(44,'Time Keeper',4,11),
(45,'Evaluator',4,12),
(46,'Scorer',4,14),
(47,'Stage Manager',4,15),
(48,'Chief Judge',5,2),
(49,'D Judge',5,3),
(50,'D Judge',5,4),
(51,'D Judge',5,5),
(52,'D Judge',5,6),
(53,'Artistic Judge',5,8),
(54,'Artistic Judge',5,9),
(55,'Time Keeper',5,10),
(56,'Time Keeper',5,11),
(57,'Evaluator',5,12),
(58,'Scorer',5,14),
(59,'Stage Manager',5,15);*/


/* Judge Panels comment this section for live 
Section End*/

/* Schedule */

INSERT INTO `schedule` (`id`,`created_time`,`description`,`enabled`,`last_modified_time`,`sport_id`,`sport_name`,`championship_id`,`created_by`,`last_modified_by`) VALUES 
(1,'2022-10-03 14:24:35.741000','Yogasana',_binary '','2022-10-03 14:29:00.314000',51,'Yoga',1,1,1);

INSERT INTO `schedule_days`(`id`,`date`,`day`,`sequence_number`,`schedule_id`) VALUES 
(1,'2022-10-06 00:00:00.000000','Day 1',1,1),
(2,'2022-10-07 00:00:00.000000','Day 2',2,1),
(3,'2022-10-08 00:00:00.000000','Day 3',3,1),
(4,'2022-10-09 00:00:00.000000','Day 4',4,1),
(5,'2022-10-10 00:00:00.000000','Day 5',5,1),
(6,'2022-10-11 00:00:00.000000','Day 6',6,1);



INSERT INTO `schedule_time_slots`(`id`,`end_time`,`start_time`,`time_slot`,`schedule_id`,`schedule_days_id`) VALUES
(1,'01:00 PM','10:00 AM',1,1,1),
(2,'02:00 PM','01:00 PM',2,1,1),
(3,'05:15 PM','02:15 PM',3,1,1),
(4,'07:00 PM','05:30 PM',4,1,1),
(5,'10:30 AM','09:00 AM',1,1,2),
(6,'12:30 PM','11:00 AM',2,1,2),
(7,'02:00 PM','12:30 PM',3,1,2),
(8,'05:15 PM','02:15 PM',4,1,2),
(9,'05:45 PM','05:15 PM',5,1,2),
(10,'08:30 PM','05:45 PM',6,1,2),
(11,'10:30 AM','09:00 AM',1,1,3),
(12,'12:30 PM','11:00 AM',2,1,3),
(13,'02:00 PM','12:30 PM',3,1,3),
(14,'05:15 PM','02:15 PM',4,1,3),
(15,'05:45 PM','05:15 PM',5,1,3),
(16,'08:30 PM','05:45 PM',6,1,3),
(17,'10:30 AM','09:00 AM',1,1,4),
(18,'12:30 PM','11:00 AM',2,1,4),
(19,'02:00 PM','12:30 PM',3,1,4),
(20,'05:15 PM','02:15 PM',4,1,4),
(21,'05:45 PM','05:15 PM',5,1,4),
(22,'12:00 PM','09:00 AM',1,1,5),
(23,'01:30 PM','12:15 PM',2,1,5),
(24,'03:30 PM','02:00 PM',3,1,5),
(25,'05:30 PM','04:00 PM',4,1,5),
(26,'06:15 PM','05:45 PM',5,1,5),
(27,'12:00 PM','10:00 AM',1,1,6),
(28,'01:30 PM','12:30 PM',2,1,6),
(29,'03:45 PM','01:45 PM',3,1,6),
(30,'04:30 PM','04:00 PM',4,1,6);


INSERT INTO `schedule_fop` (`id`,`category_detail_id`,`category_name`,`description`,`event_description`,`event_id`,`fop`,`schedule_id`,`schedule_days_id`,`schedule_time_slots_id`) VALUES 
(1,8,'Under- 30 girls','Semi- Final Traditional Yogasana (Womens)','Semi  Final Round',966,'FOP1',1,1,1),
(2,NULL,'','Lunch Break','',NULL,'Common',1,1,2),
(3,7,'Under -30 Boys','Semi- Final Traditional Yogasana (Mens)','Semi  Final Round',961,'FOP1',1,1,3),
(4,8,'Under- 30 girls','Final Traditional Yogasana (Womens)',' Final Round',966,'FOP1',1,1,4),
(5,7,'Under -30 Boys','Final Traditional Yogasana (Mens)',' Final Round',961,'FOP1',1,2,5),
(6,NULL,' ','Artistic Judges Meeting & Free Practice time',' ',NULL,'FOP1',1,2,6),
(7,NULL,'','Lunch Break','',NULL,'Common',1,2,7),
(8,8,'Under- 30 girls','Semi- Final Artistic Yogasana Single (Womens)','Semi  Final Round',967,'FOP1',1,2,8),
(9,NULL,'','Medal Ceremony (Traditional Yogasana)','',NULL,'Common',1,2,9),
(10,7,'Under -30 Boys','Semi- Final Artistic Yogasana Single (Mens)','Semi  Final Round',962,'FOP1',1,2,10),
(11,8,'Under- 30 girls','Final Artistic Yogasana Single (Womens)',' Final Round',967,'FOP1',1,3,11),
(12,7,'Under -30 Boys','Final Artistic Yogasana Single (Mens)',' Final Round',962,'FOP1',1,3,12),
(13,NULL,'','Lunch Break','',NULL,'Common',1,3,13),
(14,8,'Under- 30 girls','Semi- Final Artistic Yogasana Pair (Womens)','Semi  Final Round',968,'FOP1',1,3,14),
(15,NULL,'','Medal Ceremony (Artistic Yogasana - Single)','',NULL,'Common',1,3,15),
(16,7,'Under -30 Boys','Semi- Final Artistic Yogasana Pair (Mens)','Semi  Final Round',963,'FOP1',1,3,16),
(17,8,'Under- 30 girls','Final Artistic Yogasana Pair (Womens)',' Final Round',968,'FOP1',1,4,17),
(18,7,'Under -30 Boys','Final Artistic Yogasana Pair (Mens)',' Final Round',963,'FOP1',1,4,18),
(19,NULL,'','Lunch Break','',NULL,'Common',1,4,19),
(20,8,'Under- 30 girls','Semi- Final Rhythmic Yogasana Pair (Womens)','Semi  Final Round',969,'FOP1',1,4,20),
(21,NULL,'','Medal Ceremony (Artistic Yogasana - Pair)','',NULL,'Common',1,4,21),
(22,7,'Under -30 Boys','Semi- Final Rhythmic Yogasana Pair (Mens)','Semi  Final Round',964,'FOP1',1,5,22),
(23,NULL,'','Lunch Break','',NULL,'Common',1,5,23),
(24,8,'Under- 30 girls','Final Rhythmic Yogasana Pair (Womens)',' Final Round',969,'FOP1',1,5,24),
(25,7,'Under -30 Boys','Final Rhythmic Yogasana Pair (Mens)',' Final Round',964,'FOP1',1,5,25),
(26,NULL,'','Medal Ceremony (Rhythmic Yogasana - Pair)','',NULL,'Common',1,5,26),
(27,7,'Under- 30 girls','Final Artistic Yogasana Group (Womens)',' Final Round',1041,'FOP1',1,6,27),
(28,NULL,'','Lunch Break','',NULL,'Common',1,6,28),
(29,7,'Under -30 Boys','Final Artistic Yogasana Group (Mens)',' Final Round',965,'FOP1',1,6,29),
(30,NULL,'','Medal Ceremony (Artistic Yogasana - Group)','',NULL,'Common',1,6,30);




/* To be executed at the end. PLEASE ADD THE SQL SCRIPTS OF ANY OTHER TABLE ABOVE THIS SCRIPT.*/
SET GLOBAL sql_mode=(SELECT REPLACE(@@sql_mode,'ONLY_FULL_GROUP_BY',''));